trial_id,label,label_name,hit,timed_out,outcome,fighting,final_x,dist_final,mean_dist,min_dist,frac_correct_side,n_reversals,n_reversals_wrong,n_reversals_correct,peak_excursion,n_frames,trial_duration_s,reaction_frames,reaction_s,game,subject,session
0,1,RIGHT,False,False,wrong_paddle,False,60.0,710.0,420.12068965517244,370.0,0.0,1,1,0,0.0,580,9.666666666666666,,,csp,Subject_002,Session_002
1,1,RIGHT,False,False,wrong_paddle,False,60.0,710.0,541.0,372.0,0.0,0,0,0,0.0,170,2.8333333333333335,,,csp,Subject_002,Session_002
2,0,LEFT,True,False,hit,False,60.0,0.0,169.0,0.0,1.0,0,0,0,340.0,170,2.8333333333333335,0.0,0.0,csp,Subject_002,Session_002
3,0,LEFT,True,False,hit,False,60.0,0.0,169.0,0.0,1.0,0,0,0,340.0,170,2.8333333333333335,0.0,0.0,csp,Subject_002,Session_002
4,1,RIGHT,False,False,wrong_paddle,False,60.0,710.0,541.0,372.0,0.0,0,0,0,0.0,170,2.8333333333333335,,,csp,Subject_002,Session_002
5,1,RIGHT,False,False,wrong_paddle,False,60.0,710.0,541.0,372.0,0.0,0,0,0,0.0,170,2.8333333333333335,,,csp,Subject_002,Session_002
6,1,RIGHT,False,False,wrong_paddle,False,60.0,710.0,541.0,372.0,0.0,0,0,0,0.0,170,2.8333333333333335,,,csp,Subject_002,Session_002
7,0,LEFT,True,False,hit,False,60.0,0.0,169.0,0.0,1.0,0,0,0,340.0,170,2.8333333333333335,0.0,0.0,csp,Subject_002,Session_002
8,0,LEFT,True,False,hit,False,60.0,0.0,169.0,0.0,1.0,0,0,0,340.0,170,2.8333333333333335,0.0,0.0,csp,Subject_002,Session_002
9,1,RIGHT,False,False,wrong_paddle,False,60.0,710.0,541.0,372.0,0.0,0,0,0,0.0,170,2.8333333333333335,,,csp,Subject_002,Session_002
10,0,LEFT,True,False,hit,False,60.0,0.0,169.0,0.0,1.0,0,0,0,340.0,170,2.8333333333333335,0.0,0.0,csp,Subject_002,Session_002
11,0,LEFT,True,False,hit,False,60.0,0.0,169.0,0.0,1.0,0,0,0,340.0,170,2.8333333333333335,0.0,0.0,csp,Subject_002,Session_002
12,0,LEFT,True,False,hit,False,60.0,0.0,169.0,0.0,1.0,0,0,0,340.0,170,2.8333333333333335,0.0,0.0,csp,Subject_002,Session_002
13,0,LEFT,True,False,hit,False,60.0,0.0,169.0,0.0,1.0,0,0,0,340.0,170,2.8333333333333335,0.0,0.0,csp,Subject_002,Session_002
14,1,RIGHT,False,False,wrong_paddle,False,60.0,710.0,541.0,372.0,0.0,0,0,0,0.0,170,2.8333333333333335,,,csp,Subject_002,Session_002
15,1,RIGHT,False,False,wrong_paddle,False,60.0,710.0,541.0,372.0,0.0,0,0,0,0.0,170,2.8333333333333335,,,csp,Subject_002,Session_002
16,0,LEFT,True,False,hit,False,60.0,0.0,169.0,0.0,1.0,0,0,0,340.0,170,2.8333333333333335,0.0,0.0,csp,Subject_002,Session_002
17,1,RIGHT,False,False,wrong_paddle,False,60.0,710.0,541.0,372.0,0.0,0,0,0,0.0,170,2.8333333333333335,,,csp,Subject_002,Session_002
18,1,RIGHT,False,False,wrong_paddle,False,60.0,710.0,541.0,372.0,0.0,0,0,0,0.0,170,2.8333333333333335,,,csp,Subject_002,Session_002
19,0,LEFT,True,False,hit,False,60.0,0.0,169.0,0.0,1.0,0,0,0,340.0,170,2.8333333333333335,0.0,0.0,csp,Subject_002,Session_002
20,0,LEFT,True,False,hit,False,60.0,0.0,169.0,0.0,1.0,0,0,0,340.0,170,2.8333333333333335,0.0,0.0,csp,Subject_002,Session_002
21,1,RIGHT,False,False,wrong_paddle,False,60.0,710.0,541.0,372.0,0.0,0,0,0,0.0,170,2.8333333333333335,,,csp,Subject_002,Session_002
22,0,LEFT,True,False,hit,False,60.0,0.0,169.0,0.0,1.0,0,0,0,340.0,170,2.8333333333333335,0.0,0.0,csp,Subject_002,Session_002
23,1,RIGHT,False,False,wrong_paddle,False,60.0,710.0,541.0,372.0,0.0,0,0,0,0.0,170,2.8333333333333335,,,csp,Subject_002,Session_002
24,0,LEFT,True,False,hit,False,60.0,0.0,169.0,0.0,1.0,0,0,0,340.0,170,2.8333333333333335,0.0,0.0,csp,Subject_002,Session_002
25,1,RIGHT,False,False,wrong_paddle,False,60.0,710.0,541.0,372.0,0.0,0,0,0,0.0,170,2.8333333333333335,,,csp,Subject_002,Session_002
26,1,RIGHT,False,False,wrong_paddle,False,60.0,710.0,541.0,372.0,0.0,0,0,0,0.0,170,2.8333333333333335,,,csp,Subject_002,Session_002
27,0,LEFT,True,False,hit,False,60.0,0.0,169.0,0.0,1.0,0,0,0,340.0,170,2.8333333333333335,0.0,0.0,csp,Subject_002,Session_002
28,1,RIGHT,False,False,wrong_paddle,False,60.0,710.0,541.0,372.0,0.0,0,0,0,0.0,170,2.8333333333333335,,,csp,Subject_002,Session_002
29,1,RIGHT,False,False,wrong_paddle,False,60.0,710.0,541.0,372.0,0.0,0,0,0,0.0,170,2.8333333333333335,,,csp,Subject_002,Session_002
30,1,RIGHT,False,False,wrong_paddle,False,60.0,710.0,541.0,372.0,0.0,0,0,0,0.0,170,2.8333333333333335,,,csp,Subject_002,Session_002
31,0,LEFT,True,False,hit,False,60.0,0.0,169.0,0.0,1.0,0,0,0,340.0,170,2.8333333333333335,0.0,0.0,csp,Subject_002,Session_002
32,1,RIGHT,False,False,wrong_paddle,False,60.0,710.0,541.0,372.0,0.0,0,0,0,0.0,170,2.8333333333333335,,,csp,Subject_002,Session_002
33,0,LEFT,True,False,hit,False,60.0,0.0,169.0,0.0,1.0,0,0,0,340.0,170,2.8333333333333335,0.0,0.0,csp,Subject_002,Session_002
34,1,RIGHT,False,False,wrong_paddle,False,60.0,710.0,541.0,372.0,0.0,0,0,0,0.0,170,2.8333333333333335,,,csp,Subject_002,Session_002
35,0,LEFT,True,False,hit,False,60.0,0.0,169.0,0.0,1.0,0,0,0,340.0,170,2.8333333333333335,0.0,0.0,csp,Subject_002,Session_002
36,0,LEFT,True,False,hit,False,60.0,0.0,169.0,0.0,1.0,0,0,0,340.0,170,2.8333333333333335,0.0,0.0,csp,Subject_002,Session_002
37,1,RIGHT,False,False,wrong_paddle,False,60.0,710.0,541.0,372.0,0.0,0,0,0,0.0,170,2.8333333333333335,,,csp,Subject_002,Session_002
38,0,LEFT,True,False,hit,False,60.0,0.0,169.0,0.0,1.0,0,0,0,340.0,170,2.8333333333333335,0.0,0.0,csp,Subject_002,Session_002
39,0,LEFT,True,False,hit,False,60.0,0.0,169.0,0.0,1.0,0,0,0,340.0,170,2.8333333333333335,0.0,0.0,csp,Subject_002,Session_002
40,0,LEFT,True,False,hit,False,60.0,0.0,169.0,0.0,1.0,0,0,0,340.0,170,2.8333333333333335,0.0,0.0,csp,Subject_002,Session_002
41,0,LEFT,True,False,hit,False,60.0,0.0,169.0,0.0,1.0,0,0,0,340.0,170,2.8333333333333335,0.0,0.0,csp,Subject_002,Session_002
42,1,RIGHT,False,False,wrong_paddle,False,60.0,710.0,541.0,372.0,0.0,0,0,0,0.0,170,2.8333333333333335,,,csp,Subject_002,Session_002
43,1,RIGHT,False,False,wrong_paddle,False,60.0,710.0,541.0,372.0,0.0,0,0,0,0.0,170,2.8333333333333335,,,csp,Subject_002,Session_002
44,0,LEFT,True,False,hit,False,60.0,0.0,169.0,0.0,1.0,0,0,0,340.0,170,2.8333333333333335,0.0,0.0,csp,Subject_002,Session_002
45,1,RIGHT,False,False,wrong_paddle,False,60.0,710.0,541.0,372.0,0.0,0,0,0,0.0,170,2.8333333333333335,,,csp,Subject_002,Session_002
46,1,RIGHT,False,False,wrong_paddle,False,60.0,710.0,541.0,372.0,0.0,0,0,0,0.0,170,2.8333333333333335,,,csp,Subject_002,Session_002
47,1,RIGHT,False,False,wrong_paddle,False,60.0,710.0,541.0,372.0,0.0,0,0,0,0.0,170,2.8333333333333335,,,csp,Subject_002,Session_002
48,0,LEFT,True,False,hit,False,60.0,0.0,169.0,0.0,1.0,0,0,0,340.0,170,2.8333333333333335,0.0,0.0,csp,Subject_002,Session_002
49,0,LEFT,True,False,hit,False,60.0,0.0,169.0,0.0,1.0,0,0,0,340.0,170,2.8333333333333335,0.0,0.0,csp,Subject_002,Session_002
50,1,RIGHT,False,False,wrong_paddle,False,60.0,710.0,541.0,372.0,0.0,0,0,0,0.0,170,2.8333333333333335,,,csp,Subject_002,Session_002
51,1,RIGHT,False,False,wrong_paddle,False,60.0,710.0,541.0,372.0,0.0,0,0,0,0.0,170,2.8333333333333335,,,csp,Subject_002,Session_002
52,1,RIGHT,False,False,wrong_paddle,False,60.0,710.0,541.0,372.0,0.0,0,0,0,0.0,170,2.8333333333333335,,,csp,Subject_002,Session_002
53,0,LEFT,True,False,hit,False,60.0,0.0,169.0,0.0,1.0,0,0,0,340.0,170,2.8333333333333335,0.0,0.0,csp,Subject_002,Session_002
54,0,LEFT,True,False,hit,False,60.0,0.0,169.0,0.0,1.0,0,0,0,340.0,170,2.8333333333333335,0.0,0.0,csp,Subject_002,Session_002
55,1,RIGHT,False,False,wrong_paddle,False,60.0,710.0,541.0,372.0,0.0,0,0,0,0.0,170,2.8333333333333335,,,csp,Subject_002,Session_002
56,1,RIGHT,False,False,wrong_paddle,False,60.0,710.0,541.0,372.0,0.0,0,0,0,0.0,170,2.8333333333333335,,,csp,Subject_002,Session_002
57,0,LEFT,True,False,hit,False,60.0,0.0,169.0,0.0,1.0,0,0,0,340.0,170,2.8333333333333335,0.0,0.0,csp,Subject_002,Session_002
58,0,LEFT,True,False,hit,False,60.0,0.0,169.0,0.0,1.0,0,0,0,340.0,170,2.8333333333333335,0.0,0.0,csp,Subject_002,Session_002
59,0,LEFT,True,False,hit,False,60.0,0.0,169.0,0.0,1.0,0,0,0,340.0,170,2.8333333333333335,0.0,0.0,csp,Subject_002,Session_002
60,1,RIGHT,False,False,wrong_paddle,False,60.0,710.0,541.0,372.0,0.0,0,0,0,0.0,170,2.8333333333333335,,,csp,Subject_002,Session_002
61,0,LEFT,True,False,hit,False,60.0,0.0,169.0,0.0,1.0,0,0,0,340.0,170,2.8333333333333335,0.0,0.0,csp,Subject_002,Session_002
62,0,LEFT,True,False,hit,False,60.0,0.0,169.0,0.0,1.0,0,0,0,340.0,170,2.8333333333333335,0.0,0.0,csp,Subject_002,Session_002
63,1,RIGHT,False,False,wrong_paddle,False,60.0,710.0,541.0,372.0,0.0,0,0,0,0.0,170,2.8333333333333335,,,csp,Subject_002,Session_002
64,1,RIGHT,False,False,wrong_paddle,False,60.0,710.0,541.0,372.0,0.0,0,0,0,0.0,170,2.8333333333333335,,,csp,Subject_002,Session_002
65,0,LEFT,True,False,hit,False,60.0,0.0,169.0,0.0,1.0,0,0,0,340.0,170,2.8333333333333335,0.0,0.0,csp,Subject_002,Session_002
66,0,LEFT,True,False,hit,False,60.0,0.0,169.0,0.0,1.0,0,0,0,340.0,170,2.8333333333333335,0.0,0.0,csp,Subject_002,Session_002
67,1,RIGHT,False,False,wrong_paddle,False,60.0,710.0,541.0,372.0,0.0,0,0,0,0.0,170,2.8333333333333335,,,csp,Subject_002,Session_002
68,0,LEFT,True,False,hit,False,60.0,0.0,169.0,0.0,1.0,0,0,0,340.0,170,2.8333333333333335,0.0,0.0,csp,Subject_002,Session_002
69,1,RIGHT,False,False,wrong_paddle,False,60.0,710.0,541.0,372.0,0.0,0,0,0,0.0,170,2.8333333333333335,,,csp,Subject_002,Session_002
70,1,RIGHT,False,False,wrong_paddle,False,60.0,710.0,541.0,372.0,0.0,0,0,0,0.0,170,2.8333333333333335,,,csp,Subject_002,Session_002
71,1,RIGHT,False,False,wrong_paddle,False,60.0,710.0,541.0,372.0,0.0,0,0,0,0.0,170,2.8333333333333335,,,csp,Subject_002,Session_002
72,0,LEFT,True,False,hit,False,60.0,0.0,169.0,0.0,1.0,0,0,0,340.0,170,2.8333333333333335,0.0,0.0,csp,Subject_002,Session_002
73,1,RIGHT,False,False,wrong_paddle,False,60.0,710.0,541.0,372.0,0.0,0,0,0,0.0,170,2.8333333333333335,,,csp,Subject_002,Session_002
74,1,RIGHT,False,False,wrong_paddle,False,60.0,710.0,541.0,372.0,0.0,0,0,0,0.0,170,2.8333333333333335,,,csp,Subject_002,Session_002
75,0,LEFT,True,False,hit,False,60.0,0.0,169.0,0.0,1.0,0,0,0,340.0,170,2.8333333333333335,0.0,0.0,csp,Subject_002,Session_002
76,1,RIGHT,False,False,wrong_paddle,False,60.0,710.0,541.0,372.0,0.0,0,0,0,0.0,170,2.8333333333333335,,,csp,Subject_002,Session_002
77,0,LEFT,True,False,hit,False,60.0,0.0,169.0,0.0,1.0,0,0,0,340.0,170,2.8333333333333335,0.0,0.0,csp,Subject_002,Session_002
78,0,LEFT,True,False,hit,False,60.0,0.0,169.0,0.0,1.0,0,0,0,340.0,170,2.8333333333333335,0.0,0.0,csp,Subject_002,Session_002
79,0,LEFT,True,False,hit,False,60.0,0.0,169.0,0.0,1.0,0,0,0,340.0,170,2.8333333333333335,0.0,0.0,csp,Subject_002,Session_002
80,0,LEFT,True,False,hit,False,60.0,0.0,169.0,0.0,1.0,0,0,0,340.0,170,2.8333333333333335,0.0,0.0,csp,Subject_002,Session_002
81,1,RIGHT,False,False,wrong_paddle,False,60.0,710.0,541.0,372.0,0.0,0,0,0,0.0,170,2.8333333333333335,,,csp,Subject_002,Session_002
82,0,LEFT,True,False,hit,False,60.0,0.0,169.0,0.0,1.0,0,0,0,340.0,170,2.8333333333333335,0.0,0.0,csp,Subject_002,Session_002
83,1,RIGHT,False,False,wrong_paddle,False,60.0,710.0,541.0,372.0,0.0,0,0,0,0.0,170,2.8333333333333335,,,csp,Subject_002,Session_002
84,0,LEFT,True,False,hit,False,60.0,0.0,169.0,0.0,1.0,0,0,0,340.0,170,2.8333333333333335,0.0,0.0,csp,Subject_002,Session_002
85,1,RIGHT,False,False,wrong_paddle,False,60.0,710.0,541.0,372.0,0.0,0,0,0,0.0,170,2.8333333333333335,,,csp,Subject_002,Session_002
86,0,LEFT,True,False,hit,False,60.0,0.0,169.0,0.0,1.0,0,0,0,340.0,170,2.8333333333333335,0.0,0.0,csp,Subject_002,Session_002
87,1,RIGHT,False,False,wrong_paddle,False,60.0,710.0,541.0,372.0,0.0,0,0,0,0.0,170,2.8333333333333335,,,csp,Subject_002,Session_002
88,0,LEFT,True,False,hit,False,60.0,0.0,169.0,0.0,1.0,0,0,0,340.0,170,2.8333333333333335,0.0,0.0,csp,Subject_002,Session_002
89,0,LEFT,True,False,hit,False,60.0,0.0,169.0,0.0,1.0,0,0,0,340.0,170,2.8333333333333335,0.0,0.0,csp,Subject_002,Session_002
90,1,RIGHT,False,False,wrong_paddle,False,60.0,710.0,541.0,372.0,0.0,0,0,0,0.0,170,2.8333333333333335,,,csp,Subject_002,Session_002
91,1,RIGHT,False,False,wrong_paddle,False,60.0,710.0,541.0,372.0,0.0,0,0,0,0.0,170,2.8333333333333335,,,csp,Subject_002,Session_002
92,1,RIGHT,False,False,wrong_paddle,False,60.0,710.0,541.0,372.0,0.0,0,0,0,0.0,170,2.8333333333333335,,,csp,Subject_002,Session_002
93,1,RIGHT,False,False,wrong_paddle,False,60.0,710.0,541.0,372.0,0.0,0,0,0,0.0,170,2.8333333333333335,,,csp,Subject_002,Session_002
94,0,LEFT,True,False,hit,False,60.0,0.0,169.0,0.0,1.0,0,0,0,340.0,170,2.8333333333333335,0.0,0.0,csp,Subject_002,Session_002
95,0,LEFT,True,False,hit,False,60.0,0.0,169.0,0.0,1.0,0,0,0,340.0,170,2.8333333333333335,0.0,0.0,csp,Subject_002,Session_002
96,0,LEFT,True,False,hit,False,60.0,0.0,169.0,0.0,1.0,0,0,0,340.0,170,2.8333333333333335,0.0,0.0,csp,Subject_002,Session_002
97,1,RIGHT,False,False,wrong_paddle,False,60.0,710.0,541.0,372.0,0.0,0,0,0,0.0,170,2.8333333333333335,,,csp,Subject_002,Session_002
98,0,LEFT,True,False,hit,False,60.0,0.0,169.0,0.0,1.0,0,0,0,340.0,170,2.8333333333333335,0.0,0.0,csp,Subject_002,Session_002
99,1,RIGHT,False,False,wrong_paddle,False,60.0,710.0,541.0,372.0,0.0,0,0,0,0.0,170,2.8333333333333335,,,csp,Subject_002,Session_002
0,0,LEFT,False,True,timeout_close_strong,False,114.0,54.0,304.88519134775373,54.0,0.2895174708818636,3,2,1,286.0,601,10.016666666666667,426.0,7.1,csp,Subject_002,Session_003
1,0,LEFT,True,False,hit,False,60.0,0.0,117.83417085427136,0.0,1.0,12,0,12,340.0,398,6.633333333333334,0.0,0.0,csp,Subject_002,Session_003
2,0,LEFT,False,False,wrong_paddle,False,740.0,680.0,423.2307692307692,252.0,0.23901098901098902,6,5,1,88.0,364,6.066666666666666,106.0,1.7666666666666666,csp,Subject_002,Session_003
3,0,LEFT,False,False,wrong_paddle,False,740.0,680.0,554.3703703703703,342.0,0.0,6,6,0,0.0,324,5.4,,,csp,Subject_002,Session_003
4,0,LEFT,False,False,wrong_paddle,False,740.0,680.0,488.2396694214876,316.0,0.09504132231404959,9,8,1,24.0,242,4.033333333333333,0.0,0.0,csp,Subject_002,Session_003
5,1,RIGHT,False,False,wrong_paddle,False,60.0,710.0,546.8144329896908,372.0,0.0,2,2,0,0.0,194,3.2333333333333334,,,csp,Subject_002,Session_003
6,1,RIGHT,False,False,wrong_paddle,False,60.0,710.0,493.26785714285717,316.0,0.23660714285714285,1,0,1,54.0,224,3.7333333333333334,0.0,0.0,csp,Subject_002,Session_003
7,0,LEFT,True,False,hit,False,60.0,0.0,195.16161616161617,0.0,0.8585858585858586,1,1,0,340.0,198,3.3,28.0,0.4666666666666667,csp,Subject_002,Session_003
8,0,LEFT,True,False,hit,False,60.0,0.0,267.290780141844,0.0,0.7322695035460993,20,5,15,340.0,564,9.4,0.0,0.0,csp,Subject_002,Session_003
9,1,RIGHT,False,False,wrong_paddle,False,60.0,710.0,484.46564885496184,334.0,0.13358778625954199,2,1,1,36.0,262,4.366666666666666,56.0,0.9333333333333333,csp,Subject_002,Session_003
10,1,RIGHT,False,False,wrong_paddle,False,60.0,710.0,528.8939393939394,372.0,0.0,2,2,0,0.0,264,4.4,,,csp,Subject_002,Session_003
11,0,LEFT,False,True,timeout_close_weak,False,250.0,190.0,383.9500831946755,176.0,0.39767054908485855,8,6,2,164.0,601,10.016666666666667,0.0,0.0,csp,Subject_002,Session_003
12,1,RIGHT,False,False,wrong_paddle,False,60.0,710.0,566.4683544303797,372.0,0.0,6,6,0,0.0,316,5.266666666666667,,,csp,Subject_002,Session_003
13,1,RIGHT,False,False,wrong_paddle,False,60.0,710.0,541.0,372.0,0.0,0,0,0,0.0,170,2.8333333333333335,,,csp,Subject_002,Session_003
14,1,RIGHT,False,False,wrong_paddle,False,60.0,710.0,541.0,372.0,0.0,0,0,0,0.0,170,2.8333333333333335,,,csp,Subject_002,Session_003
15,0,LEFT,True,False,hit,False,60.0,0.0,165.9278350515464,0.0,1.0,4,0,4,340.0,194,3.2333333333333334,0.0,0.0,csp,Subject_002,Session_003
16,1,RIGHT,False,False,wrong_paddle,False,60.0,710.0,475.6101694915254,324.0,0.18926553672316385,6,3,3,46.0,354,5.9,96.0,1.6,csp,Subject_002,Session_003
17,1,RIGHT,False,True,wrong_paddle,False,60.0,710.0,390.30232558139534,140.0,0.3920265780730897,4,2,2,230.0,602,10.033333333333333,112.0,1.8666666666666667,csp,Subject_002,Session_003
18,0,LEFT,True,False,hit,False,60.0,0.0,199.28402366863907,0.0,0.8727810650887574,5,2,3,340.0,338,5.633333333333334,36.0,0.6,csp,Subject_002,Session_003
19,1,RIGHT,False,False,wrong_paddle,False,60.0,710.0,493.35668789808915,372.0,0.0,4,4,0,0.0,314,5.233333333333333,,,csp,Subject_002,Session_003
20,0,LEFT,False,True,timeout_close_weak,False,246.0,186.0,316.22961730449254,136.0,0.5906821963394343,11,4,7,204.0,601,10.016666666666667,0.0,0.0,csp,Subject_002,Session_003
21,1,RIGHT,False,False,wrong_paddle,False,60.0,710.0,498.72727272727275,330.0,0.17727272727272728,2,1,1,40.0,220,3.6666666666666665,10.0,0.16666666666666666,csp,Subject_002,Session_003
22,1,RIGHT,False,True,timeout_wrong,False,308.0,462.0,411.32,262.0,0.25666666666666665,10,6,4,108.0,600,10.0,124.0,2.066666666666667,csp,Subject_002,Session_003
23,0,LEFT,True,False,hit,False,60.0,0.0,171.3835616438356,0.0,1.0,8,0,8,340.0,292,4.866666666666666,0.0,0.0,csp,Subject_002,Session_003
24,1,RIGHT,False,True,wrong_paddle,False,106.0,664.0,426.9217970049917,178.0,0.3178036605657238,10,9,1,192.0,601,10.016666666666667,104.0,1.7333333333333334,csp,Subject_002,Session_003
25,0,LEFT,True,False,hit,False,60.0,0.0,156.5656108597285,0.0,0.918552036199095,7,1,6,340.0,442,7.366666666666666,36.0,0.6,csp,Subject_002,Session_003
26,1,RIGHT,False,False,wrong_paddle,False,60.0,710.0,543.1138790035587,372.0,0.0,8,8,0,0.0,562,9.366666666666667,,,csp,Subject_002,Session_003
27,1,RIGHT,False,False,wrong_paddle,False,60.0,710.0,515.6608695652174,372.0,0.0,4,4,0,0.0,230,3.8333333333333335,,,csp,Subject_002,Session_003
28,0,LEFT,True,False,hit,False,60.0,0.0,233.5691056910569,0.0,0.6910569105691057,1,1,0,340.0,246,4.1,76.0,1.2666666666666666,csp,Subject_002,Session_003
29,0,LEFT,True,False,hit,False,60.0,0.0,169.0,0.0,1.0,0,0,0,340.0,170,2.8333333333333335,0.0,0.0,csp,Subject_002,Session_003
30,1,RIGHT,False,False,wrong_paddle,False,60.0,710.0,541.0,372.0,0.0,0,0,0,0.0,170,2.8333333333333335,,,csp,Subject_002,Session_003
31,0,LEFT,True,False,hit,False,60.0,0.0,171.95454545454547,0.0,1.0,4,0,4,340.0,176,2.933333333333333,0.0,0.0,csp,Subject_002,Session_003
32,1,RIGHT,False,False,wrong_paddle,False,60.0,710.0,548.0,372.0,0.0,2,2,0,0.0,240,4.0,,,csp,Subject_002,Session_003
33,0,LEFT,True,False,hit,False,60.0,0.0,146.66336633663366,0.0,1.0,2,0,2,340.0,202,3.3666666666666667,0.0,0.0,csp,Subject_002,Session_003
34,1,RIGHT,False,False,wrong_paddle,False,60.0,710.0,519.6138613861386,372.0,0.0,2,2,0,0.0,202,3.3666666666666667,,,csp,Subject_002,Session_003
35,0,LEFT,True,False,hit,False,60.0,0.0,194.8943661971831,0.0,0.954225352112676,9,1,8,340.0,568,9.466666666666667,26.0,0.43333333333333335,csp,Subject_002,Session_003
36,0,LEFT,False,True,timeout_wrong,False,434.0,374.0,242.37271214642263,88.0,0.8885191347753744,12,2,10,252.0,601,10.016666666666667,0.0,0.0,csp,Subject_002,Session_003
37,1,RIGHT,False,True,timeout_close_weak,False,430.0,340.0,190.56239600665558,60.0,1.0,7,0,7,310.0,601,10.016666666666667,0.0,0.0,csp,Subject_002,Session_003
38,1,RIGHT,False,False,wrong_paddle,False,60.0,710.0,542.7425742574258,372.0,0.0,2,2,0,0.0,202,3.3666666666666667,,,csp,Subject_002,Session_003
39,0,LEFT,True,False,hit,False,60.0,0.0,152.98425196850394,0.0,0.952755905511811,5,1,4,340.0,508,8.466666666666667,24.0,0.4,csp,Subject_002,Session_003
40,0,LEFT,True,False,hit,False,60.0,0.0,256.85057471264366,0.0,0.7097701149425287,3,2,1,340.0,348,5.8,24.0,0.4,csp,Subject_002,Session_003
41,1,RIGHT,True,False,hit,False,740.0,30.0,189.2027027027027,30.0,0.9966216216216216,6,0,6,340.0,592,9.866666666666667,2.0,0.03333333333333333,csp,Subject_002,Session_003
42,1,RIGHT,False,False,wrong_paddle,False,60.0,710.0,518.6851851851852,362.0,0.032407407407407406,3,2,1,8.0,216,3.6,0.0,0.0,csp,Subject_002,Session_003
43,0,LEFT,False,True,timeout_wrong,False,406.0,346.0,202.48585690515807,38.0,0.9201331114808652,10,1,9,302.0,601,10.016666666666667,0.0,0.0,csp,Subject_002,Session_003
44,1,RIGHT,False,False,wrong_paddle,False,60.0,710.0,541.0,372.0,0.0,0,0,0,0.0,170,2.8333333333333335,,,csp,Subject_002,Session_003
45,0,LEFT,True,False,hit,False,60.0,0.0,192.08163265306123,0.0,0.9132653061224489,2,1,1,340.0,196,3.2666666666666666,0.0,0.0,csp,Subject_002,Session_003
46,1,RIGHT,False,False,wrong_paddle,False,60.0,710.0,464.84615384615387,324.0,0.2032967032967033,3,1,2,46.0,364,6.066666666666666,0.0,0.0,csp,Subject_002,Session_003
47,0,LEFT,True,False,hit,False,60.0,0.0,192.4319526627219,0.0,1.0,6,0,6,340.0,338,5.633333333333334,0.0,0.0,csp,Subject_002,Session_003
48,0,LEFT,True,False,hit,False,60.0,0.0,232.4214876033058,0.0,0.7727272727272727,9,5,4,340.0,484,8.066666666666666,110.0,1.8333333333333333,csp,Subject_002,Session_003
49,1,RIGHT,False,True,wrong_paddle,False,116.0,654.0,510.7266666666667,330.0,0.08,13,11,2,40.0,600,10.0,0.0,0.0,csp,Subject_002,Session_003
50,1,RIGHT,True,False,hit,False,740.0,30.0,314.7191011235955,30.0,0.4803370786516854,7,6,1,340.0,356,5.933333333333334,52.0,0.8666666666666667,csp,Subject_002,Session_003
51,1,RIGHT,False,True,timeout_close_weak,False,434.0,336.0,308.738768718802,134.0,0.7337770382695508,7,3,4,236.0,601,10.016666666666667,12.0,0.2,csp,Subject_002,Session_003
52,1,RIGHT,False,False,wrong_paddle,False,60.0,710.0,538.1891891891892,372.0,0.0,4,4,0,0.0,370,6.166666666666667,,,csp,Subject_002,Session_003
53,0,LEFT,False,False,wrong_paddle,False,740.0,680.0,555.0645161290323,342.0,0.0,6,6,0,0.0,310,5.166666666666667,,,csp,Subject_002,Session_003
54,1,RIGHT,False,False,wrong_paddle,False,60.0,710.0,443.2099447513812,260.0,0.3314917127071823,5,3,2,110.0,362,6.033333333333333,0.0,0.0,csp,Subject_002,Session_003
55,0,LEFT,True,False,hit,False,60.0,0.0,226.11524163568774,0.0,0.7137546468401487,7,3,4,340.0,538,8.966666666666667,64.0,1.0666666666666667,csp,Subject_002,Session_003
56,0,LEFT,True,False,hit,False,60.0,0.0,230.58677685950414,0.0,0.7024793388429752,1,1,0,340.0,242,4.033333333333333,72.0,1.2,csp,Subject_002,Session_003
57,0,LEFT,True,False,hit,False,60.0,0.0,156.66412213740458,0.0,1.0,8,0,8,340.0,524,8.733333333333333,0.0,0.0,csp,Subject_002,Session_003
58,0,LEFT,True,False,hit,False,60.0,0.0,173.06711409395973,0.0,1.0,6,0,6,340.0,298,4.966666666666667,0.0,0.0,csp,Subject_002,Session_003
59,1,RIGHT,False,True,timeout_wrong,False,298.0,472.0,503.8096828046745,354.0,0.025041736227045076,11,10,1,16.0,599,9.983333333333333,166.0,2.7666666666666666,csp,Subject_002,Session_003
60,1,RIGHT,False,False,wrong_paddle,False,60.0,710.0,563.1438848920864,372.0,0.0,2,2,0,0.0,278,4.633333333333334,,,csp,Subject_002,Session_003
61,0,LEFT,True,False,hit,False,60.0,0.0,207.56830601092895,0.0,0.9672131147540983,5,1,4,340.0,366,6.1,12.0,0.2,csp,Subject_002,Session_003
62,1,RIGHT,False,False,wrong_paddle,False,60.0,710.0,481.22535211267603,312.0,0.12323943661971831,10,8,2,58.0,568,9.466666666666667,70.0,1.1666666666666667,csp,Subject_002,Session_003
63,0,LEFT,True,False,hit,False,60.0,0.0,192.2153110047847,0.0,1.0,10,0,10,340.0,418,6.966666666666667,0.0,0.0,csp,Subject_002,Session_003
64,1,RIGHT,False,True,wrong_paddle,False,80.0,690.0,473.24,352.0,0.056666666666666664,9,7,2,18.0,600,10.0,2.0,0.03333333333333333,csp,Subject_002,Session_003
65,1,RIGHT,False,False,wrong_paddle,False,60.0,710.0,527.2181818181818,308.0,0.11090909090909092,5,4,1,62.0,550,9.166666666666666,0.0,0.0,csp,Subject_002,Session_003
66,0,LEFT,True,False,hit,False,60.0,0.0,196.9,0.0,0.85,1,1,0,340.0,200,3.3333333333333335,30.0,0.5,csp,Subject_002,Session_003
67,0,LEFT,True,False,hit,False,60.0,0.0,193.55769230769232,0.0,0.9326923076923077,3,1,2,340.0,208,3.466666666666667,14.0,0.23333333333333334,csp,Subject_002,Session_003
68,1,RIGHT,False,True,timeout_close_weak,False,578.0,192.0,199.846921797005,82.0,0.9534109816971714,8,1,7,288.0,601,10.016666666666667,28.0,0.4666666666666667,csp,Subject_002,Session_003
69,1,RIGHT,False,True,wrong_paddle,False,84.0,686.0,430.5,276.0,0.32666666666666666,15,7,8,94.0,600,10.0,0.0,0.0,csp,Subject_002,Session_003
70,1,RIGHT,False,False,wrong_paddle,False,60.0,710.0,516.6695652173913,372.0,0.0,6,6,0,0.0,230,3.8333333333333335,,,csp,Subject_002,Session_003
71,0,LEFT,False,True,timeout_close_weak,False,374.0,314.0,330.85809682804677,192.0,0.5676126878130217,12,5,7,148.0,599,9.983333333333333,0.0,0.0,csp,Subject_002,Session_003
72,1,RIGHT,False,False,wrong_paddle,False,60.0,710.0,500.14606741573033,372.0,0.0,4,4,0,0.0,356,5.933333333333334,,,csp,Subject_002,Session_003
73,0,LEFT,False,True,timeout_close_weak,False,310.0,250.0,405.9031719532554,234.0,0.27212020033388984,8,6,2,106.0,599,9.983333333333333,0.0,0.0,csp,Subject_002,Session_003
74,0,LEFT,True,False,hit,False,60.0,0.0,169.0,0.0,1.0,0,0,0,340.0,170,2.8333333333333335,0.0,0.0,csp,Subject_002,Session_003
75,0,LEFT,True,False,hit,False,60.0,0.0,207.06024096385542,0.0,1.0,4,0,4,340.0,332,5.533333333333333,0.0,0.0,csp,Subject_002,Session_003
76,0,LEFT,True,False,hit,False,60.0,0.0,136.25984251968504,0.0,1.0,2,0,2,340.0,254,4.233333333333333,0.0,0.0,csp,Subject_002,Session_003
77,1,RIGHT,False,False,wrong_paddle,False,60.0,710.0,553.2553191489362,372.0,0.0,2,2,0,0.0,188,3.1333333333333333,,,csp,Subject_002,Session_003
78,0,LEFT,True,False,hit,False,60.0,0.0,257.4973544973545,0.0,0.8068783068783069,8,1,7,340.0,378,6.3,0.0,0.0,csp,Subject_002,Session_003
79,1,RIGHT,False,False,wrong_paddle,False,60.0,710.0,541.0,372.0,0.0,0,0,0,0.0,170,2.8333333333333335,,,csp,Subject_002,Session_003
80,1,RIGHT,False,False,wrong_paddle,False,60.0,710.0,581.2134387351779,340.0,0.05731225296442688,7,6,1,30.0,506,8.433333333333334,0.0,0.0,csp,Subject_002,Session_003
81,1,RIGHT,False,True,timeout_close_weak,False,412.0,358.0,328.1066666666667,152.0,0.605,23,8,15,218.0,600,10.0,42.0,0.7,csp,Subject_002,Session_003
82,0,LEFT,False,False,wrong_paddle,False,740.0,680.0,448.74149659863946,298.0,0.06972789115646258,10,9,1,42.0,588,9.8,130.0,2.1666666666666665,csp,Subject_002,Session_003
83,1,RIGHT,False,True,timeout_wrong,False,330.0,440.0,469.1853088480801,356.0,0.0333889816360601,7,5,2,14.0,599,9.983333333333333,146.0,2.433333333333333,csp,Subject_002,Session_003
84,0,LEFT,False,False,wrong_paddle,False,740.0,680.0,489.9306930693069,342.0,0.0,2,2,0,0.0,202,3.3666666666666667,,,csp,Subject_002,Session_003
85,1,RIGHT,False,True,timeout_close_weak,False,482.0,288.0,376.9382303839733,180.0,0.48580968280467446,11,4,7,190.0,599,9.983333333333333,0.0,0.0,csp,Subject_002,Session_003
86,1,RIGHT,False,True,timeout_wrong,False,338.0,432.0,328.1903171953255,144.0,0.674457429048414,10,2,8,226.0,599,9.983333333333333,0.0,0.0,csp,Subject_002,Session_003
87,0,LEFT,True,False,hit,False,60.0,0.0,181.04040404040404,0.0,1.0,6,0,6,340.0,198,3.3,0.0,0.0,csp,Subject_002,Session_003
88,0,LEFT,True,False,hit,False,60.0,0.0,143.52459016393442,0.0,1.0,2,0,2,340.0,244,4.066666666666666,0.0,0.0,csp,Subject_002,Session_003
89,0,LEFT,True,False,hit,False,60.0,0.0,188.04854368932038,0.0,1.0,2,0,2,340.0,206,3.433333333333333,0.0,0.0,csp,Subject_002,Session_003
90,1,RIGHT,False,False,wrong_paddle,False,60.0,710.0,527.020618556701,372.0,0.0,2,2,0,0.0,194,3.2333333333333334,,,csp,Subject_002,Session_003
91,0,LEFT,True,False,hit,False,60.0,0.0,221.6969696969697,0.0,0.9053030303030303,2,1,1,340.0,264,4.4,0.0,0.0,csp,Subject_002,Session_003
92,1,RIGHT,False,True,wrong_paddle,True,66.0,704.0,513.1051752921536,372.0,0.0,20,20,0,0.0,599,9.983333333333333,,,csp,Subject_002,Session_003
93,0,LEFT,False,True,timeout_close_weak,False,380.0,320.0,413.8561872909699,248.0,0.3010033444816054,7,4,3,92.0,598,9.966666666666667,0.0,0.0,csp,Subject_002,Session_003
94,1,RIGHT,False,False,wrong_paddle,False,60.0,710.0,517.2113821138212,372.0,0.0,2,2,0,0.0,246,4.1,,,csp,Subject_002,Session_003
95,1,RIGHT,False,True,timeout_wrong,False,280.0,490.0,387.96,236.0,0.3616666666666667,15,10,5,134.0,600,10.0,118.0,1.9666666666666666,csp,Subject_002,Session_003
96,0,LEFT,False,True,timeout_close_weak,False,252.0,192.0,255.26666666666668,78.0,0.7983333333333333,11,3,8,262.0,600,10.0,0.0,0.0,csp,Subject_002,Session_003
97,1,RIGHT,True,False,hit,False,740.0,30.0,193.18,30.0,0.995,4,0,4,340.0,400,6.666666666666667,2.0,0.03333333333333333,csp,Subject_002,Session_003
98,0,LEFT,False,False,wrong_paddle,False,740.0,680.0,530.3766233766233,342.0,0.0,10,10,0,0.0,308,5.133333333333334,,,csp,Subject_002,Session_003
99,0,LEFT,False,True,wrong_paddle,False,668.0,608.0,426.72,292.0,0.16166666666666665,11,8,3,48.0,600,10.0,0.0,0.0,csp,Subject_002,Session_003
0,0,LEFT,False,False,wrong_paddle,False,740.0,680.0,448.7014925373134,318.0,0.08208955223880597,5,3,2,22.0,268,4.466666666666667,50.0,0.8333333333333334,csp,Subject_002,Session_004
1,1,RIGHT,False,False,wrong_paddle,False,60.0,710.0,465.5050505050505,296.0,0.18434343434343434,10,9,1,74.0,396,6.6,110.0,1.8333333333333333,csp,Subject_002,Session_004
2,1,RIGHT,True,False,hit,False,740.0,30.0,180.14285714285714,30.0,1.0,2,0,2,340.0,210,3.5,0.0,0.0,csp,Subject_002,Session_004
3,0,LEFT,False,False,wrong_paddle,False,740.0,680.0,396.9620853080569,226.0,0.41232227488151657,8,6,2,114.0,422,7.033333333333333,6.0,0.1,csp,Subject_002,Session_004
4,1,RIGHT,False,True,timeout_wrong,False,252.0,518.0,374.12666666666667,238.0,0.49,13,5,8,132.0,600,10.0,0.0,0.0,csp,Subject_002,Session_004
5,1,RIGHT,False,False,wrong_paddle,True,60.0,710.0,487.92193308550185,288.0,0.15055762081784388,17,16,1,82.0,538,8.966666666666667,0.0,0.0,csp,Subject_002,Session_004
6,0,LEFT,False,True,timeout_close_strong,False,202.0,142.0,345.75374376039935,142.0,0.4925124792013311,7,2,5,198.0,601,10.016666666666667,244.0,4.066666666666666,csp,Subject_002,Session_004
7,0,LEFT,True,False,hit,False,60.0,0.0,269.04615384615386,0.0,0.7096153846153846,4,1,3,340.0,520,8.666666666666666,0.0,0.0,csp,Subject_002,Session_004
8,1,RIGHT,True,True,hit,False,740.0,30.0,200.99333333333334,30.0,0.9966666666666667,16,0,16,340.0,600,10.0,2.0,0.03333333333333333,csp,Subject_002,Session_004
9,0,LEFT,True,False,hit,False,60.0,0.0,301.3408071748879,0.0,0.45739910313901344,17,13,4,340.0,446,7.433333333333334,242.0,4.033333333333333,csp,Subject_002,Session_004
10,1,RIGHT,False,False,wrong_paddle,False,60.0,710.0,541.0,372.0,0.0,0,0,0,0.0,170,2.8333333333333335,,,csp,Subject_002,Session_004
11,1,RIGHT,False,False,wrong_paddle,False,60.0,710.0,541.0,372.0,0.0,0,0,0,0.0,170,2.8333333333333335,,,csp,Subject_002,Session_004
12,0,LEFT,True,False,hit,False,60.0,0.0,169.0,0.0,1.0,0,0,0,340.0,170,2.8333333333333335,0.0,0.0,csp,Subject_002,Session_004
13,0,LEFT,False,True,timeout_close_weak,False,294.0,234.0,219.5290215588723,52.0,0.9734660033167496,14,2,12,288.0,603,10.05,0.0,0.0,csp,Subject_002,Session_004
14,1,RIGHT,True,False,hit,False,740.0,30.0,212.3846153846154,30.0,1.0,6,0,6,340.0,234,3.9,0.0,0.0,csp,Subject_002,Session_004
15,1,RIGHT,True,False,hit,False,740.0,30.0,288.54696132596683,30.0,0.712707182320442,4,2,2,340.0,362,6.033333333333333,0.0,0.0,csp,Subject_002,Session_004
16,0,LEFT,False,False,wrong_paddle,False,740.0,680.0,511.0,342.0,0.0,0,0,0,0.0,170,2.8333333333333335,,,csp,Subject_002,Session_004
17,1,RIGHT,True,False,hit,False,740.0,30.0,205.1946902654867,30.0,1.0,2,0,2,340.0,226,3.7666666666666666,0.0,0.0,csp,Subject_002,Session_004
18,0,LEFT,False,False,wrong_paddle,False,740.0,680.0,475.27027027027026,340.0,0.0,4,4,0,0.0,222,3.7,,,csp,Subject_002,Session_004
19,0,LEFT,False,True,timeout_close_weak,False,364.0,304.0,427.3920265780731,288.0,0.09800664451827243,12,10,2,52.0,602,10.033333333333333,472.0,7.866666666666666,csp,Subject_002,Session_004
20,1,RIGHT,False,True,timeout_wrong,False,292.0,478.0,385.265780730897,244.0,0.420265780730897,12,3,9,126.0,602,10.033333333333333,80.0,1.3333333333333333,csp,Subject_002,Session_004
21,1,RIGHT,False,False,wrong_paddle,False,60.0,710.0,541.0,372.0,0.0,0,0,0,0.0,170,2.8333333333333335,,,csp,Subject_002,Session_004
22,0,LEFT,True,False,hit,False,60.0,0.0,169.0,0.0,1.0,0,0,0,340.0,170,2.8333333333333335,0.0,0.0,csp,Subject_002,Session_004
23,0,LEFT,False,True,timeout_close_weak,False,246.0,186.0,427.89683860232947,186.0,0.17637271214642264,9,8,1,154.0,601,10.016666666666667,182.0,3.033333333333333,csp,Subject_002,Session_004
24,1,RIGHT,False,False,wrong_paddle,False,60.0,710.0,541.0,372.0,0.0,0,0,0,0.0,170,2.8333333333333335,,,csp,Subject_002,Session_004
25,1,RIGHT,False,False,wrong_paddle,False,60.0,710.0,541.0,372.0,0.0,0,0,0,0.0,170,2.8333333333333335,,,csp,Subject_002,Session_004
26,0,LEFT,True,False,hit,False,60.0,0.0,214.08771929824562,0.0,0.8333333333333334,3,1,2,340.0,228,3.8,38.0,0.6333333333333333,csp,Subject_002,Session_004
27,1,RIGHT,False,False,wrong_paddle,False,60.0,710.0,541.0,372.0,0.0,0,0,0,0.0,170,2.8333333333333335,,,csp,Subject_002,Session_004
28,1,RIGHT,False,False,wrong_paddle,False,60.0,710.0,527.9357798165138,372.0,0.0,4,4,0,0.0,218,3.6333333333333333,,,csp,Subject_002,Session_004
29,1,RIGHT,False,False,wrong_paddle,False,60.0,710.0,541.0,372.0,0.0,0,0,0,0.0,170,2.8333333333333335,,,csp,Subject_002,Session_004
30,1,RIGHT,False,False,wrong_paddle,False,60.0,710.0,541.0,372.0,0.0,0,0,0,0.0,170,2.8333333333333335,,,csp,Subject_002,Session_004
31,0,LEFT,True,False,hit,False,60.0,0.0,169.0,0.0,1.0,0,0,0,340.0,170,2.8333333333333335,0.0,0.0,csp,Subject_002,Session_004
32,0,LEFT,True,False,hit,False,60.0,0.0,169.0,0.0,1.0,0,0,0,340.0,170,2.8333333333333335,0.0,0.0,csp,Subject_002,Session_004
33,0,LEFT,False,True,timeout_wrong,False,428.0,368.0,412.14,228.0,0.275,6,3,3,112.0,600,10.0,0.0,0.0,csp,Subject_002,Session_004
34,1,RIGHT,False,False,wrong_paddle,False,60.0,710.0,541.0,372.0,0.0,0,0,0,0.0,170,2.8333333333333335,,,csp,Subject_002,Session_004
35,0,LEFT,False,False,wrong_paddle,False,740.0,680.0,323.46153846153845,56.0,0.6174089068825911,7,2,5,284.0,494,8.233333333333333,0.0,0.0,csp,Subject_002,Session_004
36,0,LEFT,False,False,wrong_paddle,False,740.0,680.0,484.05309734513276,288.0,0.11283185840707964,11,10,1,52.0,452,7.533333333333333,0.0,0.0,csp,Subject_002,Session_004
37,0,LEFT,True,False,hit,False,60.0,0.0,215.75177304964538,0.0,0.9219858156028369,3,1,2,340.0,282,4.7,22.0,0.36666666666666664,csp,Subject_002,Session_004
38,0,LEFT,True,False,hit,False,60.0,0.0,346.1510204081633,0.0,0.3551020408163265,7,5,2,340.0,490,8.166666666666666,316.0,5.266666666666667,csp,Subject_002,Session_004
39,1,RIGHT,False,False,wrong_paddle,False,60.0,710.0,541.0,372.0,0.0,0,0,0,0.0,170,2.8333333333333335,,,csp,Subject_002,Session_004
40,0,LEFT,False,False,wrong_paddle,False,740.0,680.0,509.735632183908,342.0,0.0,2,2,0,0.0,174,2.9,,,csp,Subject_002,Session_004
41,0,LEFT,True,False,hit,False,60.0,0.0,304.9382239382239,0.0,0.5501930501930502,7,2,5,340.0,518,8.633333333333333,54.0,0.9,csp,Subject_002,Session_004
42,0,LEFT,False,False,wrong_paddle,False,740.0,680.0,427.4974093264249,258.0,0.22538860103626943,4,1,3,82.0,386,6.433333333333334,128.0,2.1333333333333333,csp,Subject_002,Session_004
43,0,LEFT,False,False,wrong_paddle,False,740.0,680.0,391.46783625730995,190.0,0.49707602339181284,5,1,4,150.0,342,5.7,0.0,0.0,csp,Subject_002,Session_004
44,0,LEFT,False,False,wrong_paddle,False,740.0,680.0,511.0,342.0,0.0,0,0,0,0.0,170,2.8333333333333335,,,csp,Subject_002,Session_004
45,1,RIGHT,False,False,wrong_paddle,False,60.0,710.0,561.3007518796992,372.0,0.0,8,8,0,0.0,266,4.433333333333334,,,csp,Subject_002,Session_004
46,1,RIGHT,False,False,wrong_paddle,False,60.0,710.0,496.79057591623035,272.0,0.25392670157068065,7,6,1,98.0,382,6.366666666666666,0.0,0.0,csp,Subject_002,Session_004
47,1,RIGHT,False,False,wrong_paddle,False,60.0,710.0,388.63706563706563,130.0,0.5733590733590733,7,4,3,240.0,518,8.633333333333333,0.0,0.0,csp,Subject_002,Session_004
48,1,RIGHT,False,True,wrong_paddle,False,182.0,588.0,497.3565505804312,316.0,0.087893864013267,14,13,1,54.0,603,10.05,16.0,0.26666666666666666,csp,Subject_002,Session_004
49,1,RIGHT,False,False,wrong_paddle,False,60.0,710.0,574.5593220338983,372.0,0.0,2,2,0,0.0,236,3.933333333333333,,,csp,Subject_002,Session_004
50,1,RIGHT,True,False,hit,False,740.0,30.0,241.55421686746988,30.0,0.9397590361445783,3,1,2,340.0,332,5.533333333333333,20.0,0.3333333333333333,csp,Subject_002,Session_004
51,1,RIGHT,False,True,timeout_close_weak,False,560.0,210.0,224.08970099667775,50.0,0.9285714285714286,4,1,3,320.0,602,10.033333333333333,0.0,0.0,csp,Subject_002,Session_004
52,0,LEFT,False,False,wrong_paddle,False,740.0,680.0,424.65934065934067,252.0,0.23901098901098902,2,1,1,88.0,364,6.066666666666666,106.0,1.7666666666666666,csp,Subject_002,Session_004
53,1,RIGHT,True,False,hit,False,740.0,30.0,199.0,30.0,1.0,0,0,0,340.0,170,2.8333333333333335,0.0,0.0,csp,Subject_002,Session_004
54,0,LEFT,False,False,wrong_paddle,False,740.0,680.0,543.7659574468086,342.0,0.0,4,4,0,0.0,282,4.7,,,csp,Subject_002,Session_004
55,1,RIGHT,True,False,hit,False,740.0,30.0,301.29411764705884,30.0,0.5470588235294118,4,2,2,340.0,340,5.666666666666667,0.0,0.0,csp,Subject_002,Session_004
56,0,LEFT,False,False,wrong_paddle,False,740.0,680.0,511.0,342.0,0.0,0,0,0,0.0,170,2.8333333333333335,,,csp,Subject_002,Session_004
57,1,RIGHT,True,False,hit,False,740.0,30.0,182.32692307692307,30.0,0.9711538461538461,3,1,2,340.0,208,3.466666666666667,6.0,0.1,csp,Subject_002,Session_004
58,0,LEFT,False,False,wrong_paddle,False,740.0,680.0,514.4368932038835,342.0,0.0,4,4,0,0.0,206,3.433333333333333,,,csp,Subject_002,Session_004
59,0,LEFT,False,False,wrong_paddle,False,740.0,680.0,545.2926829268292,342.0,0.0,2,2,0,0.0,246,4.1,,,csp,Subject_002,Session_004
60,1,RIGHT,True,False,hit,False,740.0,30.0,193.7378640776699,30.0,1.0,4,0,4,340.0,206,3.433333333333333,0.0,0.0,csp,Subject_002,Session_004
61,0,LEFT,False,False,wrong_paddle,False,740.0,680.0,511.0,342.0,0.0,0,0,0,0.0,170,2.8333333333333335,,,csp,Subject_002,Session_004
62,0,LEFT,False,False,wrong_paddle,False,740.0,680.0,489.5022026431718,342.0,0.0,6,6,0,0.0,454,7.566666666666666,,,csp,Subject_002,Session_004
63,0,LEFT,False,True,timeout_close_weak,False,284.0,224.0,428.82666666666665,224.0,0.19666666666666666,6,2,4,116.0,600,10.0,0.0,0.0,csp,Subject_002,Session_004
64,0,LEFT,False,False,wrong_paddle,False,740.0,680.0,511.0,342.0,0.0,0,0,0,0.0,170,2.8333333333333335,,,csp,Subject_002,Session_004
65,0,LEFT,False,False,wrong_paddle,False,740.0,680.0,511.0,342.0,0.0,0,0,0,0.0,170,2.8333333333333335,,,csp,Subject_002,Session_004
66,1,RIGHT,True,False,hit,False,740.0,30.0,199.0,30.0,1.0,0,0,0,340.0,170,2.8333333333333335,0.0,0.0,csp,Subject_002,Session_004
67,0,LEFT,False,False,wrong_paddle,False,740.0,680.0,511.0,342.0,0.0,0,0,0,0.0,170,2.8333333333333335,,,csp,Subject_002,Session_004
68,0,LEFT,False,False,wrong_paddle,False,740.0,680.0,484.83838383838383,312.0,0.13636363636363635,1,0,1,28.0,198,3.3,0.0,0.0,csp,Subject_002,Session_004
69,0,LEFT,False,False,wrong_paddle,False,740.0,680.0,543.469387755102,342.0,0.0,6,6,0,0.0,392,6.533333333333333,,,csp,Subject_002,Session_004
70,1,RIGHT,True,False,hit,False,740.0,30.0,199.0,30.0,1.0,0,0,0,340.0,170,2.8333333333333335,0.0,0.0,csp,Subject_002,Session_004
71,0,LEFT,False,False,wrong_paddle,False,740.0,680.0,511.0,342.0,0.0,0,0,0,0.0,170,2.8333333333333335,,,csp,Subject_002,Session_004
72,1,RIGHT,True,False,hit,False,740.0,30.0,218.01538461538462,30.0,0.8346153846153846,7,4,3,340.0,260,4.333333333333333,34.0,0.5666666666666667,csp,Subject_002,Session_004
73,1,RIGHT,True,False,hit,False,740.0,30.0,211.2089552238806,30.0,1.0,4,0,4,340.0,268,4.466666666666667,0.0,0.0,csp,Subject_002,Session_004
74,1,RIGHT,True,False,hit,False,740.0,30.0,209.59375,30.0,1.0,12,0,12,340.0,256,4.266666666666667,0.0,0.0,csp,Subject_002,Session_004
75,1,RIGHT,True,False,hit,False,740.0,30.0,241.93577981651376,30.0,0.7798165137614679,1,1,0,340.0,218,3.6333333333333333,48.0,0.8,csp,Subject_002,Session_004
76,1,RIGHT,True,False,hit,False,740.0,30.0,205.51707317073172,30.0,1.0,14,0,14,340.0,410,6.833333333333333,0.0,0.0,csp,Subject_002,Session_004
77,1,RIGHT,False,True,timeout_close_strong,False,624.0,146.0,330.0733333333333,136.0,0.65,7,2,5,234.0,600,10.0,0.0,0.0,csp,Subject_002,Session_004
78,1,RIGHT,True,False,hit,False,740.0,30.0,179.20408163265307,30.0,1.0,4,0,4,340.0,196,3.2666666666666666,0.0,0.0,csp,Subject_002,Session_004
79,0,LEFT,False,True,timeout_close_weak,False,340.0,280.0,383.6312292358804,182.0,0.3239202657807309,6,2,4,158.0,602,10.033333333333333,192.0,3.2,csp,Subject_002,Session_004
80,0,LEFT,False,False,wrong_paddle,False,740.0,680.0,511.0,342.0,0.0,0,0,0,0.0,170,2.8333333333333335,,,csp,Subject_002,Session_004
81,0,LEFT,False,False,wrong_paddle,False,740.0,680.0,511.0,342.0,0.0,0,0,0,0.0,170,2.8333333333333335,,,csp,Subject_002,Session_004
82,1,RIGHT,True,False,hit,False,740.0,30.0,185.58333333333334,30.0,1.0,2,0,2,340.0,240,4.0,0.0,0.0,csp,Subject_002,Session_004
83,0,LEFT,False,False,wrong_paddle,False,740.0,680.0,511.0,342.0,0.0,0,0,0,0.0,170,2.8333333333333335,,,csp,Subject_002,Session_004
84,0,LEFT,False,False,wrong_paddle,False,740.0,680.0,505.25531914893617,342.0,0.0,2,2,0,0.0,188,3.1333333333333333,,,csp,Subject_002,Session_004
85,1,RIGHT,True,False,hit,False,740.0,30.0,199.0,30.0,1.0,0,0,0,340.0,170,2.8333333333333335,0.0,0.0,csp,Subject_002,Session_004
86,1,RIGHT,True,False,hit,False,740.0,30.0,199.0,30.0,1.0,0,0,0,340.0,170,2.8333333333333335,0.0,0.0,csp,Subject_002,Session_004
87,0,LEFT,False,False,wrong_paddle,False,740.0,680.0,443.48,260.0,0.316,1,0,1,80.0,250,4.166666666666667,0.0,0.0,csp,Subject_002,Session_004
88,0,LEFT,False,False,wrong_paddle,False,740.0,680.0,511.0,342.0,0.0,0,0,0,0.0,170,2.8333333333333335,,,csp,Subject_002,Session_004
89,1,RIGHT,True,False,hit,False,740.0,30.0,276.6212121212121,30.0,0.6439393939393939,1,1,0,340.0,264,4.4,94.0,1.5666666666666667,csp,Subject_002,Session_004
90,1,RIGHT,True,False,hit,False,740.0,30.0,199.0,30.0,1.0,0,0,0,340.0,170,2.8333333333333335,0.0,0.0,csp,Subject_002,Session_004
91,0,LEFT,False,False,wrong_paddle,False,740.0,680.0,511.0,342.0,0.0,0,0,0,0.0,170,2.8333333333333335,,,csp,Subject_002,Session_004
92,1,RIGHT,True,False,hit,False,740.0,30.0,199.0,30.0,1.0,0,0,0,340.0,170,2.8333333333333335,0.0,0.0,csp,Subject_002,Session_004
93,0,LEFT,False,False,wrong_paddle,False,740.0,680.0,511.0,342.0,0.0,0,0,0,0.0,170,2.8333333333333335,,,csp,Subject_002,Session_004
94,1,RIGHT,True,False,hit,False,740.0,30.0,167.68639053254438,30.0,1.0,2,0,2,340.0,338,5.633333333333334,0.0,0.0,csp,Subject_002,Session_004
95,0,LEFT,False,False,wrong_paddle,False,740.0,680.0,428.5735294117647,252.0,0.3713235294117647,3,0,3,88.0,272,4.533333333333333,0.0,0.0,csp,Subject_002,Session_004
96,0,LEFT,False,False,wrong_paddle,False,740.0,680.0,515.3595505617977,342.0,0.0,2,2,0,0.0,178,2.966666666666667,,,csp,Subject_002,Session_004
97,1,RIGHT,True,False,hit,False,740.0,30.0,181.6046511627907,30.0,1.0,2,0,2,340.0,258,4.3,0.0,0.0,csp,Subject_002,Session_004
98,1,RIGHT,True,False,hit,False,740.0,30.0,212.54347826086956,30.0,0.9239130434782609,1,1,0,340.0,184,3.066666666666667,14.0,0.23333333333333334,csp,Subject_002,Session_004
99,1,RIGHT,True,False,hit,False,740.0,30.0,199.0,30.0,1.0,0,0,0,340.0,170,2.8333333333333335,0.0,0.0,csp,Subject_002,Session_004
0,1,RIGHT,False,False,wrong_paddle,False,60.0,710.0,426.33720930232556,370.0,0.0,1,1,0,0.0,516,8.6,,,csp,Subject_002,Session_005
1,1,RIGHT,False,True,timeout_wrong,False,268.0,502.0,511.2266666666667,372.0,0.0,14,14,0,0.0,600,10.0,,,csp,Subject_002,Session_005
2,0,LEFT,True,True,hit,False,60.0,0.0,298.5570469798658,0.0,0.6325503355704698,4,1,3,340.0,596,9.933333333333334,0.0,0.0,csp,Subject_002,Session_005
3,1,RIGHT,False,False,wrong_paddle,False,60.0,710.0,541.0,372.0,0.0,0,0,0,0.0,170,2.8333333333333335,,,csp,Subject_002,Session_005
4,0,LEFT,True,False,hit,False,60.0,0.0,169.0,0.0,1.0,0,0,0,340.0,170,2.8333333333333335,0.0,0.0,csp,Subject_002,Session_005
5,1,RIGHT,False,False,wrong_paddle,False,60.0,710.0,541.0,372.0,0.0,0,0,0,0.0,170,2.8333333333333335,,,csp,Subject_002,Session_005
6,0,LEFT,True,False,hit,False,60.0,0.0,169.0,0.0,1.0,0,0,0,340.0,170,2.8333333333333335,0.0,0.0,csp,Subject_002,Session_005
7,0,LEFT,True,False,hit,False,60.0,0.0,182.81981981981983,0.0,1.0,2,0,2,340.0,222,3.7,0.0,0.0,csp,Subject_002,Session_005
8,0,LEFT,True,False,hit,False,60.0,0.0,169.0,0.0,1.0,0,0,0,340.0,170,2.8333333333333335,0.0,0.0,csp,Subject_002,Session_005
9,0,LEFT,True,False,hit,False,60.0,0.0,187.05769230769232,0.0,1.0,4,0,4,340.0,208,3.466666666666667,0.0,0.0,csp,Subject_002,Session_005
10,0,LEFT,True,False,hit,False,60.0,0.0,169.0,0.0,1.0,0,0,0,340.0,170,2.8333333333333335,0.0,0.0,csp,Subject_002,Session_005
11,1,RIGHT,False,False,wrong_paddle,False,60.0,710.0,499.258064516129,364.0,0.016129032258064516,6,5,1,6.0,310,5.166666666666667,112.0,1.8666666666666667,csp,Subject_002,Session_005
12,0,LEFT,True,False,hit,False,60.0,0.0,169.0,0.0,1.0,0,0,0,340.0,170,2.8333333333333335,0.0,0.0,csp,Subject_002,Session_005
13,1,RIGHT,False,False,wrong_paddle,False,60.0,710.0,537.9310344827586,372.0,0.0,2,2,0,0.0,348,5.8,,,csp,Subject_002,Session_005
14,1,RIGHT,False,False,wrong_paddle,False,60.0,710.0,541.0,372.0,0.0,0,0,0,0.0,170,2.8333333333333335,,,csp,Subject_002,Session_005
15,0,LEFT,True,False,hit,False,60.0,0.0,169.0,0.0,1.0,0,0,0,340.0,170,2.8333333333333335,0.0,0.0,csp,Subject_002,Session_005
16,1,RIGHT,False,False,wrong_paddle,False,60.0,710.0,541.0,372.0,0.0,0,0,0,0.0,170,2.8333333333333335,,,csp,Subject_002,Session_005
17,0,LEFT,True,False,hit,False,60.0,0.0,169.0,0.0,1.0,0,0,0,340.0,170,2.8333333333333335,0.0,0.0,csp,Subject_002,Session_005
18,1,RIGHT,False,False,wrong_paddle,False,60.0,710.0,541.0,372.0,0.0,0,0,0,0.0,170,2.8333333333333335,,,csp,Subject_002,Session_005
19,1,RIGHT,False,False,wrong_paddle,False,60.0,710.0,541.0,372.0,0.0,0,0,0,0.0,170,2.8333333333333335,,,csp,Subject_002,Session_005
20,0,LEFT,True,False,hit,False,60.0,0.0,169.0,0.0,1.0,0,0,0,340.0,170,2.8333333333333335,0.0,0.0,csp,Subject_002,Session_005
21,1,RIGHT,False,False,wrong_paddle,False,60.0,710.0,541.0,372.0,0.0,0,0,0,0.0,170,2.8333333333333335,,,csp,Subject_002,Session_005
22,0,LEFT,True,False,hit,False,60.0,0.0,232.39877300613497,0.0,0.8251533742331288,4,1,3,340.0,326,5.433333333333334,0.0,0.0,csp,Subject_002,Session_005
23,1,RIGHT,False,False,wrong_paddle,False,60.0,710.0,537.8089887640449,372.0,0.0,2,2,0,0.0,178,2.966666666666667,,,csp,Subject_002,Session_005
24,1,RIGHT,False,True,wrong_paddle,False,216.0,554.0,356.55333333333334,252.0,0.6383333333333333,13,6,7,118.0,600,10.0,0.0,0.0,csp,Subject_002,Session_005
25,0,LEFT,True,False,hit,False,60.0,0.0,169.0,0.0,1.0,0,0,0,340.0,170,2.8333333333333335,0.0,0.0,csp,Subject_002,Session_005
26,0,LEFT,True,False,hit,False,60.0,0.0,169.0,0.0,1.0,0,0,0,340.0,170,2.8333333333333335,0.0,0.0,csp,Subject_002,Session_005
27,0,LEFT,True,False,hit,False,60.0,0.0,169.0,0.0,1.0,0,0,0,340.0,170,2.8333333333333335,0.0,0.0,csp,Subject_002,Session_005
28,1,RIGHT,False,False,wrong_paddle,False,60.0,710.0,541.0,372.0,0.0,0,0,0,0.0,170,2.8333333333333335,,,csp,Subject_002,Session_005
29,0,LEFT,True,False,hit,False,60.0,0.0,169.0,0.0,1.0,0,0,0,340.0,170,2.8333333333333335,0.0,0.0,csp,Subject_002,Session_005
30,1,RIGHT,False,False,wrong_paddle,False,60.0,710.0,539.1111111111111,372.0,0.0,2,2,0,0.0,180,3.0,,,csp,Subject_002,Session_005
31,1,RIGHT,False,False,wrong_paddle,False,60.0,710.0,521.0816326530612,364.0,0.025510204081632654,9,8,1,6.0,196,3.2666666666666666,0.0,0.0,csp,Subject_002,Session_005
32,0,LEFT,True,False,hit,False,60.0,0.0,166.6818181818182,0.0,1.0,2,0,2,340.0,176,2.933333333333333,0.0,0.0,csp,Subject_002,Session_005
33,1,RIGHT,False,False,wrong_paddle,False,60.0,710.0,559.9795918367347,372.0,0.0,2,2,0,0.0,294,4.9,,,csp,Subject_002,Session_005
34,1,RIGHT,False,False,wrong_paddle,False,60.0,710.0,541.0,372.0,0.0,0,0,0,0.0,170,2.8333333333333335,,,csp,Subject_002,Session_005
35,1,RIGHT,False,False,wrong_paddle,False,60.0,710.0,541.0,372.0,0.0,0,0,0,0.0,170,2.8333333333333335,,,csp,Subject_002,Session_005
36,0,LEFT,True,False,hit,False,60.0,0.0,169.0,0.0,1.0,0,0,0,340.0,170,2.8333333333333335,0.0,0.0,csp,Subject_002,Session_005
37,1,RIGHT,False,False,wrong_paddle,False,60.0,710.0,541.0,372.0,0.0,0,0,0,0.0,170,2.8333333333333335,,,csp,Subject_002,Session_005
38,0,LEFT,True,False,hit,False,60.0,0.0,169.0,0.0,1.0,0,0,0,340.0,170,2.8333333333333335,0.0,0.0,csp,Subject_002,Session_005
39,0,LEFT,True,False,hit,False,60.0,0.0,169.0,0.0,1.0,0,0,0,340.0,170,2.8333333333333335,0.0,0.0,csp,Subject_002,Session_005
40,1,RIGHT,False,False,wrong_paddle,False,60.0,710.0,541.0,372.0,0.0,0,0,0,0.0,170,2.8333333333333335,,,csp,Subject_002,Session_005
41,1,RIGHT,False,False,wrong_paddle,False,60.0,710.0,541.0,372.0,0.0,0,0,0,0.0,170,2.8333333333333335,,,csp,Subject_002,Session_005
42,0,LEFT,True,False,hit,False,60.0,0.0,169.0,0.0,1.0,0,0,0,340.0,170,2.8333333333333335,0.0,0.0,csp,Subject_002,Session_005
43,1,RIGHT,False,False,wrong_paddle,False,60.0,710.0,544.6091954022988,372.0,0.0,2,2,0,0.0,174,2.9,,,csp,Subject_002,Session_005
44,0,LEFT,True,False,hit,False,60.0,0.0,169.0,0.0,1.0,0,0,0,340.0,170,2.8333333333333335,0.0,0.0,csp,Subject_002,Session_005
45,0,LEFT,True,False,hit,False,60.0,0.0,176.2,0.0,1.0,2,0,2,340.0,200,3.3333333333333335,0.0,0.0,csp,Subject_002,Session_005
46,0,LEFT,True,False,hit,False,60.0,0.0,169.0,0.0,1.0,0,0,0,340.0,170,2.8333333333333335,0.0,0.0,csp,Subject_002,Session_005
47,1,RIGHT,False,False,wrong_paddle,False,60.0,710.0,541.0,372.0,0.0,0,0,0,0.0,170,2.8333333333333335,,,csp,Subject_002,Session_005
48,0,LEFT,True,False,hit,False,60.0,0.0,169.0,0.0,1.0,0,0,0,340.0,170,2.8333333333333335,0.0,0.0,csp,Subject_002,Session_005
49,0,LEFT,True,False,hit,False,60.0,0.0,169.0,0.0,1.0,0,0,0,340.0,170,2.8333333333333335,0.0,0.0,csp,Subject_002,Session_005
50,1,RIGHT,False,False,wrong_paddle,False,60.0,710.0,541.0,372.0,0.0,0,0,0,0.0,170,2.8333333333333335,,,csp,Subject_002,Session_005
51,1,RIGHT,False,False,wrong_paddle,False,60.0,710.0,560.5925925925926,372.0,0.0,2,2,0,0.0,216,3.6,,,csp,Subject_002,Session_005
52,0,LEFT,True,False,hit,False,60.0,0.0,169.0,0.0,1.0,0,0,0,340.0,170,2.8333333333333335,0.0,0.0,csp,Subject_002,Session_005
53,0,LEFT,True,False,hit,False,60.0,0.0,169.0,0.0,1.0,0,0,0,340.0,170,2.8333333333333335,0.0,0.0,csp,Subject_002,Session_005
54,0,LEFT,True,False,hit,False,60.0,0.0,169.0,0.0,1.0,0,0,0,340.0,170,2.8333333333333335,0.0,0.0,csp,Subject_002,Session_005
55,1,RIGHT,False,False,wrong_paddle,False,60.0,710.0,545.6122448979592,372.0,0.0,8,8,0,0.0,196,3.2666666666666666,,,csp,Subject_002,Session_005
56,1,RIGHT,False,False,wrong_paddle,False,60.0,710.0,569.48,372.0,0.0,2,2,0,0.0,250,4.166666666666667,,,csp,Subject_002,Session_005
57,1,RIGHT,False,False,wrong_paddle,False,60.0,710.0,545.2222222222222,372.0,0.0,2,2,0,0.0,180,3.0,,,csp,Subject_002,Session_005
58,1,RIGHT,False,False,wrong_paddle,False,60.0,710.0,541.0,372.0,0.0,0,0,0,0.0,170,2.8333333333333335,,,csp,Subject_002,Session_005
59,0,LEFT,True,False,hit,False,60.0,0.0,169.0,0.0,1.0,0,0,0,340.0,170,2.8333333333333335,0.0,0.0,csp,Subject_002,Session_005
60,1,RIGHT,False,False,wrong_paddle,False,60.0,710.0,541.0,372.0,0.0,0,0,0,0.0,170,2.8333333333333335,,,csp,Subject_002,Session_005
61,1,RIGHT,False,False,wrong_paddle,False,60.0,710.0,541.0,372.0,0.0,0,0,0,0.0,170,2.8333333333333335,,,csp,Subject_002,Session_005
62,1,RIGHT,False,False,wrong_paddle,False,60.0,710.0,541.0,372.0,0.0,0,0,0,0.0,170,2.8333333333333335,,,csp,Subject_002,Session_005
63,1,RIGHT,False,False,wrong_paddle,False,60.0,710.0,541.0,372.0,0.0,0,0,0,0.0,170,2.8333333333333335,,,csp,Subject_002,Session_005
64,0,LEFT,True,False,hit,False,60.0,0.0,169.0,0.0,1.0,0,0,0,340.0,170,2.8333333333333335,0.0,0.0,csp,Subject_002,Session_005
65,1,RIGHT,False,False,wrong_paddle,False,60.0,710.0,548.4444444444445,372.0,0.0,2,2,0,0.0,180,3.0,,,csp,Subject_002,Session_005
66,0,LEFT,True,False,hit,False,60.0,0.0,169.0,0.0,1.0,0,0,0,340.0,170,2.8333333333333335,0.0,0.0,csp,Subject_002,Session_005
67,1,RIGHT,False,False,wrong_paddle,False,60.0,710.0,503.27972027972027,372.0,0.0,2,2,0,0.0,286,4.766666666666667,,,csp,Subject_002,Session_005
68,0,LEFT,True,False,hit,False,60.0,0.0,153.25,0.0,1.0,2,0,2,340.0,240,4.0,0.0,0.0,csp,Subject_002,Session_005
69,0,LEFT,True,False,hit,False,60.0,0.0,169.0,0.0,1.0,0,0,0,340.0,170,2.8333333333333335,0.0,0.0,csp,Subject_002,Session_005
70,1,RIGHT,False,False,wrong_paddle,False,60.0,710.0,494.5081967213115,356.0,0.05327868852459016,4,3,1,14.0,244,4.066666666666666,32.0,0.5333333333333333,csp,Subject_002,Session_005
71,0,LEFT,True,False,hit,False,60.0,0.0,169.0,0.0,1.0,0,0,0,340.0,170,2.8333333333333335,0.0,0.0,csp,Subject_002,Session_005
72,0,LEFT,False,True,timeout_close_strong,False,104.0,44.0,172.44481605351172,10.0,1.0,8,0,8,330.0,598,9.966666666666667,0.0,0.0,csp,Subject_002,Session_005
73,1,RIGHT,False,False,wrong_paddle,False,60.0,710.0,520.1458333333334,348.0,0.109375,1,0,1,22.0,192,3.2,0.0,0.0,csp,Subject_002,Session_005
74,1,RIGHT,False,False,wrong_paddle,False,60.0,710.0,541.0,372.0,0.0,0,0,0,0.0,170,2.8333333333333335,,,csp,Subject_002,Session_005
75,0,LEFT,True,False,hit,False,60.0,0.0,169.0,0.0,1.0,0,0,0,340.0,170,2.8333333333333335,0.0,0.0,csp,Subject_002,Session_005
76,0,LEFT,True,False,hit,False,60.0,0.0,200.30985915492957,0.0,1.0,2,0,2,340.0,284,4.733333333333333,0.0,0.0,csp,Subject_002,Session_005
77,0,LEFT,True,False,hit,False,60.0,0.0,205.38095238095238,0.0,0.8095238095238095,1,1,0,340.0,210,3.5,40.0,0.6666666666666666,csp,Subject_002,Session_005
78,1,RIGHT,False,False,wrong_paddle,False,60.0,710.0,561.7453416149068,364.0,0.015527950310559006,6,5,1,6.0,322,5.366666666666666,22.0,0.36666666666666664,csp,Subject_002,Session_005
79,0,LEFT,True,False,hit,False,60.0,0.0,194.08661417322836,0.0,1.0,4,0,4,340.0,254,4.233333333333333,0.0,0.0,csp,Subject_002,Session_005
80,1,RIGHT,False,False,wrong_paddle,False,60.0,710.0,541.0,372.0,0.0,0,0,0,0.0,170,2.8333333333333335,,,csp,Subject_002,Session_005
81,1,RIGHT,False,False,wrong_paddle,False,60.0,710.0,541.0,372.0,0.0,0,0,0,0.0,170,2.8333333333333335,,,csp,Subject_002,Session_005
82,0,LEFT,True,False,hit,False,60.0,0.0,169.0,0.0,1.0,0,0,0,340.0,170,2.8333333333333335,0.0,0.0,csp,Subject_002,Session_005
83,1,RIGHT,False,False,wrong_paddle,False,60.0,710.0,556.6792452830189,372.0,0.0,4,4,0,0.0,212,3.533333333333333,,,csp,Subject_002,Session_005
84,1,RIGHT,False,False,wrong_paddle,False,60.0,710.0,541.0,372.0,0.0,0,0,0,0.0,170,2.8333333333333335,,,csp,Subject_002,Session_005
85,0,LEFT,True,False,hit,False,60.0,0.0,169.0,0.0,1.0,0,0,0,340.0,170,2.8333333333333335,0.0,0.0,csp,Subject_002,Session_005
86,0,LEFT,True,False,hit,False,60.0,0.0,169.0,0.0,1.0,0,0,0,340.0,170,2.8333333333333335,0.0,0.0,csp,Subject_002,Session_005
87,1,RIGHT,False,False,wrong_paddle,False,60.0,710.0,541.0,372.0,0.0,0,0,0,0.0,170,2.8333333333333335,,,csp,Subject_002,Session_005
88,1,RIGHT,False,False,wrong_paddle,False,60.0,710.0,541.0,372.0,0.0,0,0,0,0.0,170,2.8333333333333335,,,csp,Subject_002,Session_005
89,0,LEFT,True,False,hit,False,60.0,0.0,169.0,0.0,1.0,0,0,0,340.0,170,2.8333333333333335,0.0,0.0,csp,Subject_002,Session_005
90,0,LEFT,True,False,hit,False,60.0,0.0,169.0,0.0,1.0,0,0,0,340.0,170,2.8333333333333335,0.0,0.0,csp,Subject_002,Session_005
91,0,LEFT,True,False,hit,False,60.0,0.0,196.14285714285714,0.0,0.9201680672268907,4,1,3,340.0,238,3.966666666666667,0.0,0.0,csp,Subject_002,Session_005
92,0,LEFT,True,False,hit,False,60.0,0.0,184.6969696969697,0.0,1.0,2,0,2,340.0,198,3.3,0.0,0.0,csp,Subject_002,Session_005
93,1,RIGHT,False,False,wrong_paddle,False,60.0,710.0,517.6792452830189,372.0,0.0,6,6,0,0.0,212,3.533333333333333,,,csp,Subject_002,Session_005
94,1,RIGHT,False,False,wrong_paddle,False,60.0,710.0,541.0,372.0,0.0,0,0,0,0.0,170,2.8333333333333335,,,csp,Subject_002,Session_005
95,0,LEFT,True,False,hit,False,60.0,0.0,169.0,0.0,1.0,0,0,0,340.0,170,2.8333333333333335,0.0,0.0,csp,Subject_002,Session_005
96,0,LEFT,True,False,hit,False,60.0,0.0,169.0,0.0,1.0,0,0,0,340.0,170,2.8333333333333335,0.0,0.0,csp,Subject_002,Session_005
97,0,LEFT,True,False,hit,False,60.0,0.0,169.0,0.0,1.0,0,0,0,340.0,170,2.8333333333333335,0.0,0.0,csp,Subject_002,Session_005
98,1,RIGHT,False,False,wrong_paddle,False,60.0,710.0,541.0,372.0,0.0,0,0,0,0.0,170,2.8333333333333335,,,csp,Subject_002,Session_005
99,1,RIGHT,False,False,wrong_paddle,False,60.0,710.0,541.0,372.0,0.0,0,0,0,0.0,170,2.8333333333333335,,,csp,Subject_002,Session_005
0,0,LEFT,False,False,wrong_early,False,444.0,384.0,318.11467116357505,184.0,0.357504215851602,23,9,14,156.0,593,9.883333333333333,275.0,4.583333333333333,csp,Subject_003,Session_002
1,1,RIGHT,True,False,hit,False,740.0,30.0,194.2340425531915,30.0,1.0,4,0,4,340.0,188,3.1333333333333333,0.0,0.0,csp,Subject_003,Session_002
2,0,LEFT,False,False,wrong_paddle,False,740.0,680.0,478.22535211267603,338.0,0.0035211267605633804,10,9,1,2.0,284,4.733333333333333,16.0,0.26666666666666666,csp,Subject_003,Session_002
3,0,LEFT,False,False,wrong_paddle,False,740.0,680.0,502.75,342.0,0.0,8,8,0,0.0,224,3.7333333333333334,,,csp,Subject_003,Session_002
4,0,LEFT,False,False,wrong_paddle,False,740.0,680.0,530.7611940298508,342.0,0.0,12,12,0,0.0,268,4.466666666666667,,,csp,Subject_003,Session_002
5,1,RIGHT,True,False,hit,False,740.0,30.0,188.1,30.0,1.0,6,0,6,340.0,200,3.3333333333333335,0.0,0.0,csp,Subject_003,Session_002
6,0,LEFT,False,False,wrong_paddle,False,740.0,680.0,501.35897435897436,342.0,0.0,14,14,0,0.0,468,7.8,,,csp,Subject_003,Session_002
7,0,LEFT,False,True,wrong_paddle,False,620.0,560.0,402.5234899328859,224.0,0.4899328859060403,27,9,18,116.0,596,9.933333333333334,14.0,0.23333333333333334,csp,Subject_003,Session_002
8,1,RIGHT,False,True,timeout_close_strong,False,714.0,56.0,313.4070351758794,56.0,0.6365159128978225,23,8,15,314.0,597,9.95,30.0,0.5,csp,Subject_003,Session_002
9,0,LEFT,False,False,wrong_paddle,True,740.0,680.0,475.7317073170732,326.0,0.026422764227642278,28,27,1,14.0,492,8.2,24.0,0.4,csp,Subject_003,Session_002
10,1,RIGHT,True,False,hit,False,740.0,30.0,203.8988764044944,30.0,1.0,4,0,4,340.0,178,2.966666666666667,0.0,0.0,csp,Subject_003,Session_002
11,0,LEFT,False,False,wrong_paddle,False,740.0,680.0,498.18,336.0,0.015,3,2,1,4.0,200,3.3333333333333335,0.0,0.0,csp,Subject_003,Session_002
12,1,RIGHT,True,False,hit,False,740.0,30.0,195.72727272727272,30.0,1.0,2,0,2,340.0,176,2.933333333333333,0.0,0.0,csp,Subject_003,Session_002
13,1,RIGHT,True,False,hit,False,740.0,30.0,200.53246753246754,30.0,1.0,18,0,18,340.0,308,5.133333333333334,0.0,0.0,csp,Subject_003,Session_002
14,1,RIGHT,True,False,hit,False,740.0,30.0,222.25,30.0,1.0,14,0,14,340.0,288,4.8,0.0,0.0,csp,Subject_003,Session_002
15,1,RIGHT,True,False,hit,False,740.0,30.0,199.0,30.0,1.0,0,0,0,340.0,170,2.8333333333333335,0.0,0.0,csp,Subject_003,Session_002
16,0,LEFT,False,False,wrong_paddle,False,740.0,680.0,487.75471698113205,340.0,0.0,10,10,0,0.0,212,3.533333333333333,,,csp,Subject_003,Session_002
17,0,LEFT,False,False,wrong_paddle,False,740.0,680.0,511.0,342.0,0.0,0,0,0,0.0,170,2.8333333333333335,,,csp,Subject_003,Session_002
18,1,RIGHT,True,False,hit,False,740.0,30.0,218.49068322981367,30.0,1.0,16,0,16,340.0,322,5.366666666666666,0.0,0.0,csp,Subject_003,Session_002
19,1,RIGHT,True,False,hit,False,740.0,30.0,227.75862068965517,30.0,0.8486590038314177,36,5,31,340.0,522,8.7,0.0,0.0,csp,Subject_003,Session_002
20,1,RIGHT,True,False,hit,False,740.0,30.0,234.8348623853211,30.0,0.9357798165137615,4,2,2,340.0,218,3.6333333333333333,0.0,0.0,csp,Subject_003,Session_002
21,1,RIGHT,True,False,hit,False,740.0,30.0,140.62337662337663,30.0,1.0,8,0,8,340.0,308,5.133333333333334,0.0,0.0,csp,Subject_003,Session_002
22,0,LEFT,False,False,wrong_paddle,False,740.0,680.0,490.3809523809524,328.0,0.04365079365079365,9,8,1,12.0,252,4.2,0.0,0.0,csp,Subject_003,Session_002
23,1,RIGHT,True,False,hit,False,740.0,30.0,253.3568075117371,30.0,0.6384976525821596,24,12,12,340.0,426,7.1,0.0,0.0,csp,Subject_003,Session_002
24,1,RIGHT,False,True,timeout_close_weak,False,510.0,260.0,302.4168067226891,126.0,0.8134453781512605,35,7,28,244.0,595,9.916666666666666,0.0,0.0,csp,Subject_003,Session_002
25,0,LEFT,False,True,wrong_paddle,False,638.0,578.0,307.01848739495796,152.0,0.7176470588235294,30,11,19,188.0,595,9.916666666666666,10.0,0.16666666666666666,csp,Subject_003,Session_002
26,1,RIGHT,True,False,hit,False,740.0,30.0,231.6290322580645,30.0,1.0,14,0,14,340.0,248,4.133333333333334,0.0,0.0,csp,Subject_003,Session_002
27,1,RIGHT,True,False,hit,False,740.0,30.0,212.0701754385965,30.0,1.0,8,0,8,340.0,228,3.8,0.0,0.0,csp,Subject_003,Session_002
28,0,LEFT,False,False,wrong_paddle,True,740.0,680.0,498.6683937823834,298.0,0.11917098445595854,21,19,2,42.0,386,6.433333333333334,0.0,0.0,csp,Subject_003,Session_002
29,1,RIGHT,True,False,hit,False,740.0,30.0,180.49685534591194,30.0,0.9748427672955975,19,1,18,340.0,318,5.3,8.0,0.13333333333333333,csp,Subject_003,Session_002
30,0,LEFT,False,False,wrong_paddle,True,740.0,680.0,465.7808219178082,342.0,0.0,16,16,0,0.0,292,4.866666666666666,,,csp,Subject_003,Session_002
31,0,LEFT,False,True,wrong_paddle,True,654.0,594.0,490.1579831932773,338.0,0.0016806722689075631,31,30,1,2.0,595,9.916666666666666,2.0,0.03333333333333333,csp,Subject_003,Session_002
32,0,LEFT,False,True,wrong_paddle,True,594.0,534.0,527.9765494137354,342.0,0.0,44,44,0,0.0,597,9.95,,,csp,Subject_003,Session_002
33,1,RIGHT,True,False,hit,False,740.0,30.0,199.8125,30.0,1.0,4,0,4,340.0,192,3.2,0.0,0.0,csp,Subject_003,Session_002
34,0,LEFT,False,False,wrong_paddle,True,740.0,680.0,449.8995983935743,234.0,0.23092369477911648,21,16,5,106.0,498,8.3,0.0,0.0,csp,Subject_003,Session_002
35,1,RIGHT,True,False,hit,False,740.0,30.0,220.77297297297298,30.0,0.9972972972972973,20,1,19,340.0,370,6.166666666666667,0.0,0.0,csp,Subject_003,Session_002
36,1,RIGHT,True,False,hit,False,740.0,30.0,277.17808219178085,30.0,0.7226027397260274,9,4,5,340.0,292,4.866666666666666,8.0,0.13333333333333333,csp,Subject_003,Session_002
37,0,LEFT,False,False,wrong_paddle,False,740.0,680.0,491.4642857142857,302.0,0.13095238095238096,15,13,2,38.0,336,5.6,0.0,0.0,csp,Subject_003,Session_002
38,0,LEFT,False,False,wrong_paddle,True,740.0,680.0,537.6071428571429,342.0,0.0,26,26,0,0.0,336,5.6,,,csp,Subject_003,Session_002
39,0,LEFT,False,False,wrong_paddle,True,740.0,680.0,499.234693877551,342.0,0.0,22,22,0,0.0,392,6.533333333333333,,,csp,Subject_003,Session_002
40,1,RIGHT,True,False,hit,False,740.0,30.0,190.0,30.0,1.0,6,0,6,340.0,192,3.2,0.0,0.0,csp,Subject_003,Session_002
41,1,RIGHT,True,False,hit,False,740.0,30.0,215.85714285714286,30.0,1.0,4,0,4,340.0,196,3.2666666666666666,0.0,0.0,csp,Subject_003,Session_002
42,0,LEFT,False,False,wrong_paddle,False,740.0,680.0,513.0754716981132,342.0,0.0,10,10,0,0.0,212,3.533333333333333,,,csp,Subject_003,Session_002
43,0,LEFT,False,False,wrong_paddle,False,740.0,680.0,467.55172413793105,342.0,0.0,12,12,0,0.0,290,4.833333333333333,,,csp,Subject_003,Session_002
44,0,LEFT,False,False,wrong_paddle,False,740.0,680.0,436.9347826086956,286.0,0.31521739130434784,20,14,6,54.0,368,6.133333333333334,22.0,0.36666666666666664,csp,Subject_003,Session_002
45,1,RIGHT,True,False,hit,False,740.0,30.0,207.4742268041237,30.0,1.0,4,0,4,340.0,194,3.2333333333333334,0.0,0.0,csp,Subject_003,Session_002
46,1,RIGHT,False,True,timeout_close_weak,True,418.0,352.0,382.2579564489112,256.0,0.4355108877721943,31,18,13,114.0,597,9.95,128.0,2.1333333333333333,csp,Subject_003,Session_002
47,1,RIGHT,False,False,wrong_paddle,True,60.0,710.0,463.25217391304346,292.0,0.2673913043478261,26,15,11,78.0,460,7.666666666666667,42.0,0.7,csp,Subject_003,Session_002
48,1,RIGHT,True,False,hit,False,740.0,30.0,199.0,30.0,1.0,0,0,0,340.0,170,2.8333333333333335,0.0,0.0,csp,Subject_003,Session_002
49,0,LEFT,False,False,wrong_paddle,False,740.0,680.0,515.629213483146,342.0,0.0,4,4,0,0.0,178,2.966666666666667,,,csp,Subject_003,Session_002
50,1,RIGHT,True,False,hit,False,740.0,30.0,141.08839779005524,30.0,1.0,20,0,20,340.0,362,6.033333333333333,0.0,0.0,csp,Subject_003,Session_002
51,1,RIGHT,True,False,hit,False,740.0,30.0,206.41573033707866,30.0,1.0,2,0,2,340.0,178,2.966666666666667,0.0,0.0,csp,Subject_003,Session_002
52,1,RIGHT,True,False,hit,False,740.0,30.0,288.741935483871,30.0,0.6981566820276498,26,11,15,340.0,434,7.233333333333333,0.0,0.0,csp,Subject_003,Session_002
53,1,RIGHT,False,False,close_weak_early,True,558.0,212.0,369.1129848229342,212.0,0.433389544688027,31,22,9,158.0,593,9.883333333333333,0.0,0.0,csp,Subject_003,Session_002
54,0,LEFT,False,False,wrong_paddle,False,740.0,680.0,369.48214285714283,164.0,0.45982142857142855,19,11,8,176.0,448,7.466666666666667,0.0,0.0,csp,Subject_003,Session_002
55,0,LEFT,False,False,wrong_paddle,True,590.0,530.0,411.9156829679595,296.0,0.09443507588532883,24,20,4,44.0,593,9.883333333333333,288.0,4.8,csp,Subject_003,Session_002
56,0,LEFT,False,False,wrong_paddle,False,740.0,680.0,473.9142857142857,342.0,0.0,12,12,0,0.0,280,4.666666666666667,,,csp,Subject_003,Session_002
57,0,LEFT,False,False,wrong_paddle,False,740.0,680.0,507.02197802197804,342.0,0.0,4,4,0,0.0,182,3.033333333333333,,,csp,Subject_003,Session_002
58,0,LEFT,False,False,wrong_paddle,False,740.0,680.0,511.11494252873564,342.0,0.0,2,2,0,0.0,174,2.9,,,csp,Subject_003,Session_002
59,0,LEFT,False,False,wrong_paddle,False,740.0,680.0,523.8173913043478,342.0,0.0,10,10,0,0.0,230,3.8333333333333335,,,csp,Subject_003,Session_002
60,0,LEFT,False,True,timeout_wrong,True,452.0,392.0,389.4161073825503,276.0,0.27684563758389263,46,31,15,64.0,596,9.933333333333334,274.0,4.566666666666666,csp,Subject_003,Session_002
61,0,LEFT,True,False,hit,False,60.0,0.0,185.21818181818182,0.0,1.0,38,0,38,340.0,550,9.166666666666666,0.0,0.0,csp,Subject_003,Session_002
62,1,RIGHT,True,False,hit,False,740.0,30.0,252.74324324324326,30.0,0.9459459459459459,11,1,10,340.0,296,4.933333333333334,16.0,0.26666666666666666,csp,Subject_003,Session_002
63,1,RIGHT,True,False,hit,False,740.0,30.0,204.9318181818182,30.0,0.9659090909090909,1,1,0,340.0,176,2.933333333333333,6.0,0.1,csp,Subject_003,Session_002
64,0,LEFT,False,False,wrong_paddle,False,740.0,680.0,394.89629629629627,218.0,0.4222222222222222,26,12,14,122.0,540,9.0,42.0,0.7,csp,Subject_003,Session_002
65,0,LEFT,False,False,wrong_paddle,True,740.0,680.0,472.96,334.0,0.02,29,27,2,6.0,400,6.666666666666667,0.0,0.0,csp,Subject_003,Session_002
66,1,RIGHT,True,False,hit,False,740.0,30.0,200.58333333333334,30.0,1.0,4,0,4,340.0,192,3.2,0.0,0.0,csp,Subject_003,Session_002
67,1,RIGHT,True,False,hit,False,740.0,30.0,166.28985507246378,30.0,1.0,10,0,10,340.0,276,4.6,0.0,0.0,csp,Subject_003,Session_002
68,0,LEFT,False,False,wrong_paddle,False,740.0,680.0,353.008,220.0,0.614,28,6,22,120.0,500,8.333333333333334,0.0,0.0,csp,Subject_003,Session_002
69,1,RIGHT,True,False,hit,False,740.0,30.0,204.78231292517006,30.0,1.0,36,0,36,340.0,588,9.8,0.0,0.0,csp,Subject_003,Session_002
70,1,RIGHT,True,False,hit,False,740.0,30.0,200.3734939759036,30.0,1.0,16,0,16,340.0,332,5.533333333333333,0.0,0.0,csp,Subject_003,Session_002
71,0,LEFT,False,False,wrong_paddle,False,740.0,680.0,454.5,300.0,0.31875,23,13,10,40.0,320,5.333333333333333,0.0,0.0,csp,Subject_003,Session_002
72,0,LEFT,False,False,wrong_early,True,540.0,480.0,489.61952861952864,342.0,0.0,47,47,0,0.0,594,9.9,,,csp,Subject_003,Session_002
73,1,RIGHT,True,False,hit,False,740.0,30.0,222.52857142857144,30.0,1.0,10,0,10,340.0,280,4.666666666666667,0.0,0.0,csp,Subject_003,Session_002
74,0,LEFT,False,False,wrong_paddle,False,740.0,680.0,477.72463768115944,340.0,0.0,14,14,0,0.0,276,4.6,,,csp,Subject_003,Session_002
75,0,LEFT,False,False,wrong_paddle,False,740.0,680.0,500.69736842105266,342.0,0.0,10,10,0,0.0,304,5.066666666666666,,,csp,Subject_003,Session_002
76,0,LEFT,False,False,wrong_paddle,False,740.0,680.0,498.36170212765956,342.0,0.0,2,2,0,0.0,188,3.1333333333333333,,,csp,Subject_003,Session_002
77,1,RIGHT,True,False,hit,False,740.0,30.0,216.50413223140495,30.0,0.9297520661157025,7,1,6,340.0,242,4.033333333333333,0.0,0.0,csp,Subject_003,Session_002
78,1,RIGHT,True,False,hit,False,740.0,30.0,198.7560975609756,30.0,1.0,10,0,10,340.0,246,4.1,0.0,0.0,csp,Subject_003,Session_002
79,1,RIGHT,True,False,hit,False,740.0,30.0,210.03636363636363,30.0,1.0,6,0,6,340.0,220,3.6666666666666665,0.0,0.0,csp,Subject_003,Session_002
80,0,LEFT,False,False,wrong_paddle,False,740.0,680.0,519.8652482269504,342.0,0.0,14,14,0,0.0,282,4.7,,,csp,Subject_003,Session_002
81,0,LEFT,True,False,hit,False,60.0,0.0,166.23870967741937,0.0,1.0,8,0,8,340.0,310,5.166666666666667,0.0,0.0,csp,Subject_003,Session_002
82,1,RIGHT,True,False,hit,False,740.0,30.0,134.88888888888889,30.0,1.0,26,0,26,340.0,360,6.0,0.0,0.0,csp,Subject_003,Session_002
83,0,LEFT,False,False,wrong_paddle,False,740.0,680.0,486.2280701754386,326.0,0.05701754385964912,5,4,1,14.0,228,3.8,0.0,0.0,csp,Subject_003,Session_002
84,0,LEFT,False,False,wrong_paddle,False,740.0,680.0,418.31891891891894,210.0,0.36486486486486486,17,14,3,130.0,370,6.166666666666667,0.0,0.0,csp,Subject_003,Session_002
85,1,RIGHT,True,False,hit,False,740.0,30.0,211.07692307692307,30.0,1.0,8,0,8,340.0,208,3.466666666666667,0.0,0.0,csp,Subject_003,Session_002
86,0,LEFT,False,False,wrong_paddle,False,740.0,680.0,518.672131147541,342.0,0.0,10,10,0,0.0,244,4.066666666666666,,,csp,Subject_003,Session_002
87,1,RIGHT,True,False,hit,False,740.0,30.0,251.86772486772486,30.0,0.716931216931217,12,3,9,340.0,378,6.3,2.0,0.03333333333333333,csp,Subject_003,Session_002
88,0,LEFT,False,False,wrong_paddle,False,740.0,680.0,398.48523206751054,194.0,0.45147679324894513,21,13,8,146.0,474,7.9,0.0,0.0,csp,Subject_003,Session_002
89,0,LEFT,False,True,wrong_paddle,True,722.0,662.0,422.27899159663866,224.0,0.3445378151260504,41,26,15,116.0,595,9.916666666666666,0.0,0.0,csp,Subject_003,Session_002
90,1,RIGHT,True,False,hit,False,740.0,30.0,256.2707182320442,30.0,0.7596685082872928,15,6,9,340.0,362,6.033333333333333,6.0,0.1,csp,Subject_003,Session_002
91,0,LEFT,False,False,wrong_paddle,True,740.0,680.0,507.20238095238096,342.0,0.0,20,20,0,0.0,336,5.6,,,csp,Subject_003,Session_002
92,1,RIGHT,True,False,hit,False,740.0,30.0,222.8684210526316,30.0,1.0,10,0,10,340.0,304,5.066666666666666,0.0,0.0,csp,Subject_003,Session_002
93,0,LEFT,False,False,wrong_paddle,False,740.0,680.0,390.73708920187795,192.0,0.41784037558685444,14,6,8,148.0,426,7.1,10.0,0.16666666666666666,csp,Subject_003,Session_002
94,1,RIGHT,True,False,hit,False,740.0,30.0,202.19298245614036,30.0,1.0,16,0,16,340.0,342,5.7,0.0,0.0,csp,Subject_003,Session_002
95,1,RIGHT,True,False,hit,False,740.0,30.0,211.5148514851485,30.0,0.9653465346534653,6,1,5,340.0,202,3.3666666666666667,0.0,0.0,csp,Subject_003,Session_002
96,1,RIGHT,True,False,hit,True,740.0,30.0,336.6761133603239,30.0,0.39068825910931176,18,15,3,340.0,494,8.233333333333333,0.0,0.0,csp,Subject_003,Session_002
97,0,LEFT,False,False,wrong_paddle,False,740.0,680.0,484.5514018691589,342.0,0.0,6,6,0,0.0,214,3.566666666666667,,,csp,Subject_003,Session_002
98,1,RIGHT,True,False,hit,False,740.0,30.0,190.33898305084745,30.0,1.0,6,0,6,340.0,236,3.933333333333333,0.0,0.0,csp,Subject_003,Session_002
99,1,RIGHT,False,True,timeout_wrong,True,374.0,396.0,469.0991596638655,364.0,0.008403361344537815,28,27,1,6.0,595,9.916666666666666,0.0,0.0,csp,Subject_003,Session_002
0,1,RIGHT,False,True,timeout_close_weak,False,578.0,192.0,363.0150753768844,192.0,0.1490787269681742,4,4,0,178.0,597,9.95,508.0,8.466666666666667,csp,Subject_003,Session_004
1,0,LEFT,False,False,wrong_paddle,False,740.0,680.0,486.05829596412553,300.0,0.08744394618834081,5,4,1,40.0,446,7.433333333333334,0.0,0.0,csp,Subject_003,Session_004
2,1,RIGHT,True,False,hit,False,740.0,30.0,214.3978494623656,30.0,0.9139784946236559,1,1,0,340.0,186,3.1,16.0,0.26666666666666666,csp,Subject_003,Session_004
3,0,LEFT,False,True,timeout_wrong,False,458.0,398.0,536.848080133556,342.0,0.0,11,11,0,0.0,599,9.983333333333333,,,csp,Subject_003,Session_004
4,1,RIGHT,False,False,wrong_paddle,False,60.0,710.0,541.0,372.0,0.0,0,0,0,0.0,170,2.8333333333333335,,,csp,Subject_003,Session_004
5,1,RIGHT,False,False,wrong_paddle,False,60.0,710.0,541.0,372.0,0.0,0,0,0,0.0,170,2.8333333333333335,,,csp,Subject_003,Session_004
6,1,RIGHT,False,False,wrong_paddle,False,60.0,710.0,541.0,372.0,0.0,0,0,0,0.0,170,2.8333333333333335,,,csp,Subject_003,Session_004
7,0,LEFT,True,False,hit,False,60.0,0.0,169.0,0.0,1.0,0,0,0,340.0,170,2.8333333333333335,0.0,0.0,csp,Subject_003,Session_004
8,0,LEFT,True,False,hit,False,60.0,0.0,169.0,0.0,1.0,0,0,0,340.0,170,2.8333333333333335,0.0,0.0,csp,Subject_003,Session_004
9,0,LEFT,True,False,hit,False,60.0,0.0,169.0,0.0,1.0,0,0,0,340.0,170,2.8333333333333335,0.0,0.0,csp,Subject_003,Session_004
10,1,RIGHT,False,False,wrong_paddle,False,60.0,710.0,541.0,372.0,0.0,0,0,0,0.0,170,2.8333333333333335,,,csp,Subject_003,Session_004
11,0,LEFT,True,False,hit,False,60.0,0.0,169.0,0.0,1.0,0,0,0,340.0,170,2.8333333333333335,0.0,0.0,csp,Subject_003,Session_004
12,1,RIGHT,False,False,wrong_paddle,False,60.0,710.0,541.0,372.0,0.0,0,0,0,0.0,170,2.8333333333333335,,,csp,Subject_003,Session_004
13,0,LEFT,True,False,hit,False,60.0,0.0,169.0,0.0,1.0,0,0,0,340.0,170,2.8333333333333335,0.0,0.0,csp,Subject_003,Session_004
14,0,LEFT,True,False,hit,False,60.0,0.0,169.0,0.0,1.0,0,0,0,340.0,170,2.8333333333333335,0.0,0.0,csp,Subject_003,Session_004
15,1,RIGHT,False,False,wrong_paddle,False,60.0,710.0,541.0,372.0,0.0,0,0,0,0.0,170,2.8333333333333335,,,csp,Subject_003,Session_004
16,1,RIGHT,False,False,wrong_paddle,False,60.0,710.0,541.0,372.0,0.0,0,0,0,0.0,170,2.8333333333333335,,,csp,Subject_003,Session_004
17,0,LEFT,True,False,hit,False,60.0,0.0,158.96396396396398,0.0,1.0,4,0,4,340.0,222,3.7,0.0,0.0,csp,Subject_003,Session_004
18,1,RIGHT,False,False,wrong_paddle,False,60.0,710.0,503.1284403669725,326.0,0.19724770642201836,3,2,1,44.0,218,3.6333333333333333,0.0,0.0,csp,Subject_003,Session_004
19,0,LEFT,True,False,hit,False,60.0,0.0,159.76470588235293,0.0,1.0,6,0,6,340.0,204,3.4,0.0,0.0,csp,Subject_003,Session_004
20,1,RIGHT,False,False,wrong_paddle,False,60.0,710.0,541.0,372.0,0.0,0,0,0,0.0,170,2.8333333333333335,,,csp,Subject_003,Session_004
21,0,LEFT,True,False,hit,False,60.0,0.0,169.0,0.0,1.0,0,0,0,340.0,170,2.8333333333333335,0.0,0.0,csp,Subject_003,Session_004
22,0,LEFT,True,False,hit,False,60.0,0.0,169.0,0.0,1.0,0,0,0,340.0,170,2.8333333333333335,0.0,0.0,csp,Subject_003,Session_004
23,1,RIGHT,False,False,wrong_paddle,False,60.0,710.0,541.0,372.0,0.0,0,0,0,0.0,170,2.8333333333333335,,,csp,Subject_003,Session_004
24,0,LEFT,True,False,hit,False,60.0,0.0,165.17977528089887,0.0,1.0,2,0,2,340.0,178,2.966666666666667,0.0,0.0,csp,Subject_003,Session_004
25,1,RIGHT,False,True,timeout_wrong,False,232.0,538.0,486.27090301003346,300.0,0.11538461538461539,7,6,1,70.0,598,9.966666666666667,102.0,1.7,csp,Subject_003,Session_004
26,1,RIGHT,False,False,wrong_paddle,False,60.0,710.0,504.64285714285717,372.0,0.0,6,6,0,0.0,280,4.666666666666667,,,csp,Subject_003,Session_004
27,1,RIGHT,False,False,wrong_paddle,False,60.0,710.0,350.92792792792795,96.0,0.6148648648648649,1,0,1,274.0,444,7.4,0.0,0.0,csp,Subject_003,Session_004
28,1,RIGHT,False,False,wrong_paddle,False,60.0,710.0,530.5873015873016,372.0,0.0,6,6,0,0.0,252,4.2,,,csp,Subject_003,Session_004
29,0,LEFT,True,False,hit,False,60.0,0.0,233.29921259842519,0.0,0.7204724409448819,3,2,1,340.0,254,4.233333333333333,6.0,0.1,csp,Subject_003,Session_004
30,0,LEFT,True,False,hit,False,60.0,0.0,169.0,0.0,1.0,0,0,0,340.0,170,2.8333333333333335,0.0,0.0,csp,Subject_003,Session_004
31,0,LEFT,True,False,hit,False,60.0,0.0,169.0,0.0,1.0,0,0,0,340.0,170,2.8333333333333335,0.0,0.0,csp,Subject_003,Session_004
32,1,RIGHT,False,False,wrong_paddle,False,60.0,710.0,541.0,372.0,0.0,0,0,0,0.0,170,2.8333333333333335,,,csp,Subject_003,Session_004
33,1,RIGHT,False,False,wrong_paddle,False,60.0,710.0,541.0,372.0,0.0,0,0,0,0.0,170,2.8333333333333335,,,csp,Subject_003,Session_004
34,1,RIGHT,False,False,wrong_paddle,False,60.0,710.0,334.8473895582329,64.0,0.6124497991967871,2,1,1,306.0,498,8.3,22.0,0.36666666666666664,csp,Subject_003,Session_004
35,0,LEFT,True,False,hit,False,60.0,0.0,173.76190476190476,0.0,1.0,4,0,4,340.0,210,3.5,0.0,0.0,csp,Subject_003,Session_004
36,0,LEFT,True,False,hit,False,60.0,0.0,169.0,0.0,1.0,0,0,0,340.0,170,2.8333333333333335,0.0,0.0,csp,Subject_003,Session_004
37,0,LEFT,True,False,hit,False,60.0,0.0,169.0,0.0,1.0,0,0,0,340.0,170,2.8333333333333335,0.0,0.0,csp,Subject_003,Session_004
38,0,LEFT,True,False,hit,False,60.0,0.0,169.0,0.0,1.0,0,0,0,340.0,170,2.8333333333333335,0.0,0.0,csp,Subject_003,Session_004
39,1,RIGHT,False,True,timeout_wrong,False,292.0,478.0,495.0267558528428,270.0,0.16555183946488294,14,13,1,100.0,598,9.966666666666667,8.0,0.13333333333333333,csp,Subject_003,Session_004
40,1,RIGHT,False,False,wrong_paddle,False,60.0,710.0,541.0,372.0,0.0,0,0,0,0.0,170,2.8333333333333335,,,csp,Subject_003,Session_004
41,1,RIGHT,False,False,wrong_paddle,False,60.0,710.0,541.0,372.0,0.0,0,0,0,0.0,170,2.8333333333333335,,,csp,Subject_003,Session_004
42,1,RIGHT,False,False,wrong_paddle,False,60.0,710.0,541.0,372.0,0.0,0,0,0,0.0,170,2.8333333333333335,,,csp,Subject_003,Session_004
43,1,RIGHT,False,False,wrong_paddle,False,60.0,710.0,541.0,372.0,0.0,0,0,0,0.0,170,2.8333333333333335,,,csp,Subject_003,Session_004
44,1,RIGHT,False,False,wrong_paddle,False,60.0,710.0,353.77464788732397,98.0,0.5827464788732394,9,4,5,272.0,568,9.466666666666667,0.0,0.0,csp,Subject_003,Session_004
45,0,LEFT,True,False,hit,False,60.0,0.0,277.4973544973545,0.0,0.656084656084656,5,1,4,340.0,378,6.3,130.0,2.1666666666666665,csp,Subject_003,Session_004
46,1,RIGHT,False,False,wrong_paddle,False,60.0,710.0,557.9484536082474,372.0,0.0,2,2,0,0.0,194,3.2333333333333334,,,csp,Subject_003,Session_004
47,0,LEFT,True,False,hit,False,60.0,0.0,169.0,0.0,1.0,0,0,0,340.0,170,2.8333333333333335,0.0,0.0,csp,Subject_003,Session_004
48,0,LEFT,True,False,hit,False,60.0,0.0,169.0,0.0,1.0,0,0,0,340.0,170,2.8333333333333335,0.0,0.0,csp,Subject_003,Session_004
49,0,LEFT,True,False,hit,False,60.0,0.0,164.34285714285716,0.0,1.0,8,0,8,340.0,280,4.666666666666667,0.0,0.0,csp,Subject_003,Session_004
50,0,LEFT,True,False,hit,False,60.0,0.0,225.35341365461846,0.0,0.8333333333333334,8,1,7,340.0,498,8.3,0.0,0.0,csp,Subject_003,Session_004
51,0,LEFT,True,False,hit,False,60.0,0.0,204.27586206896552,0.0,1.0,2,0,2,340.0,232,3.8666666666666667,0.0,0.0,csp,Subject_003,Session_004
52,0,LEFT,True,False,hit,False,60.0,0.0,169.0,0.0,1.0,0,0,0,340.0,170,2.8333333333333335,0.0,0.0,csp,Subject_003,Session_004
53,0,LEFT,True,False,hit,False,60.0,0.0,248.04819277108433,0.0,0.7801204819277109,2,1,1,340.0,332,5.533333333333333,0.0,0.0,csp,Subject_003,Session_004
54,1,RIGHT,False,False,wrong_paddle,False,60.0,710.0,537.7586206896551,372.0,0.0,2,2,0,0.0,174,2.9,,,csp,Subject_003,Session_004
55,1,RIGHT,False,True,timeout_close_strong,False,656.0,114.0,386.9130434782609,114.0,0.4080267558528428,11,7,4,256.0,598,9.966666666666667,116.0,1.9333333333333333,csp,Subject_003,Session_004
56,1,RIGHT,False,False,wrong_paddle,False,60.0,710.0,490.12280701754383,312.0,0.25,1,0,1,58.0,228,3.8,0.0,0.0,csp,Subject_003,Session_004
57,0,LEFT,True,False,hit,False,60.0,0.0,260.8181818181818,0.0,0.5944055944055944,3,3,0,340.0,286,4.766666666666667,116.0,1.9333333333333333,csp,Subject_003,Session_004
58,1,RIGHT,False,False,wrong_paddle,False,60.0,710.0,541.0,372.0,0.0,0,0,0,0.0,170,2.8333333333333335,,,csp,Subject_003,Session_004
59,0,LEFT,True,False,hit,False,60.0,0.0,169.0,0.0,1.0,0,0,0,340.0,170,2.8333333333333335,0.0,0.0,csp,Subject_003,Session_004
60,0,LEFT,True,False,hit,False,60.0,0.0,222.08860759493672,0.0,0.8449367088607594,8,1,7,340.0,316,5.266666666666667,0.0,0.0,csp,Subject_003,Session_004
61,1,RIGHT,False,False,wrong_paddle,False,60.0,710.0,491.29473684210524,354.0,0.06315789473684211,8,6,2,16.0,380,6.333333333333333,172.0,2.8666666666666667,csp,Subject_003,Session_004
62,1,RIGHT,False,False,wrong_paddle,False,60.0,710.0,492.06040268456377,352.0,0.07046979865771812,8,5,3,18.0,298,4.966666666666667,96.0,1.6,csp,Subject_003,Session_004
63,1,RIGHT,False,False,wrong_paddle,False,60.0,710.0,573.0413793103448,372.0,0.0,10,10,0,0.0,290,4.833333333333333,,,csp,Subject_003,Session_004
64,1,RIGHT,False,False,wrong_paddle,False,60.0,710.0,499.32369942196533,348.0,0.06069364161849711,6,5,1,22.0,346,5.766666666666667,116.0,1.9333333333333333,csp,Subject_003,Session_004
65,0,LEFT,True,False,hit,False,60.0,0.0,237.52910052910053,0.0,0.7724867724867724,9,1,8,340.0,378,6.3,86.0,1.4333333333333333,csp,Subject_003,Session_004
66,0,LEFT,True,False,hit,False,60.0,0.0,193.03703703703704,0.0,0.8537037037037037,11,2,9,340.0,540,9.0,68.0,1.1333333333333333,csp,Subject_003,Session_004
67,1,RIGHT,False,True,timeout_wrong,False,310.0,460.0,388.8241206030151,220.0,0.40871021775544386,10,6,4,150.0,597,9.95,34.0,0.5666666666666667,csp,Subject_003,Session_004
68,1,RIGHT,True,False,hit,False,740.0,30.0,220.94871794871796,30.0,0.8974358974358975,7,1,6,340.0,234,3.9,24.0,0.4,csp,Subject_003,Session_004
69,1,RIGHT,False,False,wrong_paddle,False,60.0,710.0,333.69888475836433,40.0,0.6115241635687733,7,6,1,330.0,538,8.966666666666667,0.0,0.0,csp,Subject_003,Session_004
70,0,LEFT,True,False,hit,False,60.0,0.0,253.37768240343348,0.0,0.723175965665236,10,1,9,340.0,466,7.766666666666667,0.0,0.0,csp,Subject_003,Session_004
71,0,LEFT,True,False,hit,False,60.0,0.0,221.2158273381295,0.0,0.960431654676259,4,1,3,340.0,278,4.633333333333334,0.0,0.0,csp,Subject_003,Session_004
72,1,RIGHT,False,False,wrong_paddle,False,60.0,710.0,541.0,372.0,0.0,0,0,0,0.0,170,2.8333333333333335,,,csp,Subject_003,Session_004
73,0,LEFT,True,False,hit,False,60.0,0.0,182.23711340206185,0.0,1.0,2,0,2,340.0,194,3.2333333333333334,0.0,0.0,csp,Subject_003,Session_004
74,1,RIGHT,False,False,wrong_paddle,False,60.0,710.0,563.6336633663366,372.0,0.0,4,4,0,0.0,202,3.3666666666666667,,,csp,Subject_003,Session_004
75,0,LEFT,True,False,hit,False,60.0,0.0,219.5079365079365,0.0,0.9206349206349206,9,3,6,340.0,252,4.2,8.0,0.13333333333333333,csp,Subject_003,Session_004
76,0,LEFT,True,False,hit,False,60.0,0.0,169.0,0.0,1.0,0,0,0,340.0,170,2.8333333333333335,0.0,0.0,csp,Subject_003,Session_004
77,0,LEFT,True,False,hit,False,60.0,0.0,158.6338028169014,0.0,1.0,8,0,8,340.0,284,4.733333333333333,0.0,0.0,csp,Subject_003,Session_004
78,0,LEFT,True,False,hit,False,60.0,0.0,270.7642585551331,0.0,0.6406844106463878,6,3,3,340.0,526,8.766666666666667,0.0,0.0,csp,Subject_003,Session_004
79,1,RIGHT,False,False,wrong_paddle,False,60.0,710.0,541.0,372.0,0.0,0,0,0,0.0,170,2.8333333333333335,,,csp,Subject_003,Session_004
80,0,LEFT,True,False,hit,False,60.0,0.0,175.5820895522388,0.0,1.0,2,0,2,340.0,268,4.466666666666667,0.0,0.0,csp,Subject_003,Session_004
81,1,RIGHT,False,False,wrong_paddle,False,60.0,710.0,494.3333333333333,346.0,0.09583333333333334,2,1,1,24.0,240,4.0,46.0,0.7666666666666667,csp,Subject_003,Session_004
82,1,RIGHT,False,False,wrong_paddle,False,60.0,710.0,512.4463276836158,322.0,0.14124293785310735,9,7,2,48.0,354,5.9,0.0,0.0,csp,Subject_003,Session_004
83,1,RIGHT,False,False,wrong_paddle,False,60.0,710.0,491.015873015873,348.0,0.08333333333333333,4,3,1,22.0,252,4.2,60.0,1.0,csp,Subject_003,Session_004
84,1,RIGHT,False,False,wrong_paddle,False,60.0,710.0,541.0,372.0,0.0,0,0,0,0.0,170,2.8333333333333335,,,csp,Subject_003,Session_004
85,1,RIGHT,False,False,wrong_paddle,False,60.0,710.0,556.457627118644,372.0,0.0,6,6,0,0.0,236,3.933333333333333,,,csp,Subject_003,Session_004
86,0,LEFT,True,False,hit,False,60.0,0.0,184.3978494623656,0.0,0.9139784946236559,1,1,0,340.0,186,3.1,16.0,0.26666666666666666,csp,Subject_003,Session_004
87,1,RIGHT,False,False,wrong_paddle,False,60.0,710.0,541.0,372.0,0.0,0,0,0,0.0,170,2.8333333333333335,,,csp,Subject_003,Session_004
88,0,LEFT,True,False,hit,False,60.0,0.0,169.0,0.0,1.0,0,0,0,340.0,170,2.8333333333333335,0.0,0.0,csp,Subject_003,Session_004
89,0,LEFT,True,False,hit,False,60.0,0.0,169.0,0.0,1.0,0,0,0,340.0,170,2.8333333333333335,0.0,0.0,csp,Subject_003,Session_004
90,0,LEFT,True,False,hit,False,60.0,0.0,197.43478260869566,0.0,1.0,2,0,2,340.0,230,3.8333333333333335,0.0,0.0,csp,Subject_003,Session_004
91,1,RIGHT,False,False,wrong_paddle,False,60.0,710.0,532.7777777777778,372.0,0.0,2,2,0,0.0,180,3.0,,,csp,Subject_003,Session_004
92,1,RIGHT,False,False,wrong_paddle,False,60.0,710.0,541.0,372.0,0.0,0,0,0,0.0,170,2.8333333333333335,,,csp,Subject_003,Session_004
93,0,LEFT,True,False,hit,False,60.0,0.0,169.0,0.0,1.0,0,0,0,340.0,170,2.8333333333333335,0.0,0.0,csp,Subject_003,Session_004
94,1,RIGHT,False,False,wrong_paddle,False,60.0,710.0,561.6229508196722,372.0,0.0,2,2,0,0.0,244,4.066666666666666,,,csp,Subject_003,Session_004
95,0,LEFT,True,False,hit,False,60.0,0.0,201.43396226415095,0.0,0.9245283018867925,5,2,3,340.0,212,3.533333333333333,0.0,0.0,csp,Subject_003,Session_004
96,1,RIGHT,False,False,wrong_paddle,False,60.0,710.0,546.292817679558,316.0,0.1464088397790055,6,5,1,54.0,362,6.033333333333333,12.0,0.2,csp,Subject_003,Session_004
97,0,LEFT,True,False,hit,False,60.0,0.0,186.96190476190475,0.0,1.0,4,0,4,340.0,210,3.5,0.0,0.0,csp,Subject_003,Session_004
98,0,LEFT,True,False,hit,False,60.0,0.0,169.0,0.0,1.0,0,0,0,340.0,170,2.8333333333333335,0.0,0.0,csp,Subject_003,Session_004
99,0,LEFT,True,False,hit,False,60.0,0.0,169.0,0.0,1.0,0,0,0,340.0,170,2.8333333333333335,0.0,0.0,csp,Subject_003,Session_004
0,1,RIGHT,False,True,timeout_wrong,False,256.0,514.0,448.9315525876461,370.0,0.0,3,3,0,0.0,599,9.983333333333333,,,csp,Subject_003,Session_005
1,0,LEFT,True,False,hit,False,60.0,0.0,286.58762886597935,0.0,0.595360824742268,8,5,3,340.0,388,6.466666666666667,0.0,0.0,csp,Subject_003,Session_005
2,1,RIGHT,False,False,wrong_paddle,False,60.0,710.0,541.0,372.0,0.0,0,0,0,0.0,170,2.8333333333333335,,,csp,Subject_003,Session_005
3,0,LEFT,True,False,hit,False,60.0,0.0,169.0,0.0,1.0,0,0,0,340.0,170,2.8333333333333335,0.0,0.0,csp,Subject_003,Session_005
4,1,RIGHT,False,False,wrong_paddle,False,60.0,710.0,541.0681818181819,372.0,0.0,2,2,0,0.0,176,2.933333333333333,,,csp,Subject_003,Session_005
5,0,LEFT,True,False,hit,False,60.0,0.0,169.0,0.0,1.0,0,0,0,340.0,170,2.8333333333333335,0.0,0.0,csp,Subject_003,Session_005
6,1,RIGHT,False,False,wrong_paddle,False,60.0,710.0,493.73758865248226,366.0,0.010638297872340425,2,1,1,4.0,282,4.7,108.0,1.8,csp,Subject_003,Session_005
7,1,RIGHT,False,False,wrong_paddle,False,60.0,710.0,436.0,254.0,0.42901234567901236,4,1,3,116.0,324,5.4,14.0,0.23333333333333334,csp,Subject_003,Session_005
8,1,RIGHT,False,False,wrong_paddle,False,60.0,710.0,541.0,372.0,0.0,0,0,0,0.0,170,2.8333333333333335,,,csp,Subject_003,Session_005
9,1,RIGHT,False,False,wrong_paddle,False,60.0,710.0,521.034188034188,372.0,0.0,2,2,0,0.0,234,3.9,,,csp,Subject_003,Session_005
10,0,LEFT,True,False,hit,False,60.0,0.0,169.0,0.0,1.0,0,0,0,340.0,170,2.8333333333333335,0.0,0.0,csp,Subject_003,Session_005
11,0,LEFT,True,False,hit,False,60.0,0.0,169.0,0.0,1.0,0,0,0,340.0,170,2.8333333333333335,0.0,0.0,csp,Subject_003,Session_005
12,0,LEFT,True,False,hit,False,60.0,0.0,169.0,0.0,1.0,0,0,0,340.0,170,2.8333333333333335,0.0,0.0,csp,Subject_003,Session_005
13,1,RIGHT,False,False,wrong_paddle,False,60.0,710.0,541.0,372.0,0.0,0,0,0,0.0,170,2.8333333333333335,,,csp,Subject_003,Session_005
14,0,LEFT,True,False,hit,False,60.0,0.0,169.0,0.0,1.0,0,0,0,340.0,170,2.8333333333333335,0.0,0.0,csp,Subject_003,Session_005
15,0,LEFT,True,False,hit,False,60.0,0.0,169.0,0.0,1.0,0,0,0,340.0,170,2.8333333333333335,0.0,0.0,csp,Subject_003,Session_005
16,1,RIGHT,False,False,wrong_paddle,False,60.0,710.0,541.0,372.0,0.0,0,0,0,0.0,170,2.8333333333333335,,,csp,Subject_003,Session_005
17,0,LEFT,True,False,hit,False,60.0,0.0,169.0,0.0,1.0,0,0,0,340.0,170,2.8333333333333335,0.0,0.0,csp,Subject_003,Session_005
18,1,RIGHT,False,False,wrong_paddle,False,60.0,710.0,541.0,372.0,0.0,0,0,0,0.0,170,2.8333333333333335,,,csp,Subject_003,Session_005
19,0,LEFT,True,False,hit,False,60.0,0.0,169.0,0.0,1.0,0,0,0,340.0,170,2.8333333333333335,0.0,0.0,csp,Subject_003,Session_005
20,1,RIGHT,False,False,wrong_paddle,False,60.0,710.0,532.2307692307693,368.0,0.005494505494505495,4,4,0,2.0,182,3.033333333333333,0.0,0.0,csp,Subject_003,Session_005
21,1,RIGHT,False,False,wrong_paddle,False,60.0,710.0,541.0,372.0,0.0,0,0,0,0.0,170,2.8333333333333335,,,csp,Subject_003,Session_005
22,0,LEFT,True,False,hit,False,60.0,0.0,157.10526315789474,0.0,1.0,2,0,2,340.0,190,3.1666666666666665,0.0,0.0,csp,Subject_003,Session_005
23,1,RIGHT,False,False,wrong_paddle,False,60.0,710.0,541.0,372.0,0.0,0,0,0,0.0,170,2.8333333333333335,,,csp,Subject_003,Session_005
24,0,LEFT,True,False,hit,False,60.0,0.0,169.0,0.0,1.0,0,0,0,340.0,170,2.8333333333333335,0.0,0.0,csp,Subject_003,Session_005
25,0,LEFT,True,False,hit,False,60.0,0.0,169.0,0.0,1.0,0,0,0,340.0,170,2.8333333333333335,0.0,0.0,csp,Subject_003,Session_005
26,1,RIGHT,False,False,wrong_paddle,False,60.0,710.0,541.0,372.0,0.0,0,0,0,0.0,170,2.8333333333333335,,,csp,Subject_003,Session_005
27,1,RIGHT,False,False,wrong_paddle,False,60.0,710.0,541.0,372.0,0.0,0,0,0,0.0,170,2.8333333333333335,,,csp,Subject_003,Session_005
28,1,RIGHT,False,False,wrong_paddle,False,60.0,710.0,541.0,372.0,0.0,0,0,0,0.0,170,2.8333333333333335,,,csp,Subject_003,Session_005
29,1,RIGHT,False,False,wrong_paddle,False,60.0,710.0,541.0,372.0,0.0,0,0,0,0.0,170,2.8333333333333335,,,csp,Subject_003,Session_005
30,0,LEFT,True,False,hit,False,60.0,0.0,169.0,0.0,1.0,0,0,0,340.0,170,2.8333333333333335,0.0,0.0,csp,Subject_003,Session_005
31,0,LEFT,True,False,hit,False,60.0,0.0,169.0,0.0,1.0,0,0,0,340.0,170,2.8333333333333335,0.0,0.0,csp,Subject_003,Session_005
32,1,RIGHT,False,False,wrong_paddle,False,60.0,710.0,541.0,372.0,0.0,0,0,0,0.0,170,2.8333333333333335,,,csp,Subject_003,Session_005
33,0,LEFT,True,False,hit,False,60.0,0.0,169.0,0.0,1.0,0,0,0,340.0,170,2.8333333333333335,0.0,0.0,csp,Subject_003,Session_005
34,1,RIGHT,False,False,wrong_paddle,False,60.0,710.0,541.0,372.0,0.0,0,0,0,0.0,170,2.8333333333333335,,,csp,Subject_003,Session_005
35,1,RIGHT,False,False,wrong_paddle,False,60.0,710.0,541.0,372.0,0.0,0,0,0,0.0,170,2.8333333333333335,,,csp,Subject_003,Session_005
36,0,LEFT,True,False,hit,False,60.0,0.0,169.0,0.0,1.0,0,0,0,340.0,170,2.8333333333333335,0.0,0.0,csp,Subject_003,Session_005
37,0,LEFT,True,False,hit,False,60.0,0.0,169.0,0.0,1.0,0,0,0,340.0,170,2.8333333333333335,0.0,0.0,csp,Subject_003,Session_005
38,0,LEFT,True,False,hit,False,60.0,0.0,169.0,0.0,1.0,0,0,0,340.0,170,2.8333333333333335,0.0,0.0,csp,Subject_003,Session_005
39,0,LEFT,True,False,hit,False,60.0,0.0,169.0,0.0,1.0,0,0,0,340.0,170,2.8333333333333335,0.0,0.0,csp,Subject_003,Session_005
40,0,LEFT,True,False,hit,False,60.0,0.0,169.0,0.0,1.0,0,0,0,340.0,170,2.8333333333333335,0.0,0.0,csp,Subject_003,Session_005
41,0,LEFT,True,False,hit,False,60.0,0.0,169.0,0.0,1.0,0,0,0,340.0,170,2.8333333333333335,0.0,0.0,csp,Subject_003,Session_005
42,1,RIGHT,False,False,wrong_paddle,False,60.0,710.0,541.0,372.0,0.0,0,0,0,0.0,170,2.8333333333333335,,,csp,Subject_003,Session_005
43,0,LEFT,True,False,hit,False,60.0,0.0,169.0,0.0,1.0,0,0,0,340.0,170,2.8333333333333335,0.0,0.0,csp,Subject_003,Session_005
44,1,RIGHT,False,False,wrong_paddle,False,60.0,710.0,541.0,372.0,0.0,0,0,0,0.0,170,2.8333333333333335,,,csp,Subject_003,Session_005
45,0,LEFT,True,False,hit,False,60.0,0.0,285.3127962085308,0.0,0.6042654028436019,8,3,5,340.0,422,7.033333333333333,0.0,0.0,csp,Subject_003,Session_005
46,0,LEFT,True,False,hit,False,60.0,0.0,153.3030303030303,0.0,1.0,2,0,2,340.0,198,3.3,0.0,0.0,csp,Subject_003,Session_005
47,0,LEFT,True,False,hit,False,60.0,0.0,169.0,0.0,1.0,0,0,0,340.0,170,2.8333333333333335,0.0,0.0,csp,Subject_003,Session_005
48,1,RIGHT,False,False,wrong_paddle,False,60.0,710.0,541.0,372.0,0.0,0,0,0,0.0,170,2.8333333333333335,,,csp,Subject_003,Session_005
49,1,RIGHT,False,False,wrong_paddle,False,60.0,710.0,541.0,372.0,0.0,0,0,0,0.0,170,2.8333333333333335,,,csp,Subject_003,Session_005
50,0,LEFT,True,False,hit,False,60.0,0.0,169.0,0.0,1.0,0,0,0,340.0,170,2.8333333333333335,0.0,0.0,csp,Subject_003,Session_005
51,1,RIGHT,False,False,wrong_paddle,False,60.0,710.0,541.0,372.0,0.0,0,0,0,0.0,170,2.8333333333333335,,,csp,Subject_003,Session_005
52,1,RIGHT,False,False,wrong_paddle,False,60.0,710.0,541.0,372.0,0.0,0,0,0,0.0,170,2.8333333333333335,,,csp,Subject_003,Session_005
53,1,RIGHT,False,False,wrong_paddle,False,60.0,710.0,541.0,372.0,0.0,0,0,0,0.0,170,2.8333333333333335,,,csp,Subject_003,Session_005
54,1,RIGHT,False,False,wrong_paddle,False,60.0,710.0,542.6363636363636,372.0,0.0,2,2,0,0.0,176,2.933333333333333,,,csp,Subject_003,Session_005
55,1,RIGHT,False,False,wrong_paddle,False,60.0,710.0,541.0,372.0,0.0,0,0,0,0.0,170,2.8333333333333335,,,csp,Subject_003,Session_005
56,0,LEFT,True,False,hit,False,60.0,0.0,214.96521739130435,0.0,0.808695652173913,5,1,4,340.0,230,3.8333333333333335,44.0,0.7333333333333333,csp,Subject_003,Session_005
57,0,LEFT,True,False,hit,False,60.0,0.0,169.0,0.0,1.0,0,0,0,340.0,170,2.8333333333333335,0.0,0.0,csp,Subject_003,Session_005
58,1,RIGHT,False,False,wrong_paddle,False,60.0,710.0,541.0,372.0,0.0,0,0,0,0.0,170,2.8333333333333335,,,csp,Subject_003,Session_005
59,0,LEFT,True,False,hit,False,60.0,0.0,169.0,0.0,1.0,0,0,0,340.0,170,2.8333333333333335,0.0,0.0,csp,Subject_003,Session_005
60,1,RIGHT,False,False,wrong_paddle,False,60.0,710.0,541.0,372.0,0.0,0,0,0,0.0,170,2.8333333333333335,,,csp,Subject_003,Session_005
61,1,RIGHT,False,False,wrong_paddle,False,60.0,710.0,541.0,372.0,0.0,0,0,0,0.0,170,2.8333333333333335,,,csp,Subject_003,Session_005
62,0,LEFT,True,False,hit,False,60.0,0.0,169.0,0.0,1.0,0,0,0,340.0,170,2.8333333333333335,0.0,0.0,csp,Subject_003,Session_005
63,0,LEFT,True,False,hit,False,60.0,0.0,169.0,0.0,1.0,0,0,0,340.0,170,2.8333333333333335,0.0,0.0,csp,Subject_003,Session_005
64,1,RIGHT,False,False,wrong_paddle,False,60.0,710.0,541.0,372.0,0.0,0,0,0,0.0,170,2.8333333333333335,,,csp,Subject_003,Session_005
65,0,LEFT,True,False,hit,False,60.0,0.0,169.0,0.0,1.0,0,0,0,340.0,170,2.8333333333333335,0.0,0.0,csp,Subject_003,Session_005
66,1,RIGHT,False,False,wrong_paddle,False,60.0,710.0,541.0,372.0,0.0,0,0,0,0.0,170,2.8333333333333335,,,csp,Subject_003,Session_005
67,0,LEFT,True,False,hit,False,60.0,0.0,169.0,0.0,1.0,0,0,0,340.0,170,2.8333333333333335,0.0,0.0,csp,Subject_003,Session_005
68,1,RIGHT,False,False,wrong_paddle,False,60.0,710.0,541.0,372.0,0.0,0,0,0,0.0,170,2.8333333333333335,,,csp,Subject_003,Session_005
69,0,LEFT,True,False,hit,False,60.0,0.0,183.72164948453607,0.0,1.0,4,0,4,340.0,194,3.2333333333333334,0.0,0.0,csp,Subject_003,Session_005
70,1,RIGHT,False,False,wrong_paddle,False,60.0,710.0,541.0,372.0,0.0,0,0,0,0.0,170,2.8333333333333335,,,csp,Subject_003,Session_005
71,0,LEFT,True,False,hit,False,60.0,0.0,169.0,0.0,1.0,0,0,0,340.0,170,2.8333333333333335,0.0,0.0,csp,Subject_003,Session_005
72,0,LEFT,True,False,hit,False,60.0,0.0,169.0,0.0,1.0,0,0,0,340.0,170,2.8333333333333335,0.0,0.0,csp,Subject_003,Session_005
73,1,RIGHT,False,False,wrong_paddle,False,60.0,710.0,512.5855855855856,356.0,0.05855855855855856,7,6,1,14.0,222,3.7,0.0,0.0,csp,Subject_003,Session_005
74,0,LEFT,True,False,hit,False,60.0,0.0,169.0,0.0,1.0,0,0,0,340.0,170,2.8333333333333335,0.0,0.0,csp,Subject_003,Session_005
75,0,LEFT,True,False,hit,False,60.0,0.0,169.0,0.0,1.0,0,0,0,340.0,170,2.8333333333333335,0.0,0.0,csp,Subject_003,Session_005
76,0,LEFT,True,False,hit,False,60.0,0.0,169.0,0.0,1.0,0,0,0,340.0,170,2.8333333333333335,0.0,0.0,csp,Subject_003,Session_005
77,1,RIGHT,False,False,wrong_paddle,False,60.0,710.0,541.0,372.0,0.0,0,0,0,0.0,170,2.8333333333333335,,,csp,Subject_003,Session_005
78,1,RIGHT,False,False,wrong_paddle,False,60.0,710.0,541.0,372.0,0.0,0,0,0,0.0,170,2.8333333333333335,,,csp,Subject_003,Session_005
79,1,RIGHT,False,False,wrong_paddle,False,60.0,710.0,541.0,372.0,0.0,0,0,0,0.0,170,2.8333333333333335,,,csp,Subject_003,Session_005
80,1,RIGHT,False,False,wrong_paddle,False,60.0,710.0,541.0,372.0,0.0,0,0,0,0.0,170,2.8333333333333335,,,csp,Subject_003,Session_005
81,0,LEFT,True,False,hit,False,60.0,0.0,169.0,0.0,1.0,0,0,0,340.0,170,2.8333333333333335,0.0,0.0,csp,Subject_003,Session_005
82,0,LEFT,True,False,hit,False,60.0,0.0,169.0,0.0,1.0,0,0,0,340.0,170,2.8333333333333335,0.0,0.0,csp,Subject_003,Session_005
83,1,RIGHT,False,False,wrong_paddle,False,60.0,710.0,541.0,372.0,0.0,0,0,0,0.0,170,2.8333333333333335,,,csp,Subject_003,Session_005
84,0,LEFT,True,False,hit,False,60.0,0.0,169.0,0.0,1.0,0,0,0,340.0,170,2.8333333333333335,0.0,0.0,csp,Subject_003,Session_005
85,0,LEFT,True,False,hit,False,60.0,0.0,169.0,0.0,1.0,0,0,0,340.0,170,2.8333333333333335,0.0,0.0,csp,Subject_003,Session_005
86,1,RIGHT,False,False,wrong_paddle,False,60.0,710.0,541.0,372.0,0.0,0,0,0,0.0,170,2.8333333333333335,,,csp,Subject_003,Session_005
87,0,LEFT,True,False,hit,False,60.0,0.0,169.0,0.0,1.0,0,0,0,340.0,170,2.8333333333333335,0.0,0.0,csp,Subject_003,Session_005
88,1,RIGHT,False,False,wrong_paddle,False,60.0,710.0,541.0,372.0,0.0,0,0,0,0.0,170,2.8333333333333335,,,csp,Subject_003,Session_005
89,0,LEFT,True,False,hit,False,60.0,0.0,169.0,0.0,1.0,0,0,0,340.0,170,2.8333333333333335,0.0,0.0,csp,Subject_003,Session_005
90,0,LEFT,True,False,hit,False,60.0,0.0,169.0,0.0,1.0,0,0,0,340.0,170,2.8333333333333335,0.0,0.0,csp,Subject_003,Session_005
91,1,RIGHT,False,False,wrong_paddle,False,60.0,710.0,541.0,372.0,0.0,0,0,0,0.0,170,2.8333333333333335,,,csp,Subject_003,Session_005
92,0,LEFT,True,False,hit,False,60.0,0.0,169.0,0.0,1.0,0,0,0,340.0,170,2.8333333333333335,0.0,0.0,csp,Subject_003,Session_005
93,1,RIGHT,False,True,wrong_paddle,False,182.0,588.0,497.9933222036728,296.0,0.12186978297161936,9,8,1,74.0,599,9.983333333333333,118.0,1.9666666666666666,csp,Subject_003,Session_005
94,1,RIGHT,True,False,hit,False,740.0,30.0,342.33658536585364,30.0,0.526829268292683,5,1,4,340.0,410,6.833333333333333,194.0,3.2333333333333334,csp,Subject_003,Session_005
95,1,RIGHT,False,False,wrong_paddle,False,60.0,710.0,423.96491228070175,200.0,0.4144736842105263,13,8,5,170.0,456,7.6,0.0,0.0,csp,Subject_003,Session_005
96,0,LEFT,True,False,hit,False,60.0,0.0,169.0,0.0,1.0,0,0,0,340.0,170,2.8333333333333335,0.0,0.0,csp,Subject_003,Session_005
97,0,LEFT,True,False,hit,False,60.0,0.0,169.0,0.0,1.0,0,0,0,340.0,170,2.8333333333333335,0.0,0.0,csp,Subject_003,Session_005
98,1,RIGHT,False,False,wrong_paddle,False,60.0,710.0,541.0,372.0,0.0,0,0,0,0.0,170,2.8333333333333335,,,csp,Subject_003,Session_005
99,1,RIGHT,False,False,wrong_paddle,False,60.0,710.0,541.0,372.0,0.0,0,0,0,0.0,170,2.8333333333333335,,,csp,Subject_003,Session_005
0,1,RIGHT,False,True,timeout_wrong,False,374.0,396.0,383.86934673366835,338.0,0.06867671691792294,8,5,3,32.0,597,9.95,380.0,6.333333333333333,csp,Subject_005,Session_002
1,1,RIGHT,True,False,hit,False,740.0,30.0,258.5076923076923,30.0,0.7961538461538461,9,4,5,340.0,260,4.333333333333333,18.0,0.3,csp,Subject_005,Session_002
2,0,LEFT,False,True,wrong_paddle,False,596.0,536.0,319.16,150.0,0.6833333333333333,29,11,18,190.0,600,10.0,34.0,0.5666666666666667,csp,Subject_005,Session_002
3,1,RIGHT,True,False,hit,False,740.0,30.0,176.66492146596858,30.0,1.0,6,0,6,340.0,382,6.366666666666666,0.0,0.0,csp,Subject_005,Session_002
4,0,LEFT,False,False,wrong_paddle,False,740.0,680.0,495.2043010752688,342.0,0.0,4,4,0,0.0,372,6.2,,,csp,Subject_005,Session_002
5,0,LEFT,False,False,wrong_paddle,False,740.0,680.0,499.3168316831683,342.0,0.0,6,6,0,0.0,202,3.3666666666666667,,,csp,Subject_005,Session_002
6,1,RIGHT,True,False,hit,False,740.0,30.0,195.1761006289308,30.0,0.9182389937106918,7,1,6,340.0,318,5.3,26.0,0.43333333333333335,csp,Subject_005,Session_002
7,0,LEFT,False,False,wrong_paddle,False,740.0,680.0,495.8723404255319,342.0,0.0,2,2,0,0.0,188,3.1333333333333333,,,csp,Subject_005,Session_002
8,1,RIGHT,True,False,hit,False,740.0,30.0,199.0,30.0,1.0,0,0,0,340.0,170,2.8333333333333335,0.0,0.0,csp,Subject_005,Session_002
9,0,LEFT,False,False,wrong_paddle,False,740.0,680.0,511.0,342.0,0.0,0,0,0,0.0,170,2.8333333333333335,,,csp,Subject_005,Session_002
10,1,RIGHT,False,False,wrong_paddle,False,60.0,710.0,505.3387978142076,320.0,0.13387978142076504,5,4,1,50.0,366,6.1,0.0,0.0,csp,Subject_005,Session_002
11,1,RIGHT,True,False,hit,False,740.0,30.0,290.5772357723577,30.0,0.741869918699187,7,2,5,340.0,492,8.2,112.0,1.8666666666666667,csp,Subject_005,Session_002
12,0,LEFT,False,False,wrong_paddle,False,740.0,680.0,503.7878787878788,342.0,0.0,2,2,0,0.0,198,3.3,,,csp,Subject_005,Session_002
13,0,LEFT,False,False,wrong_paddle,False,740.0,680.0,452.45142857142855,238.0,0.2885714285714286,5,4,1,102.0,350,5.833333333333333,0.0,0.0,csp,Subject_005,Session_002
14,0,LEFT,False,False,wrong_paddle,False,740.0,680.0,511.0,342.0,0.0,0,0,0,0.0,170,2.8333333333333335,,,csp,Subject_005,Session_002
15,0,LEFT,False,False,wrong_paddle,False,740.0,680.0,383.07766990291265,154.0,0.47815533980582525,9,4,5,186.0,412,6.866666666666666,0.0,0.0,csp,Subject_005,Session_002
16,1,RIGHT,True,False,hit,False,740.0,30.0,307.6368715083799,30.0,0.6340782122905028,4,3,1,340.0,358,5.966666666666667,0.0,0.0,csp,Subject_005,Session_002
17,1,RIGHT,True,False,hit,False,740.0,30.0,199.0,30.0,1.0,0,0,0,340.0,170,2.8333333333333335,0.0,0.0,csp,Subject_005,Session_002
18,1,RIGHT,True,False,hit,False,740.0,30.0,202.8728813559322,30.0,1.0,6,0,6,340.0,472,7.866666666666666,0.0,0.0,csp,Subject_005,Session_002
19,0,LEFT,False,False,wrong_paddle,False,740.0,680.0,498.6793893129771,342.0,0.0,4,4,0,0.0,262,4.366666666666666,,,csp,Subject_005,Session_002
20,0,LEFT,True,False,hit,False,60.0,0.0,191.11881188118812,0.0,0.9504950495049505,5,1,4,340.0,202,3.3666666666666667,10.0,0.16666666666666666,csp,Subject_005,Session_002
21,1,RIGHT,False,False,wrong_paddle,False,60.0,710.0,565.7037037037037,372.0,0.0,2,2,0,0.0,216,3.6,,,csp,Subject_005,Session_002
22,1,RIGHT,True,False,hit,False,740.0,30.0,199.0,30.0,1.0,0,0,0,340.0,170,2.8333333333333335,0.0,0.0,csp,Subject_005,Session_002
23,0,LEFT,False,True,timeout_close_strong,False,180.0,120.0,328.9866220735786,120.0,0.5418060200668896,7,3,4,220.0,598,9.966666666666667,56.0,0.9333333333333333,csp,Subject_005,Session_002
24,1,RIGHT,False,False,wrong_paddle,False,60.0,710.0,441.1333333333333,288.0,0.2571428571428571,11,5,6,82.0,420,7.0,0.0,0.0,csp,Subject_005,Session_002
25,0,LEFT,False,True,timeout_wrong,False,442.0,382.0,302.93132328308207,150.0,0.6850921273031826,16,5,11,190.0,597,9.95,0.0,0.0,csp,Subject_005,Session_002
26,0,LEFT,True,False,hit,False,60.0,0.0,285.27272727272725,0.0,0.5636363636363636,13,3,10,340.0,440,7.333333333333333,192.0,3.2,csp,Subject_005,Session_002
27,0,LEFT,False,False,wrong_paddle,False,740.0,680.0,335.5609756097561,172.0,0.6443089430894309,11,2,9,168.0,492,8.2,0.0,0.0,csp,Subject_005,Session_002
28,0,LEFT,True,False,hit,False,60.0,0.0,234.87,0.0,0.63,7,3,4,340.0,400,6.666666666666667,148.0,2.466666666666667,csp,Subject_005,Session_002
29,1,RIGHT,False,False,wrong_paddle,False,60.0,710.0,565.8690476190476,372.0,0.0,4,4,0,0.0,336,5.6,,,csp,Subject_005,Session_002
30,0,LEFT,False,False,wrong_paddle,True,740.0,680.0,460.8364312267658,330.0,0.022304832713754646,18,16,2,10.0,538,8.966666666666667,74.0,1.2333333333333334,csp,Subject_005,Session_002
31,1,RIGHT,True,False,hit,False,740.0,30.0,237.81944444444446,30.0,0.7986111111111112,3,1,2,340.0,288,4.8,58.0,0.9666666666666667,csp,Subject_005,Session_002
32,0,LEFT,False,False,wrong_paddle,False,740.0,680.0,473.5,342.0,0.0,2,2,0,0.0,272,4.533333333333333,,,csp,Subject_005,Session_002
33,1,RIGHT,False,False,wrong_paddle,False,60.0,710.0,508.9502074688797,312.0,0.13900414937759337,6,3,3,58.0,482,8.033333333333333,128.0,2.1333333333333333,csp,Subject_005,Session_002
34,1,RIGHT,True,False,hit,False,740.0,30.0,199.0,30.0,1.0,0,0,0,340.0,170,2.8333333333333335,0.0,0.0,csp,Subject_005,Session_002
35,0,LEFT,False,False,wrong_paddle,False,596.0,536.0,427.3973063973064,216.0,0.29292929292929293,22,14,8,124.0,594,9.9,0.0,0.0,csp,Subject_005,Session_002
36,1,RIGHT,False,False,wrong_paddle,False,60.0,710.0,518.7614678899082,372.0,0.0,2,2,0,0.0,218,3.6333333333333333,,,csp,Subject_005,Session_002
37,0,LEFT,True,False,hit,False,60.0,0.0,165.57471264367817,0.0,1.0,2,0,2,340.0,174,2.9,0.0,0.0,csp,Subject_005,Session_002
38,1,RIGHT,False,True,timeout_close_weak,False,568.0,202.0,332.85333333333335,142.0,0.595,9,2,7,228.0,600,10.0,174.0,2.9,csp,Subject_005,Session_002
39,1,RIGHT,True,False,hit,False,740.0,30.0,199.0,30.0,1.0,0,0,0,340.0,170,2.8333333333333335,0.0,0.0,csp,Subject_005,Session_002
40,0,LEFT,False,False,wrong_paddle,False,740.0,680.0,506.89130434782606,342.0,0.0,2,2,0,0.0,184,3.066666666666667,,,csp,Subject_005,Session_002
41,0,LEFT,False,True,timeout_wrong,False,422.0,362.0,340.11725293132326,112.0,0.4388609715242881,12,8,4,228.0,597,9.95,0.0,0.0,csp,Subject_005,Session_002
42,1,RIGHT,False,True,timeout_close_strong,False,730.0,40.0,365.97654941373537,40.0,0.4371859296482412,16,14,2,330.0,597,9.95,0.0,0.0,csp,Subject_005,Session_002
43,0,LEFT,False,False,wrong_paddle,False,740.0,680.0,487.98130841121497,342.0,0.0,12,12,0,0.0,428,7.133333333333334,,,csp,Subject_005,Session_002
44,0,LEFT,False,True,timeout_wrong,False,552.0,492.0,322.9731543624161,170.0,0.5218120805369127,20,9,11,170.0,596,9.933333333333334,200.0,3.3333333333333335,csp,Subject_005,Session_002
45,0,LEFT,False,False,wrong_paddle,False,740.0,680.0,440.63709677419354,246.0,0.2318548387096774,8,5,3,94.0,496,8.266666666666667,172.0,2.8666666666666667,csp,Subject_005,Session_002
46,1,RIGHT,False,True,timeout_close_weak,False,476.0,294.0,431.30872483221475,294.0,0.2785234899328859,26,14,12,76.0,596,9.933333333333334,0.0,0.0,csp,Subject_005,Session_002
47,0,LEFT,True,False,hit,False,60.0,0.0,272.0794979079498,0.0,0.6338912133891214,11,8,3,340.0,478,7.966666666666667,84.0,1.4,csp,Subject_005,Session_002
48,1,RIGHT,False,False,wrong_paddle,True,60.0,710.0,522.9240506329114,372.0,0.0,16,16,0,0.0,316,5.266666666666667,,,csp,Subject_005,Session_002
49,1,RIGHT,False,False,wrong_paddle,False,60.0,710.0,535.4772727272727,372.0,0.0,2,2,0,0.0,176,2.933333333333333,,,csp,Subject_005,Session_002
50,0,LEFT,False,True,wrong_paddle,False,714.0,654.0,439.06532663316585,196.0,0.2797319932998325,17,12,5,144.0,597,9.95,0.0,0.0,csp,Subject_005,Session_002
51,1,RIGHT,True,False,hit,False,740.0,30.0,162.9102564102564,30.0,1.0,6,0,6,340.0,312,5.2,0.0,0.0,csp,Subject_005,Session_002
52,1,RIGHT,False,False,wrong_paddle,False,60.0,710.0,545.9072164948453,372.0,0.0,4,4,0,0.0,194,3.2333333333333334,,,csp,Subject_005,Session_002
53,0,LEFT,False,False,wrong_paddle,True,740.0,680.0,459.01503759398497,296.0,0.08082706766917293,18,17,1,44.0,532,8.866666666666667,142.0,2.3666666666666667,csp,Subject_005,Session_002
54,0,LEFT,False,False,wrong_paddle,False,740.0,680.0,455.5040650406504,300.0,0.21138211382113822,3,1,2,40.0,246,4.1,0.0,0.0,csp,Subject_005,Session_002
55,0,LEFT,False,False,wrong_paddle,False,740.0,680.0,451.53061224489795,258.0,0.1653061224489796,8,7,1,82.0,490,8.166666666666666,154.0,2.566666666666667,csp,Subject_005,Session_002
56,1,RIGHT,False,False,wrong_paddle,False,60.0,710.0,528.049504950495,372.0,0.0,4,4,0,0.0,202,3.3666666666666667,,,csp,Subject_005,Session_002
57,1,RIGHT,False,True,timeout_close_strong,False,590.0,180.0,329.50415973377704,92.0,0.5973377703826955,13,4,9,278.0,601,10.016666666666667,0.0,0.0,csp,Subject_005,Session_002
58,1,RIGHT,True,False,hit,False,740.0,30.0,320.58659217877096,30.0,0.4748603351955307,17,17,0,340.0,358,5.966666666666667,188.0,3.1333333333333333,csp,Subject_005,Session_002
59,1,RIGHT,False,True,timeout_close_weak,True,490.0,280.0,431.1758793969849,268.0,0.2847571189279732,19,16,3,102.0,597,9.95,380.0,6.333333333333333,csp,Subject_005,Session_002
60,1,RIGHT,True,False,hit,False,740.0,30.0,332.96153846153845,30.0,0.43846153846153846,7,3,4,340.0,520,8.666666666666666,88.0,1.4666666666666666,csp,Subject_005,Session_002
61,0,LEFT,False,True,wrong_paddle,False,674.0,614.0,494.1474036850921,342.0,0.0,8,8,0,0.0,597,9.95,,,csp,Subject_005,Session_002
62,1,RIGHT,False,True,timeout_close_weak,False,424.0,346.0,271.4026845637584,64.0,0.8640939597315436,10,3,7,306.0,596,9.933333333333334,0.0,0.0,csp,Subject_005,Session_002
63,1,RIGHT,True,False,hit,False,740.0,30.0,199.13483146067415,30.0,1.0,2,0,2,340.0,178,2.966666666666667,0.0,0.0,csp,Subject_005,Session_002
64,0,LEFT,False,False,wrong_paddle,False,740.0,680.0,511.0,342.0,0.0,0,0,0,0.0,170,2.8333333333333335,,,csp,Subject_005,Session_002
65,0,LEFT,True,False,hit,False,60.0,0.0,159.98275862068965,0.0,0.9202586206896551,6,1,5,340.0,464,7.733333333333333,0.0,0.0,csp,Subject_005,Session_002
66,0,LEFT,False,False,wrong_paddle,False,740.0,680.0,507.978102189781,314.0,0.09124087591240876,5,4,1,26.0,274,4.566666666666666,0.0,0.0,csp,Subject_005,Session_002
67,1,RIGHT,True,False,hit,False,740.0,30.0,277.75555555555553,30.0,0.6555555555555556,3,1,2,340.0,270,4.5,0.0,0.0,csp,Subject_005,Session_002
68,0,LEFT,True,False,hit,False,60.0,0.0,348.56410256410254,0.0,0.4423076923076923,2,1,1,340.0,468,7.8,0.0,0.0,csp,Subject_005,Session_002
69,0,LEFT,True,False,hit,False,60.0,0.0,203.55345911949686,0.0,0.8553459119496856,5,1,4,340.0,318,5.3,46.0,0.7666666666666667,csp,Subject_005,Session_002
70,1,RIGHT,True,False,hit,False,740.0,30.0,223.40816326530611,30.0,0.8673469387755102,1,1,0,340.0,196,3.2666666666666666,26.0,0.43333333333333335,csp,Subject_005,Session_002
71,0,LEFT,True,False,hit,False,60.0,0.0,136.39655172413794,0.0,1.0,2,0,2,340.0,232,3.8666666666666667,0.0,0.0,csp,Subject_005,Session_002
72,1,RIGHT,True,False,hit,False,740.0,30.0,252.98275862068965,30.0,0.7327586206896551,1,1,0,340.0,232,3.8666666666666667,62.0,1.0333333333333334,csp,Subject_005,Session_002
73,1,RIGHT,True,False,hit,False,740.0,30.0,231.26717557251908,30.0,0.8931297709923665,9,3,6,340.0,524,8.733333333333333,56.0,0.9333333333333333,csp,Subject_005,Session_002
74,1,RIGHT,True,False,hit,False,740.0,30.0,199.0,30.0,1.0,0,0,0,340.0,170,2.8333333333333335,0.0,0.0,csp,Subject_005,Session_002
75,1,RIGHT,True,False,hit,False,740.0,30.0,249.65873015873015,30.0,0.8988095238095238,16,1,15,340.0,504,8.4,0.0,0.0,csp,Subject_005,Session_002
76,0,LEFT,False,False,wrong_paddle,False,740.0,680.0,353.2720588235294,132.0,0.5202205882352942,9,4,5,208.0,544,9.066666666666666,0.0,0.0,csp,Subject_005,Session_002
77,0,LEFT,False,False,wrong_paddle,False,740.0,680.0,483.9578947368421,334.0,0.013157894736842105,12,11,1,6.0,380,6.333333333333333,18.0,0.3,csp,Subject_005,Session_002
78,1,RIGHT,True,False,hit,False,740.0,30.0,191.6950354609929,30.0,1.0,6,0,6,340.0,282,4.7,0.0,0.0,csp,Subject_005,Session_002
79,0,LEFT,False,False,wrong_paddle,False,740.0,680.0,460.12280701754383,282.0,0.25,1,0,1,58.0,228,3.8,0.0,0.0,csp,Subject_005,Session_002
80,0,LEFT,False,False,wrong_paddle,False,740.0,680.0,435.2142857142857,264.0,0.1913265306122449,10,9,1,76.0,392,6.533333333333333,124.0,2.066666666666667,csp,Subject_005,Session_002
81,0,LEFT,False,False,wrong_paddle,False,740.0,680.0,481.8074534161491,342.0,0.0,4,4,0,0.0,322,5.366666666666666,,,csp,Subject_005,Session_002
82,1,RIGHT,True,False,hit,False,740.0,30.0,209.0,30.0,1.0,6,0,6,340.0,182,3.033333333333333,0.0,0.0,csp,Subject_005,Session_002
83,0,LEFT,False,False,wrong_paddle,False,740.0,680.0,518.3939393939394,342.0,0.0,4,4,0,0.0,264,4.4,,,csp,Subject_005,Session_002
84,0,LEFT,False,False,wrong_paddle,False,740.0,680.0,460.6737588652482,342.0,0.0,6,6,0,0.0,282,4.7,,,csp,Subject_005,Session_002
85,1,RIGHT,True,False,hit,False,740.0,30.0,228.62376237623764,30.0,0.8415841584158416,1,1,0,340.0,202,3.3666666666666667,32.0,0.5333333333333333,csp,Subject_005,Session_002
86,0,LEFT,False,False,wrong_paddle,False,740.0,680.0,511.0,342.0,0.0,0,0,0,0.0,170,2.8333333333333335,,,csp,Subject_005,Session_002
87,1,RIGHT,True,False,hit,False,740.0,30.0,198.5846994535519,30.0,1.0,10,0,10,340.0,366,6.1,0.0,0.0,csp,Subject_005,Session_002
88,1,RIGHT,True,False,hit,False,740.0,30.0,263.63309352517985,30.0,0.8489208633093526,4,2,2,340.0,278,4.633333333333334,0.0,0.0,csp,Subject_005,Session_002
89,0,LEFT,False,True,wrong_paddle,False,588.0,528.0,395.13377926421407,232.0,0.24414715719063546,14,12,2,108.0,598,9.966666666666667,180.0,3.0,csp,Subject_005,Session_002
90,1,RIGHT,False,False,wrong_paddle,False,60.0,710.0,337.93023255813955,112.0,0.6531007751937985,11,4,7,258.0,516,8.6,0.0,0.0,csp,Subject_005,Session_002
91,0,LEFT,False,True,timeout_wrong,False,578.0,518.0,377.54924874791317,216.0,0.4373956594323873,14,6,8,124.0,599,9.983333333333333,0.0,0.0,csp,Subject_005,Session_002
92,0,LEFT,False,False,wrong_paddle,False,740.0,680.0,499.9917355371901,342.0,0.0,2,2,0,0.0,242,4.033333333333333,,,csp,Subject_005,Session_002
93,1,RIGHT,True,False,hit,False,740.0,30.0,245.83582089552237,30.0,0.917910447761194,5,1,4,340.0,268,4.466666666666667,22.0,0.36666666666666664,csp,Subject_005,Session_002
94,1,RIGHT,True,False,hit,False,740.0,30.0,219.64583333333334,30.0,0.8854166666666666,3,3,0,340.0,192,3.2,22.0,0.36666666666666664,csp,Subject_005,Session_002
95,1,RIGHT,True,False,hit,False,740.0,30.0,199.0,30.0,1.0,0,0,0,340.0,170,2.8333333333333335,0.0,0.0,csp,Subject_005,Session_002
96,1,RIGHT,False,True,timeout_close_strong,False,672.0,98.0,174.1103678929766,40.0,1.0,12,0,12,330.0,598,9.966666666666667,0.0,0.0,csp,Subject_005,Session_002
97,0,LEFT,False,False,wrong_paddle,False,740.0,680.0,466.65,310.0,0.12083333333333333,4,3,1,30.0,240,4.0,32.0,0.5333333333333333,csp,Subject_005,Session_002
98,1,RIGHT,True,False,hit,False,740.0,30.0,199.0,30.0,1.0,0,0,0,340.0,170,2.8333333333333335,0.0,0.0,csp,Subject_005,Session_002
99,0,LEFT,False,False,wrong_paddle,False,740.0,680.0,511.0,342.0,0.0,0,0,0,0.0,170,2.8333333333333335,,,csp,Subject_005,Session_002
0,1,RIGHT,False,True,timeout_wrong,False,300.0,470.0,384.0732113144759,342.0,0.08153078202995008,14,9,5,28.0,601,10.016666666666667,363.0,6.05,csp,Subject_006,Session_002
1,0,LEFT,True,False,hit,False,60.0,0.0,177.83636363636364,0.0,0.7954545454545454,13,3,10,340.0,440,7.333333333333333,90.0,1.5,csp,Subject_006,Session_002
2,1,RIGHT,False,False,wrong_paddle,False,60.0,710.0,513.8378378378378,372.0,0.0,4,4,0,0.0,296,4.933333333333334,,,csp,Subject_006,Session_002
3,1,RIGHT,False,True,timeout_wrong,True,304.0,466.0,411.3545150501672,176.0,0.3411371237458194,23,19,4,194.0,598,9.966666666666667,42.0,0.7,csp,Subject_006,Session_002
4,0,LEFT,False,False,wrong_paddle,False,740.0,680.0,472.8482142857143,278.0,0.20535714285714285,13,9,4,62.0,448,7.466666666666667,0.0,0.0,csp,Subject_006,Session_002
5,0,LEFT,False,True,timeout_wrong,False,584.0,524.0,265.9866666666667,72.0,0.6816666666666666,16,7,9,268.0,600,10.0,18.0,0.3,csp,Subject_006,Session_002
6,1,RIGHT,True,False,hit,False,740.0,30.0,305.40167364016736,30.0,0.606694560669456,9,5,4,340.0,478,7.966666666666667,188.0,3.1333333333333333,csp,Subject_006,Session_002
7,0,LEFT,False,True,timeout_close_weak,False,330.0,270.0,274.8781302170284,106.0,0.7929883138564274,13,4,9,234.0,599,9.983333333333333,0.0,0.0,csp,Subject_006,Session_002
8,0,LEFT,True,False,hit,False,60.0,0.0,186.47916666666666,0.0,0.9461805555555556,6,1,5,340.0,576,9.6,0.0,0.0,csp,Subject_006,Session_002
9,1,RIGHT,False,True,timeout_wrong,False,334.0,436.0,293.7929883138564,156.0,0.8597662771285476,18,5,13,214.0,599,9.983333333333333,0.0,0.0,csp,Subject_006,Session_002
10,1,RIGHT,False,False,wrong_paddle,False,60.0,710.0,514.71,366.0,0.0075,15,14,1,4.0,400,6.666666666666667,0.0,0.0,csp,Subject_006,Session_002
11,1,RIGHT,False,False,wrong_paddle,False,60.0,710.0,388.4325581395349,192.0,0.5767441860465117,12,2,10,178.0,430,7.166666666666667,6.0,0.1,csp,Subject_006,Session_002
12,0,LEFT,False,True,timeout_close_weak,False,356.0,296.0,233.50666666666666,102.0,0.9283333333333333,19,1,18,238.0,600,10.0,0.0,0.0,csp,Subject_006,Session_002
13,1,RIGHT,False,True,timeout_wrong,False,276.0,494.0,291.7866666666667,102.0,0.835,16,3,13,268.0,600,10.0,8.0,0.13333333333333333,csp,Subject_006,Session_002
14,0,LEFT,True,False,hit,False,60.0,0.0,233.13793103448276,0.0,0.9870689655172413,18,2,16,340.0,464,7.733333333333333,0.0,0.0,csp,Subject_006,Session_002
15,1,RIGHT,False,True,timeout_close_strong,False,724.0,46.0,271.75333333333333,34.0,0.7883333333333333,30,3,27,336.0,600,10.0,0.0,0.0,csp,Subject_006,Session_002
16,1,RIGHT,True,False,hit,False,740.0,30.0,247.7008547008547,30.0,0.9401709401709402,15,1,14,340.0,468,7.8,28.0,0.4666666666666667,csp,Subject_006,Session_002
17,0,LEFT,False,True,timeout_wrong,True,530.0,470.0,414.771285475793,302.0,0.15692821368948248,22,18,4,38.0,599,9.983333333333333,0.0,0.0,csp,Subject_006,Session_002
18,0,LEFT,False,True,wrong_paddle,True,676.0,616.0,531.1270903010034,342.0,0.0,44,44,0,0.0,598,9.966666666666667,,,csp,Subject_006,Session_002
19,0,LEFT,True,False,hit,False,60.0,0.0,194.6161616161616,0.0,0.8585858585858586,3,3,0,340.0,198,3.3,28.0,0.4666666666666667,csp,Subject_006,Session_002
20,0,LEFT,False,True,timeout_close_weak,False,252.0,192.0,195.2943143812709,24.0,0.9347826086956522,25,1,24,316.0,598,9.966666666666667,0.0,0.0,csp,Subject_006,Session_002
21,0,LEFT,False,True,timeout_close_strong,False,204.0,144.0,274.59866220735785,120.0,0.7491638795986622,34,10,24,220.0,598,9.966666666666667,0.0,0.0,csp,Subject_006,Session_002
22,1,RIGHT,True,False,hit,False,740.0,30.0,227.26190476190476,30.0,1.0,14,0,14,340.0,336,5.6,0.0,0.0,csp,Subject_006,Session_002
23,1,RIGHT,True,False,hit,False,740.0,30.0,183.625,30.0,1.0,4,0,4,340.0,224,3.7333333333333334,0.0,0.0,csp,Subject_006,Session_002
24,1,RIGHT,True,False,hit,False,740.0,30.0,308.34256055363323,30.0,0.6280276816608996,22,7,15,340.0,578,9.633333333333333,0.0,0.0,csp,Subject_006,Session_002
25,0,LEFT,False,False,wrong_paddle,False,740.0,680.0,476.0925925925926,332.0,0.037037037037037035,4,2,2,8.0,216,3.6,24.0,0.4,csp,Subject_006,Session_002
26,0,LEFT,False,True,timeout_close_weak,False,320.0,260.0,310.2,204.0,0.6766666666666666,28,9,19,136.0,600,10.0,6.0,0.1,csp,Subject_006,Session_002
27,0,LEFT,True,False,hit,False,60.0,0.0,180.57983193277312,0.0,1.0,18,0,18,340.0,476,7.933333333333334,0.0,0.0,csp,Subject_006,Session_002
28,1,RIGHT,True,False,hit,False,740.0,30.0,319.8611111111111,30.0,0.5717592592592593,9,8,1,340.0,432,7.2,24.0,0.4,csp,Subject_006,Session_002
29,1,RIGHT,True,False,hit,False,740.0,30.0,199.0,30.0,1.0,0,0,0,340.0,170,2.8333333333333335,0.0,0.0,csp,Subject_006,Session_002
30,1,RIGHT,True,False,hit,False,740.0,30.0,200.47663551401868,30.0,0.9252336448598131,3,1,2,340.0,214,3.566666666666667,16.0,0.26666666666666666,csp,Subject_006,Session_002
31,0,LEFT,False,False,wrong_paddle,False,740.0,680.0,511.0,342.0,0.0,0,0,0,0.0,170,2.8333333333333335,,,csp,Subject_006,Session_002
32,1,RIGHT,True,False,hit,False,740.0,30.0,280.5691056910569,30.0,0.7560975609756098,23,5,18,340.0,492,8.2,120.0,2.0,csp,Subject_006,Session_002
33,0,LEFT,True,False,hit,False,60.0,0.0,177.07380073800738,0.0,1.0,24,0,24,340.0,542,9.033333333333333,0.0,0.0,csp,Subject_006,Session_002
34,0,LEFT,False,True,wrong_paddle,True,586.0,526.0,402.2637729549249,288.0,0.2988313856427379,37,27,10,52.0,599,9.983333333333333,0.0,0.0,csp,Subject_006,Session_002
35,1,RIGHT,False,False,wrong_paddle,False,60.0,710.0,498.1278195488722,368.0,0.0037593984962406013,6,5,1,2.0,266,4.433333333333334,8.0,0.13333333333333333,csp,Subject_006,Session_002
36,1,RIGHT,True,False,hit,False,740.0,30.0,296.46181818181816,30.0,0.6763636363636364,13,1,12,340.0,550,9.166666666666666,178.0,2.966666666666667,csp,Subject_006,Session_002
37,0,LEFT,False,False,wrong_paddle,False,740.0,680.0,487.45454545454544,336.0,0.013636363636363636,11,10,1,4.0,220,3.6666666666666665,0.0,0.0,csp,Subject_006,Session_002
38,1,RIGHT,True,False,hit,False,740.0,30.0,228.65562913907286,30.0,0.7880794701986755,9,1,8,340.0,302,5.033333333333333,64.0,1.0666666666666667,csp,Subject_006,Session_002
39,0,LEFT,False,True,timeout_wrong,False,558.0,498.0,442.23865546218485,298.0,0.06890756302521009,10,9,1,42.0,595,9.916666666666666,474.0,7.9,csp,Subject_006,Session_002
40,0,LEFT,False,False,wrong_paddle,True,740.0,680.0,518.3732718894009,342.0,0.0,16,16,0,0.0,434,7.233333333333333,,,csp,Subject_006,Session_002
41,0,LEFT,False,False,wrong_paddle,False,740.0,680.0,470.3833333333333,310.0,0.1375,6,3,3,30.0,240,4.0,26.0,0.43333333333333335,csp,Subject_006,Session_002
42,0,LEFT,False,True,timeout_wrong,True,476.0,416.0,434.98,342.0,0.0,38,38,0,0.0,600,10.0,,,csp,Subject_006,Session_002
43,0,LEFT,False,False,wrong_paddle,True,740.0,680.0,485.15017064846415,304.0,0.06825938566552901,19,15,4,36.0,586,9.766666666666667,0.0,0.0,csp,Subject_006,Session_002
44,1,RIGHT,True,False,hit,False,740.0,30.0,212.93939393939394,30.0,0.9090909090909091,3,1,2,340.0,198,3.3,18.0,0.3,csp,Subject_006,Session_002
45,0,LEFT,True,False,hit,False,60.0,0.0,202.70552147239263,0.0,1.0,6,0,6,340.0,326,5.433333333333334,0.0,0.0,csp,Subject_006,Session_002
46,1,RIGHT,False,False,wrong_paddle,False,60.0,710.0,530.5966386554621,358.0,0.058823529411764705,7,5,2,12.0,238,3.966666666666667,0.0,0.0,csp,Subject_006,Session_002
47,0,LEFT,False,False,wrong_paddle,False,740.0,680.0,504.8837209302326,338.0,0.0029069767441860465,14,14,0,2.0,344,5.733333333333333,0.0,0.0,csp,Subject_006,Session_002
48,0,LEFT,False,True,timeout_close_strong,False,62.0,2.0,238.2170283806344,2.0,0.7512520868113522,16,3,13,338.0,599,9.983333333333333,0.0,0.0,csp,Subject_006,Session_002
49,0,LEFT,True,False,hit,False,60.0,0.0,215.03030303030303,0.0,0.946969696969697,9,1,8,340.0,264,4.4,14.0,0.23333333333333334,csp,Subject_006,Session_002
50,0,LEFT,True,False,hit,False,60.0,0.0,172.68421052631578,0.0,0.9172932330827067,5,1,4,340.0,266,4.433333333333334,22.0,0.36666666666666664,csp,Subject_006,Session_002
51,1,RIGHT,False,False,wrong_paddle,False,60.0,710.0,560.6157205240174,372.0,0.0,12,12,0,0.0,458,7.633333333333334,,,csp,Subject_006,Session_002
52,1,RIGHT,True,False,hit,False,740.0,30.0,269.0175438596491,30.0,0.8004385964912281,12,1,11,340.0,456,7.6,0.0,0.0,csp,Subject_006,Session_002
53,1,RIGHT,True,False,hit,False,740.0,30.0,188.12101910828025,30.0,1.0,12,0,12,340.0,314,5.233333333333333,0.0,0.0,csp,Subject_006,Session_002
54,1,RIGHT,False,False,wrong_paddle,False,60.0,710.0,553.3221476510067,372.0,0.0,6,6,0,0.0,298,4.966666666666667,,,csp,Subject_006,Session_002
55,1,RIGHT,False,True,timeout_close_weak,False,562.0,208.0,214.69449081803006,70.0,0.9632721202003339,18,1,17,300.0,599,9.983333333333333,22.0,0.36666666666666664,csp,Subject_006,Session_002
56,1,RIGHT,False,True,timeout_wrong,True,280.0,490.0,489.9266666666667,310.0,0.105,21,18,3,60.0,600,10.0,0.0,0.0,csp,Subject_006,Session_002
57,1,RIGHT,True,False,hit,False,740.0,30.0,220.31372549019608,30.0,0.9730392156862745,13,2,11,340.0,408,6.8,10.0,0.16666666666666666,csp,Subject_006,Session_002
58,1,RIGHT,False,False,wrong_paddle,False,60.0,710.0,437.76363636363635,266.0,0.42272727272727273,12,6,6,104.0,440,7.333333333333333,36.0,0.6,csp,Subject_006,Session_002
59,0,LEFT,False,True,timeout_wrong,True,572.0,512.0,450.53177257525084,266.0,0.1454849498327759,26,21,5,74.0,598,9.966666666666667,100.0,1.6666666666666667,csp,Subject_006,Session_002
60,1,RIGHT,True,False,hit,False,740.0,30.0,199.57471264367817,30.0,1.0,2,0,2,340.0,174,2.9,0.0,0.0,csp,Subject_006,Session_002
61,1,RIGHT,False,True,timeout_close_strong,False,612.0,158.0,210.1304347826087,78.0,1.0,23,0,23,292.0,598,9.966666666666667,0.0,0.0,csp,Subject_006,Session_002
62,1,RIGHT,False,True,wrong_paddle,False,216.0,554.0,350.67224080267556,188.0,0.580267558528428,23,16,7,182.0,598,9.966666666666667,0.0,0.0,csp,Subject_006,Session_002
63,1,RIGHT,False,False,wrong_paddle,False,60.0,710.0,503.25454545454545,360.0,0.06363636363636363,4,2,2,10.0,220,3.6666666666666665,12.0,0.2,csp,Subject_006,Session_002
64,1,RIGHT,False,False,wrong_paddle,True,60.0,710.0,475.77372262773724,252.0,0.23175182481751824,21,18,3,118.0,548,9.133333333333333,0.0,0.0,csp,Subject_006,Session_002
65,0,LEFT,False,True,timeout_wrong,True,496.0,436.0,452.5183946488294,316.0,0.07525083612040134,24,21,3,24.0,598,9.966666666666667,10.0,0.16666666666666666,csp,Subject_006,Session_002
66,0,LEFT,False,False,wrong_paddle,False,740.0,680.0,466.47906976744184,336.0,0.0069767441860465115,15,14,1,4.0,430,7.166666666666667,0.0,0.0,csp,Subject_006,Session_002
67,0,LEFT,False,False,wrong_paddle,False,740.0,680.0,555.7785234899329,342.0,0.0,6,6,0,0.0,298,4.966666666666667,,,csp,Subject_006,Session_002
68,0,LEFT,False,True,wrong_paddle,True,654.0,594.0,433.62938230383975,212.0,0.2570951585976628,29,19,10,128.0,599,9.983333333333333,58.0,0.9666666666666667,csp,Subject_006,Session_002
69,1,RIGHT,False,False,wrong_paddle,False,60.0,710.0,469.71165644171776,314.0,0.17791411042944785,14,12,2,56.0,326,5.433333333333334,54.0,0.9,csp,Subject_006,Session_002
70,0,LEFT,False,True,timeout_close_strong,False,138.0,78.0,274.58430717863104,78.0,0.7679465776293823,21,6,15,262.0,599,9.983333333333333,20.0,0.3333333333333333,csp,Subject_006,Session_002
71,0,LEFT,False,True,timeout_close_strong,False,184.0,124.0,152.53177257525084,10.0,1.0,20,0,20,330.0,598,9.966666666666667,0.0,0.0,csp,Subject_006,Session_002
72,1,RIGHT,False,False,wrong_paddle,False,60.0,710.0,569.171052631579,372.0,0.0,12,12,0,0.0,304,5.066666666666666,,,csp,Subject_006,Session_002
73,1,RIGHT,False,False,wrong_paddle,False,60.0,710.0,541.0,372.0,0.0,0,0,0,0.0,170,2.8333333333333335,,,csp,Subject_006,Session_002
74,0,LEFT,False,True,timeout_wrong,True,432.0,372.0,480.7725752508361,342.0,0.0,17,17,0,0.0,598,9.966666666666667,,,csp,Subject_006,Session_002
75,0,LEFT,False,True,timeout_wrong,True,506.0,446.0,486.644407345576,342.0,0.0,21,21,0,0.0,599,9.983333333333333,,,csp,Subject_006,Session_002
76,1,RIGHT,False,True,wrong_paddle,False,96.0,674.0,349.7157190635451,210.0,0.657190635451505,17,2,15,160.0,598,9.966666666666667,0.0,0.0,csp,Subject_006,Session_002
77,0,LEFT,True,False,hit,False,60.0,0.0,299.3135888501742,0.0,0.5557491289198606,17,6,11,340.0,574,9.566666666666666,120.0,2.0,csp,Subject_006,Session_002
78,1,RIGHT,False,True,timeout_wrong,False,286.0,484.0,422.24707846410683,294.0,0.24040066777963273,16,10,6,76.0,599,9.983333333333333,236.0,3.933333333333333,csp,Subject_006,Session_002
79,0,LEFT,False,False,wrong_paddle,False,740.0,680.0,519.4948453608248,342.0,0.0,4,4,0,0.0,194,3.2333333333333334,,,csp,Subject_006,Session_002
80,0,LEFT,False,True,timeout_wrong,False,574.0,514.0,310.23706176961605,130.0,0.5726210350584308,18,7,11,210.0,599,9.983333333333333,24.0,0.4,csp,Subject_006,Session_002
81,0,LEFT,False,False,wrong_paddle,False,740.0,680.0,465.60493827160496,268.0,0.23148148148148148,11,8,3,72.0,324,5.4,0.0,0.0,csp,Subject_006,Session_002
82,1,RIGHT,False,False,wrong_paddle,False,60.0,710.0,510.18709677419355,372.0,0.0,12,12,0,0.0,310,5.166666666666667,,,csp,Subject_006,Session_002
83,1,RIGHT,False,True,timeout_wrong,True,378.0,392.0,393.6994991652755,274.0,0.24540901502504173,34,27,7,96.0,599,9.983333333333333,406.0,6.766666666666667,csp,Subject_006,Session_002
84,0,LEFT,False,False,wrong_paddle,False,740.0,680.0,503.55882352941177,342.0,0.0,6,6,0,0.0,272,4.533333333333333,,,csp,Subject_006,Session_002
85,0,LEFT,True,False,hit,False,60.0,0.0,319.472602739726,0.0,0.5941780821917808,14,3,11,340.0,584,9.733333333333333,0.0,0.0,csp,Subject_006,Session_002
86,1,RIGHT,False,True,timeout_wrong,False,330.0,440.0,362.9683860232945,232.0,0.4891846921797005,21,7,14,138.0,601,10.016666666666667,28.0,0.4666666666666667,csp,Subject_006,Session_002
87,1,RIGHT,False,False,wrong_paddle,True,60.0,710.0,543.9225092250922,348.0,0.03874538745387454,27,26,1,22.0,542,9.033333333333333,0.0,0.0,csp,Subject_006,Session_002
88,0,LEFT,False,True,timeout_wrong,True,490.0,430.0,425.32113144758733,206.0,0.2512479201331115,26,23,3,134.0,601,10.016666666666667,0.0,0.0,csp,Subject_006,Session_002
89,0,LEFT,False,False,wrong_paddle,False,740.0,680.0,337.18637992831543,94.0,0.5268817204301075,14,6,8,246.0,558,9.3,20.0,0.3333333333333333,csp,Subject_006,Session_002
90,1,RIGHT,True,False,hit,False,740.0,30.0,263.44117647058823,30.0,0.9209558823529411,12,1,11,340.0,544,9.066666666666666,0.0,0.0,csp,Subject_006,Session_002
91,1,RIGHT,False,True,timeout_close_weak,False,496.0,274.0,242.6,76.0,0.9583333333333334,29,1,28,294.0,600,10.0,0.0,0.0,csp,Subject_006,Session_002
92,1,RIGHT,False,False,wrong_paddle,False,60.0,710.0,501.3142857142857,358.0,0.039285714285714285,9,8,1,12.0,280,4.666666666666667,2.0,0.03333333333333333,csp,Subject_006,Session_002
93,1,RIGHT,False,True,timeout_wrong,True,274.0,496.0,372.6522462562396,166.0,0.3843594009983361,28,23,5,204.0,601,10.016666666666667,8.0,0.13333333333333333,csp,Subject_006,Session_002
94,0,LEFT,True,False,hit,False,60.0,0.0,219.16666666666666,0.0,0.96875,14,1,13,340.0,288,4.8,0.0,0.0,csp,Subject_006,Session_002
95,0,LEFT,False,False,wrong_paddle,True,740.0,680.0,460.10497237569064,324.0,0.04143646408839779,22,21,1,16.0,362,6.033333333333333,8.0,0.13333333333333333,csp,Subject_006,Session_002
96,1,RIGHT,True,False,hit,False,740.0,30.0,153.74103585657372,30.0,1.0,22,0,22,340.0,502,8.366666666666667,0.0,0.0,csp,Subject_006,Session_002
97,1,RIGHT,False,True,wrong_paddle,True,200.0,570.0,548.8266666666667,372.0,0.0,16,16,0,0.0,600,10.0,,,csp,Subject_006,Session_002
98,0,LEFT,True,False,hit,False,60.0,0.0,180.12605042016807,0.0,1.0,6,0,6,340.0,238,3.966666666666667,0.0,0.0,csp,Subject_006,Session_002
99,0,LEFT,False,False,wrong_paddle,False,740.0,680.0,519.5384615384615,336.0,0.011538461538461539,11,10,1,4.0,260,4.333333333333333,0.0,0.0,csp,Subject_006,Session_002
0,0,LEFT,False,False,wrong_paddle,False,740.0,680.0,395.16129032258067,340.0,0.0,1,1,0,0.0,527,8.783333333333333,,,csp,Subject_006,Session_003
1,1,RIGHT,True,False,hit,False,740.0,30.0,199.0,30.0,1.0,0,0,0,340.0,170,2.8333333333333335,0.0,0.0,csp,Subject_006,Session_003
2,0,LEFT,False,False,wrong_paddle,False,740.0,680.0,514.9754601226994,342.0,0.0,4,4,0,0.0,326,5.433333333333334,,,csp,Subject_006,Session_003
3,1,RIGHT,True,False,hit,False,740.0,30.0,207.8372093023256,30.0,0.8372093023255814,5,1,4,340.0,258,4.3,42.0,0.7,csp,Subject_006,Session_003
4,0,LEFT,True,False,hit,False,60.0,0.0,203.4968152866242,0.0,1.0,8,0,8,340.0,314,5.233333333333333,0.0,0.0,csp,Subject_006,Session_003
5,0,LEFT,False,False,wrong_paddle,False,740.0,680.0,394.76536312849163,228.0,0.5223463687150838,3,0,3,112.0,358,5.966666666666667,0.0,0.0,csp,Subject_006,Session_003
6,1,RIGHT,True,False,hit,False,740.0,30.0,245.14414414414415,30.0,0.7657657657657657,1,1,0,340.0,222,3.7,52.0,0.8666666666666667,csp,Subject_006,Session_003
7,0,LEFT,False,False,wrong_paddle,False,740.0,680.0,480.25619834710744,342.0,0.0,4,4,0,0.0,242,4.033333333333333,,,csp,Subject_006,Session_003
8,1,RIGHT,True,False,hit,False,740.0,30.0,215.60176991150442,30.0,1.0,2,0,2,340.0,226,3.7666666666666666,0.0,0.0,csp,Subject_006,Session_003
9,1,RIGHT,True,False,hit,False,740.0,30.0,199.0,30.0,1.0,0,0,0,340.0,170,2.8333333333333335,0.0,0.0,csp,Subject_006,Session_003
10,1,RIGHT,True,False,hit,False,740.0,30.0,207.50434782608696,30.0,1.0,4,0,4,340.0,230,3.8333333333333335,0.0,0.0,csp,Subject_006,Session_003
11,1,RIGHT,True,False,hit,False,740.0,30.0,199.0,30.0,1.0,2,0,2,340.0,184,3.066666666666667,0.0,0.0,csp,Subject_006,Session_003
12,1,RIGHT,True,False,hit,False,740.0,30.0,185.48275862068965,30.0,1.0,4,0,4,340.0,348,5.8,0.0,0.0,csp,Subject_006,Session_003
13,0,LEFT,False,False,wrong_paddle,False,740.0,680.0,511.0,342.0,0.0,0,0,0,0.0,170,2.8333333333333335,,,csp,Subject_006,Session_003
14,0,LEFT,False,False,wrong_paddle,False,740.0,680.0,511.0,342.0,0.0,0,0,0,0.0,170,2.8333333333333335,,,csp,Subject_006,Session_003
15,0,LEFT,False,False,wrong_paddle,False,740.0,680.0,539.9906542056075,342.0,0.0,2,2,0,0.0,214,3.566666666666667,,,csp,Subject_006,Session_003
16,0,LEFT,False,False,wrong_paddle,False,740.0,680.0,511.0,342.0,0.0,0,0,0,0.0,170,2.8333333333333335,,,csp,Subject_006,Session_003
17,1,RIGHT,True,False,hit,False,740.0,30.0,178.99159663865547,30.0,1.0,12,0,12,340.0,476,7.933333333333334,0.0,0.0,csp,Subject_006,Session_003
18,0,LEFT,False,True,timeout_wrong,True,566.0,506.0,480.3893510815308,210.0,0.2146422628951747,20,19,1,130.0,601,10.016666666666667,0.0,0.0,csp,Subject_006,Session_003
19,1,RIGHT,True,False,hit,False,740.0,30.0,199.0,30.0,1.0,0,0,0,340.0,170,2.8333333333333335,0.0,0.0,csp,Subject_006,Session_003
20,1,RIGHT,False,False,wrong_paddle,False,60.0,710.0,557.2903225806451,372.0,0.0,2,2,0,0.0,372,6.2,,,csp,Subject_006,Session_003
21,0,LEFT,True,False,hit,False,60.0,0.0,171.52272727272728,0.0,1.0,2,0,2,340.0,176,2.933333333333333,0.0,0.0,csp,Subject_006,Session_003
22,1,RIGHT,False,True,timeout_close_weak,False,458.0,312.0,383.22129783693845,208.0,0.47587354409317806,11,7,4,162.0,601,10.016666666666667,0.0,0.0,csp,Subject_006,Session_003
23,1,RIGHT,False,False,wrong_paddle,False,60.0,710.0,397.0,196.0,0.466,6,3,3,174.0,500,8.333333333333334,90.0,1.5,csp,Subject_006,Session_003
24,0,LEFT,False,False,wrong_paddle,False,740.0,680.0,511.0,342.0,0.0,0,0,0,0.0,170,2.8333333333333335,,,csp,Subject_006,Session_003
25,0,LEFT,False,False,wrong_paddle,False,740.0,680.0,511.0,342.0,0.0,0,0,0,0.0,170,2.8333333333333335,,,csp,Subject_006,Session_003
26,1,RIGHT,True,False,hit,False,740.0,30.0,191.38620689655173,30.0,1.0,10,0,10,340.0,580,9.666666666666666,0.0,0.0,csp,Subject_006,Session_003
27,1,RIGHT,False,True,timeout_close_strong,False,604.0,166.0,234.82,82.0,0.9133333333333333,14,2,12,288.0,600,10.0,0.0,0.0,csp,Subject_006,Session_003
28,0,LEFT,False,False,wrong_paddle,False,740.0,680.0,480.9004524886878,278.0,0.15610859728506787,10,5,5,62.0,442,7.366666666666666,62.0,1.0333333333333334,csp,Subject_006,Session_003
29,0,LEFT,False,False,wrong_paddle,False,740.0,680.0,315.1937716262976,54.0,0.643598615916955,5,1,4,286.0,578,9.633333333333333,0.0,0.0,csp,Subject_006,Session_003
30,1,RIGHT,True,False,hit,False,740.0,30.0,199.0,30.0,1.0,0,0,0,340.0,170,2.8333333333333335,0.0,0.0,csp,Subject_006,Session_003
31,1,RIGHT,True,False,hit,False,740.0,30.0,199.0,30.0,1.0,0,0,0,340.0,170,2.8333333333333335,0.0,0.0,csp,Subject_006,Session_003
32,1,RIGHT,True,False,hit,False,740.0,30.0,199.0,30.0,1.0,0,0,0,340.0,170,2.8333333333333335,0.0,0.0,csp,Subject_006,Session_003
33,0,LEFT,False,False,wrong_paddle,False,740.0,680.0,531.1666666666666,338.0,0.004629629629629629,3,2,1,2.0,216,3.6,2.0,0.03333333333333333,csp,Subject_006,Session_003
34,0,LEFT,False,False,wrong_paddle,False,740.0,680.0,484.83838383838383,312.0,0.13636363636363635,1,0,1,28.0,198,3.3,0.0,0.0,csp,Subject_006,Session_003
35,1,RIGHT,True,False,hit,False,740.0,30.0,199.0,30.0,1.0,0,0,0,340.0,170,2.8333333333333335,0.0,0.0,csp,Subject_006,Session_003
36,0,LEFT,False,False,wrong_paddle,False,740.0,680.0,398.9655172413793,204.0,0.39655172413793105,5,3,2,136.0,348,5.8,0.0,0.0,csp,Subject_006,Session_003
37,0,LEFT,False,False,wrong_paddle,False,740.0,680.0,338.36805555555554,62.0,0.5295138888888888,9,6,3,278.0,576,9.6,0.0,0.0,csp,Subject_006,Session_003
38,1,RIGHT,True,False,hit,False,740.0,30.0,255.99551569506727,30.0,0.852017937219731,5,1,4,340.0,446,7.433333333333334,66.0,1.1,csp,Subject_006,Session_003
39,0,LEFT,False,True,timeout_wrong,False,536.0,476.0,460.8205980066445,288.0,0.11627906976744186,9,7,2,52.0,602,10.033333333333333,0.0,0.0,csp,Subject_006,Session_003
40,0,LEFT,False,True,timeout_close_weak,False,290.0,230.0,373.33444259567386,176.0,0.2895174708818636,10,8,2,164.0,601,10.016666666666667,130.0,2.1666666666666665,csp,Subject_006,Session_003
41,1,RIGHT,True,False,hit,False,740.0,30.0,199.0,30.0,1.0,0,0,0,340.0,170,2.8333333333333335,0.0,0.0,csp,Subject_006,Session_003
42,0,LEFT,False,False,wrong_paddle,False,740.0,680.0,422.0,248.0,0.2614942528735632,2,1,1,92.0,348,5.8,86.0,1.4333333333333333,csp,Subject_006,Session_003
43,0,LEFT,False,False,wrong_paddle,False,740.0,680.0,511.0,342.0,0.0,0,0,0,0.0,170,2.8333333333333335,,,csp,Subject_006,Session_003
44,1,RIGHT,True,False,hit,False,740.0,30.0,199.0,30.0,1.0,0,0,0,340.0,170,2.8333333333333335,0.0,0.0,csp,Subject_006,Session_003
45,0,LEFT,False,False,wrong_paddle,False,740.0,680.0,511.0,342.0,0.0,0,0,0,0.0,170,2.8333333333333335,,,csp,Subject_006,Session_003
46,0,LEFT,False,False,wrong_paddle,False,740.0,680.0,498.21495327102804,342.0,0.0,8,8,0,0.0,428,7.133333333333334,,,csp,Subject_006,Session_003
47,0,LEFT,False,True,wrong_paddle,False,740.0,680.0,428.43624161073825,220.0,0.27181208053691275,11,9,2,120.0,596,9.933333333333334,0.0,0.0,csp,Subject_006,Session_003
48,0,LEFT,False,False,wrong_paddle,False,740.0,680.0,511.0,342.0,0.0,0,0,0,0.0,170,2.8333333333333335,,,csp,Subject_006,Session_003
49,1,RIGHT,True,False,hit,False,740.0,30.0,228.98507462686567,30.0,1.0,2,0,2,340.0,268,4.466666666666667,0.0,0.0,csp,Subject_006,Session_003
50,0,LEFT,False,False,wrong_paddle,False,740.0,680.0,511.0,342.0,0.0,0,0,0,0.0,170,2.8333333333333335,,,csp,Subject_006,Session_003
51,1,RIGHT,True,False,hit,False,740.0,30.0,167.3783783783784,30.0,1.0,2,0,2,340.0,222,3.7,0.0,0.0,csp,Subject_006,Session_003
52,1,RIGHT,True,False,hit,False,740.0,30.0,199.0,30.0,1.0,0,0,0,340.0,170,2.8333333333333335,0.0,0.0,csp,Subject_006,Session_003
53,1,RIGHT,True,False,hit,False,740.0,30.0,199.0,30.0,1.0,0,0,0,340.0,170,2.8333333333333335,0.0,0.0,csp,Subject_006,Session_003
54,0,LEFT,False,False,wrong_paddle,False,740.0,680.0,502.5744680851064,342.0,0.0,2,2,0,0.0,188,3.1333333333333333,,,csp,Subject_006,Session_003
55,0,LEFT,False,False,wrong_paddle,False,740.0,680.0,387.6514285714286,196.0,0.48857142857142855,5,2,3,144.0,350,5.833333333333333,2.0,0.03333333333333333,csp,Subject_006,Session_003
56,1,RIGHT,True,False,hit,False,740.0,30.0,241.56,30.0,0.988,2,1,1,340.0,250,4.166666666666667,0.0,0.0,csp,Subject_006,Session_003
57,1,RIGHT,True,False,hit,False,740.0,30.0,199.0,30.0,1.0,0,0,0,340.0,170,2.8333333333333335,0.0,0.0,csp,Subject_006,Session_003
58,1,RIGHT,True,False,hit,False,740.0,30.0,307.0833333333333,30.0,0.5059523809523809,7,7,0,340.0,336,5.6,166.0,2.7666666666666666,csp,Subject_006,Session_003
59,1,RIGHT,True,False,hit,False,740.0,30.0,199.0,30.0,1.0,0,0,0,340.0,170,2.8333333333333335,0.0,0.0,csp,Subject_006,Session_003
60,0,LEFT,False,False,wrong_paddle,False,740.0,680.0,511.0,342.0,0.0,0,0,0,0.0,170,2.8333333333333335,,,csp,Subject_006,Session_003
61,1,RIGHT,False,True,timeout_close_weak,False,498.0,272.0,238.43781094527364,80.0,0.9917081260364843,8,1,7,290.0,603,10.05,0.0,0.0,csp,Subject_006,Session_003
62,1,RIGHT,True,False,hit,False,740.0,30.0,336.85714285714283,30.0,0.5267857142857143,3,1,2,340.0,448,7.466666666666667,212.0,3.533333333333333,csp,Subject_006,Session_003
63,1,RIGHT,True,False,hit,False,740.0,30.0,199.0,30.0,1.0,0,0,0,340.0,170,2.8333333333333335,0.0,0.0,csp,Subject_006,Session_003
64,1,RIGHT,True,False,hit,False,740.0,30.0,199.0,30.0,1.0,0,0,0,340.0,170,2.8333333333333335,0.0,0.0,csp,Subject_006,Session_003
65,1,RIGHT,True,False,hit,False,740.0,30.0,199.0,30.0,1.0,0,0,0,340.0,170,2.8333333333333335,0.0,0.0,csp,Subject_006,Session_003
66,0,LEFT,False,False,wrong_paddle,False,740.0,680.0,511.0,342.0,0.0,0,0,0,0.0,170,2.8333333333333335,,,csp,Subject_006,Session_003
67,0,LEFT,False,False,wrong_paddle,False,740.0,680.0,511.0,342.0,0.0,0,0,0,0.0,170,2.8333333333333335,,,csp,Subject_006,Session_003
68,0,LEFT,False,False,wrong_paddle,False,740.0,680.0,511.0,342.0,0.0,0,0,0,0.0,170,2.8333333333333335,,,csp,Subject_006,Session_003
69,1,RIGHT,True,False,hit,False,740.0,30.0,199.0,30.0,1.0,0,0,0,340.0,170,2.8333333333333335,0.0,0.0,csp,Subject_006,Session_003
70,0,LEFT,False,False,wrong_paddle,False,740.0,680.0,511.0,342.0,0.0,0,0,0,0.0,170,2.8333333333333335,,,csp,Subject_006,Session_003
71,1,RIGHT,True,False,hit,False,740.0,30.0,199.0,30.0,1.0,0,0,0,340.0,170,2.8333333333333335,0.0,0.0,csp,Subject_006,Session_003
72,1,RIGHT,True,False,hit,False,740.0,30.0,199.0,30.0,1.0,0,0,0,340.0,170,2.8333333333333335,0.0,0.0,csp,Subject_006,Session_003
73,0,LEFT,False,False,wrong_paddle,False,740.0,680.0,511.0,342.0,0.0,0,0,0,0.0,170,2.8333333333333335,,,csp,Subject_006,Session_003
74,0,LEFT,False,False,wrong_paddle,False,740.0,680.0,475.22222222222223,320.0,0.08796296296296297,2,1,1,20.0,216,3.6,26.0,0.43333333333333335,csp,Subject_006,Session_003
75,1,RIGHT,False,True,timeout_wrong,False,316.0,454.0,266.16,50.0,0.9083333333333333,12,1,11,320.0,600,10.0,12.0,0.2,csp,Subject_006,Session_003
76,0,LEFT,False,False,wrong_paddle,False,740.0,680.0,511.0,342.0,0.0,0,0,0,0.0,170,2.8333333333333335,,,csp,Subject_006,Session_003
77,1,RIGHT,True,False,hit,False,740.0,30.0,199.0,30.0,1.0,0,0,0,340.0,170,2.8333333333333335,0.0,0.0,csp,Subject_006,Session_003
78,0,LEFT,False,False,wrong_paddle,False,740.0,680.0,441.40143369175627,158.0,0.32437275985663083,8,7,1,182.0,558,9.3,20.0,0.3333333333333333,csp,Subject_006,Session_003
79,0,LEFT,False,False,wrong_paddle,False,740.0,680.0,511.0,342.0,0.0,0,0,0,0.0,170,2.8333333333333335,,,csp,Subject_006,Session_003
80,0,LEFT,False,False,wrong_paddle,False,740.0,680.0,343.8817204301075,156.0,0.5931899641577061,4,1,3,184.0,558,9.3,56.0,0.9333333333333333,csp,Subject_006,Session_003
81,1,RIGHT,True,False,hit,False,740.0,30.0,175.3021582733813,30.0,1.0,4,0,4,340.0,278,4.633333333333334,0.0,0.0,csp,Subject_006,Session_003
82,0,LEFT,False,False,wrong_paddle,False,740.0,680.0,503.44444444444446,342.0,0.0,2,2,0,0.0,180,3.0,,,csp,Subject_006,Session_003
83,0,LEFT,False,False,wrong_paddle,False,740.0,680.0,513.8275862068965,342.0,0.0,2,2,0,0.0,174,2.9,,,csp,Subject_006,Session_003
84,0,LEFT,False,False,wrong_paddle,False,740.0,680.0,475.4018264840183,274.0,0.2968036529680365,5,3,2,66.0,438,7.3,0.0,0.0,csp,Subject_006,Session_003
85,1,RIGHT,True,False,hit,False,740.0,30.0,223.40816326530611,30.0,0.8673469387755102,1,1,0,340.0,196,3.2666666666666666,26.0,0.43333333333333335,csp,Subject_006,Session_003
86,0,LEFT,False,False,wrong_paddle,False,740.0,680.0,511.0,342.0,0.0,0,0,0,0.0,170,2.8333333333333335,,,csp,Subject_006,Session_003
87,1,RIGHT,False,True,timeout_close_strong,False,640.0,130.0,261.66,102.0,0.815,9,1,8,268.0,600,10.0,0.0,0.0,csp,Subject_006,Session_003
88,0,LEFT,True,False,hit,False,60.0,0.0,169.0,0.0,1.0,0,0,0,340.0,170,2.8333333333333335,0.0,0.0,csp,Subject_006,Session_003
89,0,LEFT,True,False,hit,False,60.0,0.0,169.0,0.0,1.0,0,0,0,340.0,170,2.8333333333333335,0.0,0.0,csp,Subject_006,Session_003
90,1,RIGHT,False,False,wrong_paddle,False,60.0,710.0,484.4644351464435,308.0,0.20502092050209206,7,5,2,62.0,478,7.966666666666667,0.0,0.0,csp,Subject_006,Session_003
91,1,RIGHT,False,False,wrong_paddle,False,60.0,710.0,513.1203703703703,346.0,0.05555555555555555,6,5,1,24.0,432,7.2,0.0,0.0,csp,Subject_006,Session_003
92,0,LEFT,False,True,wrong_paddle,False,594.0,534.0,474.3460898502496,322.0,0.028286189683860232,15,14,1,18.0,601,10.016666666666667,0.0,0.0,csp,Subject_006,Session_003
93,1,RIGHT,True,False,hit,False,740.0,30.0,199.0,30.0,1.0,0,0,0,340.0,170,2.8333333333333335,0.0,0.0,csp,Subject_006,Session_003
94,0,LEFT,False,False,wrong_paddle,False,740.0,680.0,545.8939393939394,342.0,0.0,2,2,0,0.0,264,4.4,,,csp,Subject_006,Session_003
95,0,LEFT,False,False,wrong_paddle,False,740.0,680.0,505.4719101123595,342.0,0.0,2,2,0,0.0,178,2.966666666666667,,,csp,Subject_006,Session_003
96,1,RIGHT,True,False,hit,False,740.0,30.0,223.55696202531647,30.0,0.8892405063291139,5,2,3,340.0,316,5.266666666666667,14.0,0.23333333333333334,csp,Subject_006,Session_003
97,1,RIGHT,True,False,hit,False,740.0,30.0,253.14457831325302,30.0,0.6807228915662651,3,1,2,340.0,332,5.533333333333333,106.0,1.7666666666666666,csp,Subject_006,Session_003
98,1,RIGHT,True,False,hit,False,740.0,30.0,185.2828282828283,30.0,1.0,4,0,4,340.0,198,3.3,0.0,0.0,csp,Subject_006,Session_003
99,1,RIGHT,True,False,hit,False,740.0,30.0,199.0,30.0,1.0,0,0,0,340.0,170,2.8333333333333335,0.0,0.0,csp,Subject_006,Session_003
0,1,RIGHT,False,False,wrong_paddle,False,60.0,710.0,420.29411764705884,370.0,0.0,1,1,0,0.0,578,9.633333333333333,,,csp,Subject_006,Session_004
1,0,LEFT,True,False,hit,False,60.0,0.0,169.0,0.0,1.0,0,0,0,340.0,170,2.8333333333333335,0.0,0.0,csp,Subject_006,Session_004
2,0,LEFT,True,False,hit,False,60.0,0.0,176.6878612716763,0.0,0.8583815028901735,7,2,5,340.0,346,5.766666666666667,12.0,0.2,csp,Subject_006,Session_004
3,0,LEFT,False,False,wrong_paddle,False,740.0,680.0,362.09090909090907,136.0,0.5427807486631016,1,0,1,204.0,374,6.233333333333333,0.0,0.0,csp,Subject_006,Session_004
4,1,RIGHT,True,False,hit,False,740.0,30.0,222.81176470588235,30.0,0.8176470588235294,3,1,2,340.0,340,5.666666666666667,62.0,1.0333333333333334,csp,Subject_006,Session_004
5,1,RIGHT,False,False,wrong_paddle,False,60.0,710.0,541.0,372.0,0.0,0,0,0,0.0,170,2.8333333333333335,,,csp,Subject_006,Session_004
6,1,RIGHT,False,False,wrong_paddle,False,60.0,710.0,448.2105263157895,272.0,0.3519736842105263,4,1,3,98.0,304,5.066666666666666,26.0,0.43333333333333335,csp,Subject_006,Session_004
7,0,LEFT,True,False,hit,False,60.0,0.0,169.0,0.0,1.0,0,0,0,340.0,170,2.8333333333333335,0.0,0.0,csp,Subject_006,Session_004
8,1,RIGHT,False,False,wrong_paddle,False,60.0,710.0,378.0319634703196,188.0,0.6095890410958904,7,0,7,182.0,438,7.3,0.0,0.0,csp,Subject_006,Session_004
9,1,RIGHT,True,False,hit,False,740.0,30.0,262.08196721311475,30.0,0.6967213114754098,1,1,0,340.0,244,4.066666666666666,74.0,1.2333333333333334,csp,Subject_006,Session_004
10,0,LEFT,True,False,hit,False,60.0,0.0,209.26027397260273,0.0,0.75,7,2,5,340.0,292,4.866666666666666,12.0,0.2,csp,Subject_006,Session_004
11,1,RIGHT,False,False,wrong_paddle,False,60.0,710.0,420.1857707509881,192.0,0.35177865612648224,2,1,1,178.0,506,8.433333333333334,0.0,0.0,csp,Subject_006,Session_004
12,0,LEFT,True,False,hit,False,60.0,0.0,169.0,0.0,1.0,0,0,0,340.0,170,2.8333333333333335,0.0,0.0,csp,Subject_006,Session_004
13,0,LEFT,True,False,hit,False,60.0,0.0,169.0,0.0,1.0,0,0,0,340.0,170,2.8333333333333335,0.0,0.0,csp,Subject_006,Session_004
14,1,RIGHT,False,True,timeout_wrong,False,240.0,530.0,453.9230769230769,176.0,0.32274247491638797,10,9,1,194.0,598,9.966666666666667,0.0,0.0,csp,Subject_006,Session_004
15,1,RIGHT,False,False,wrong_paddle,False,60.0,710.0,541.0,372.0,0.0,0,0,0,0.0,170,2.8333333333333335,,,csp,Subject_006,Session_004
16,0,LEFT,True,False,hit,False,60.0,0.0,187.88059701492537,0.0,0.9626865671641791,13,1,12,340.0,268,4.466666666666667,10.0,0.16666666666666666,csp,Subject_006,Session_004
17,0,LEFT,True,False,hit,False,60.0,0.0,169.0,0.0,1.0,0,0,0,340.0,170,2.8333333333333335,0.0,0.0,csp,Subject_006,Session_004
18,0,LEFT,True,False,hit,False,60.0,0.0,169.0,0.0,1.0,0,0,0,340.0,170,2.8333333333333335,0.0,0.0,csp,Subject_006,Session_004
19,1,RIGHT,False,False,wrong_paddle,False,60.0,710.0,541.0,372.0,0.0,0,0,0,0.0,170,2.8333333333333335,,,csp,Subject_006,Session_004
20,0,LEFT,True,False,hit,False,60.0,0.0,169.0,0.0,1.0,0,0,0,340.0,170,2.8333333333333335,0.0,0.0,csp,Subject_006,Session_004
21,1,RIGHT,False,False,wrong_paddle,False,60.0,710.0,521.8307692307692,372.0,0.0,4,4,0,0.0,260,4.333333333333333,,,csp,Subject_006,Session_004
22,0,LEFT,False,True,timeout_wrong,False,456.0,396.0,227.39464882943145,40.0,0.8595317725752508,11,3,8,300.0,598,9.966666666666667,0.0,0.0,csp,Subject_006,Session_004
23,1,RIGHT,False,True,wrong_paddle,False,60.0,710.0,394.00671140939596,100.0,0.4513422818791946,5,4,1,270.0,596,9.933333333333334,0.0,0.0,csp,Subject_006,Session_004
24,1,RIGHT,False,True,timeout_wrong,False,380.0,390.0,310.9264214046823,142.0,0.6839464882943144,16,9,7,228.0,598,9.966666666666667,116.0,1.9333333333333333,csp,Subject_006,Session_004
25,1,RIGHT,False,False,wrong_paddle,False,60.0,710.0,450.95437262357416,220.0,0.2908745247148289,8,5,3,150.0,526,8.766666666666667,136.0,2.2666666666666666,csp,Subject_006,Session_004
26,0,LEFT,False,False,wrong_paddle,False,740.0,680.0,503.9148936170213,342.0,0.0,2,2,0,0.0,188,3.1333333333333333,,,csp,Subject_006,Session_004
27,0,LEFT,False,False,wrong_paddle,False,740.0,680.0,498.9387755102041,324.0,0.07653061224489796,3,2,1,16.0,196,3.2666666666666666,0.0,0.0,csp,Subject_006,Session_004
28,1,RIGHT,True,False,hit,False,740.0,30.0,200.18867924528303,30.0,1.0,2,0,2,340.0,212,3.533333333333333,0.0,0.0,csp,Subject_006,Session_004
29,1,RIGHT,False,False,wrong_paddle,False,60.0,710.0,550.4653465346535,372.0,0.0,6,6,0,0.0,404,6.733333333333333,,,csp,Subject_006,Session_004
30,1,RIGHT,False,False,wrong_paddle,False,60.0,710.0,541.0,372.0,0.0,0,0,0,0.0,170,2.8333333333333335,,,csp,Subject_006,Session_004
31,0,LEFT,True,False,hit,False,60.0,0.0,168.60283687943263,0.0,1.0,2,0,2,340.0,282,4.7,0.0,0.0,csp,Subject_006,Session_004
32,0,LEFT,False,False,wrong_paddle,False,740.0,680.0,536.0579710144928,342.0,0.0,6,6,0,0.0,276,4.6,,,csp,Subject_006,Session_004
33,1,RIGHT,True,False,hit,False,740.0,30.0,324.60765550239233,30.0,0.569377990430622,4,2,2,340.0,418,6.966666666666667,0.0,0.0,csp,Subject_006,Session_004
34,1,RIGHT,True,False,hit,False,740.0,30.0,231.33333333333334,30.0,1.0,4,0,4,340.0,300,5.0,0.0,0.0,csp,Subject_006,Session_004
35,0,LEFT,False,False,wrong_paddle,False,740.0,680.0,515.9494949494949,342.0,0.0,2,2,0,0.0,198,3.3,,,csp,Subject_006,Session_004
36,0,LEFT,False,False,wrong_paddle,False,740.0,680.0,511.0,342.0,0.0,0,0,0,0.0,170,2.8333333333333335,,,csp,Subject_006,Session_004
37,0,LEFT,True,False,hit,False,60.0,0.0,169.0,0.0,1.0,0,0,0,340.0,170,2.8333333333333335,0.0,0.0,csp,Subject_006,Session_004
38,0,LEFT,False,False,wrong_paddle,False,740.0,680.0,466.67469879518075,258.0,0.286144578313253,7,2,5,82.0,332,5.533333333333333,0.0,0.0,csp,Subject_006,Session_004
39,1,RIGHT,True,False,hit,False,740.0,30.0,330.2635135135135,30.0,0.6570945945945946,10,3,7,340.0,592,9.866666666666667,0.0,0.0,csp,Subject_006,Session_004
40,1,RIGHT,False,False,wrong_paddle,False,60.0,710.0,521.4629629629629,366.0,0.013888888888888888,3,2,1,4.0,216,3.6,0.0,0.0,csp,Subject_006,Session_004
41,1,RIGHT,False,False,wrong_paddle,False,60.0,710.0,541.0,372.0,0.0,0,0,0,0.0,170,2.8333333333333335,,,csp,Subject_006,Session_004
42,0,LEFT,True,False,hit,False,60.0,0.0,169.0,0.0,1.0,0,0,0,340.0,170,2.8333333333333335,0.0,0.0,csp,Subject_006,Session_004
43,0,LEFT,True,False,hit,False,60.0,0.0,169.0,0.0,1.0,0,0,0,340.0,170,2.8333333333333335,0.0,0.0,csp,Subject_006,Session_004
44,1,RIGHT,False,False,wrong_paddle,False,60.0,710.0,541.0,372.0,0.0,0,0,0,0.0,170,2.8333333333333335,,,csp,Subject_006,Session_004
45,1,RIGHT,False,False,wrong_paddle,False,60.0,710.0,545.8214285714286,372.0,0.0,2,2,0,0.0,224,3.7333333333333334,,,csp,Subject_006,Session_004
46,0,LEFT,False,False,wrong_paddle,False,740.0,680.0,511.0,342.0,0.0,0,0,0,0.0,170,2.8333333333333335,,,csp,Subject_006,Session_004
47,0,LEFT,False,True,timeout_close_strong,False,178.0,118.0,281.98330550918195,118.0,0.7595993322203672,12,2,10,222.0,599,9.983333333333333,0.0,0.0,csp,Subject_006,Session_004
48,1,RIGHT,True,False,hit,False,740.0,30.0,269.77570093457945,30.0,0.7663551401869159,6,2,4,340.0,428,7.133333333333334,0.0,0.0,csp,Subject_006,Session_004
49,0,LEFT,True,False,hit,False,60.0,0.0,253.93203883495147,0.0,0.7402912621359223,3,2,1,340.0,412,6.866666666666666,46.0,0.7666666666666667,csp,Subject_006,Session_004
50,1,RIGHT,True,False,hit,False,740.0,30.0,413.2560553633218,30.0,0.29411764705882354,13,13,0,340.0,578,9.633333333333333,408.0,6.8,csp,Subject_006,Session_004
51,1,RIGHT,True,False,hit,False,740.0,30.0,208.02325581395348,30.0,1.0,4,0,4,340.0,258,4.3,0.0,0.0,csp,Subject_006,Session_004
52,0,LEFT,False,False,wrong_paddle,False,740.0,680.0,511.1929824561403,342.0,0.0,4,4,0,0.0,228,3.8,,,csp,Subject_006,Session_004
53,1,RIGHT,True,False,hit,False,740.0,30.0,199.0,30.0,1.0,0,0,0,340.0,170,2.8333333333333335,0.0,0.0,csp,Subject_006,Session_004
54,0,LEFT,False,False,wrong_paddle,False,740.0,680.0,511.0,342.0,0.0,0,0,0,0.0,170,2.8333333333333335,,,csp,Subject_006,Session_004
55,0,LEFT,False,False,wrong_paddle,False,740.0,680.0,511.0,342.0,0.0,0,0,0,0.0,170,2.8333333333333335,,,csp,Subject_006,Session_004
56,0,LEFT,True,False,hit,False,60.0,0.0,219.87719298245614,0.0,0.7456140350877193,1,1,0,340.0,228,3.8,58.0,0.9666666666666667,csp,Subject_006,Session_004
57,1,RIGHT,False,False,wrong_paddle,False,60.0,710.0,541.0,372.0,0.0,0,0,0,0.0,170,2.8333333333333335,,,csp,Subject_006,Session_004
58,0,LEFT,True,False,hit,False,60.0,0.0,169.0,0.0,1.0,0,0,0,340.0,170,2.8333333333333335,0.0,0.0,csp,Subject_006,Session_004
59,1,RIGHT,False,False,wrong_paddle,False,60.0,710.0,541.0,372.0,0.0,0,0,0,0.0,170,2.8333333333333335,,,csp,Subject_006,Session_004
60,1,RIGHT,False,False,wrong_paddle,False,60.0,710.0,430.85897435897436,228.0,0.4519230769230769,1,0,1,142.0,312,5.2,0.0,0.0,csp,Subject_006,Session_004
61,1,RIGHT,False,False,wrong_paddle,False,60.0,710.0,518.360824742268,346.0,0.11855670103092783,1,0,1,24.0,194,3.2333333333333334,0.0,0.0,csp,Subject_006,Session_004
62,0,LEFT,False,False,wrong_paddle,False,740.0,680.0,420.84397163120565,228.0,0.39361702127659576,1,0,1,112.0,282,4.7,0.0,0.0,csp,Subject_006,Session_004
63,0,LEFT,False,False,wrong_paddle,False,740.0,680.0,502.6504854368932,342.0,0.0,6,6,0,0.0,206,3.433333333333333,,,csp,Subject_006,Session_004
64,0,LEFT,False,False,wrong_paddle,False,740.0,680.0,511.0,342.0,0.0,0,0,0,0.0,170,2.8333333333333335,,,csp,Subject_006,Session_004
65,0,LEFT,False,False,wrong_paddle,False,740.0,680.0,511.0,342.0,0.0,0,0,0,0.0,170,2.8333333333333335,,,csp,Subject_006,Session_004
66,0,LEFT,False,False,wrong_paddle,False,740.0,680.0,480.61038961038963,330.0,0.01948051948051948,8,7,1,10.0,462,7.7,32.0,0.5333333333333333,csp,Subject_006,Session_004
67,0,LEFT,False,True,timeout_close_weak,False,346.0,286.0,277.1222780569514,120.0,0.8006700167504187,7,1,6,220.0,597,9.95,0.0,0.0,csp,Subject_006,Session_004
68,1,RIGHT,True,False,hit,False,740.0,30.0,224.63358778625954,30.0,1.0,2,0,2,340.0,262,4.366666666666666,0.0,0.0,csp,Subject_006,Session_004
69,1,RIGHT,True,False,hit,False,740.0,30.0,199.0,30.0,1.0,0,0,0,340.0,170,2.8333333333333335,0.0,0.0,csp,Subject_006,Session_004
70,0,LEFT,False,True,timeout_close_weak,False,328.0,268.0,457.53511705685617,268.0,0.1588628762541806,10,9,1,72.0,598,9.966666666666667,0.0,0.0,csp,Subject_006,Session_004
71,1,RIGHT,False,False,wrong_paddle,False,60.0,710.0,541.0,372.0,0.0,0,0,0,0.0,170,2.8333333333333335,,,csp,Subject_006,Session_004
72,1,RIGHT,True,False,hit,False,740.0,30.0,277.54857142857145,30.0,0.8542857142857143,5,2,3,340.0,350,5.833333333333333,4.0,0.06666666666666667,csp,Subject_006,Session_004
73,0,LEFT,False,False,wrong_paddle,False,740.0,680.0,511.0,342.0,0.0,0,0,0,0.0,170,2.8333333333333335,,,csp,Subject_006,Session_004
74,0,LEFT,True,False,hit,False,60.0,0.0,132.83333333333334,0.0,1.0,2,0,2,340.0,240,4.0,0.0,0.0,csp,Subject_006,Session_004
75,0,LEFT,False,True,timeout_close_weak,False,352.0,292.0,489.5685618729097,292.0,0.09197324414715718,7,6,1,48.0,598,9.966666666666667,60.0,1.0,csp,Subject_006,Session_004
76,1,RIGHT,False,True,timeout_close_weak,False,468.0,302.0,369.18120805369125,148.0,0.4278523489932886,5,4,1,222.0,596,9.933333333333334,260.0,4.333333333333333,csp,Subject_006,Session_004
77,1,RIGHT,True,False,hit,False,740.0,30.0,291.42152466367713,30.0,0.7017937219730942,3,2,1,340.0,446,7.433333333333334,72.0,1.2,csp,Subject_006,Session_004
78,1,RIGHT,True,False,hit,False,740.0,30.0,222.15183246073298,30.0,1.0,4,0,4,340.0,382,6.366666666666666,0.0,0.0,csp,Subject_006,Session_004
79,1,RIGHT,False,True,timeout_wrong,False,236.0,534.0,435.3411371237458,176.0,0.36789297658862874,12,8,4,194.0,598,9.966666666666667,0.0,0.0,csp,Subject_006,Session_004
80,0,LEFT,False,False,wrong_paddle,False,740.0,680.0,527.7462686567164,330.0,0.03233830845771144,13,10,3,10.0,402,6.7,0.0,0.0,csp,Subject_006,Session_004
81,1,RIGHT,False,True,timeout_wrong,False,296.0,474.0,351.69127516778525,186.0,0.5385906040268457,10,5,5,184.0,596,9.933333333333334,10.0,0.16666666666666666,csp,Subject_006,Session_004
82,1,RIGHT,False,False,wrong_paddle,False,60.0,710.0,541.0,372.0,0.0,0,0,0,0.0,170,2.8333333333333335,,,csp,Subject_006,Session_004
83,0,LEFT,False,True,timeout_close_weak,False,320.0,260.0,287.7892976588629,44.0,0.6337792642140468,7,3,4,296.0,598,9.966666666666667,0.0,0.0,csp,Subject_006,Session_004
84,1,RIGHT,False,True,timeout_close_strong,False,686.0,84.0,283.05527638190955,84.0,0.9262981574539364,10,2,8,286.0,597,9.95,0.0,0.0,csp,Subject_006,Session_004
85,0,LEFT,False,False,wrong_paddle,False,740.0,680.0,506.58156028368796,342.0,0.0,10,10,0,0.0,564,9.4,,,csp,Subject_006,Session_004
86,1,RIGHT,True,False,hit,False,740.0,30.0,206.86516853932585,30.0,0.9550561797752809,1,1,0,340.0,178,2.966666666666667,8.0,0.13333333333333333,csp,Subject_006,Session_004
87,1,RIGHT,True,False,hit,False,740.0,30.0,179.4724409448819,30.0,1.0,6,0,6,340.0,254,4.233333333333333,0.0,0.0,csp,Subject_006,Session_004
88,1,RIGHT,True,False,hit,False,740.0,30.0,202.71681415929203,30.0,1.0,2,0,2,340.0,226,3.7666666666666666,0.0,0.0,csp,Subject_006,Session_004
89,0,LEFT,False,False,wrong_paddle,False,740.0,680.0,511.0,342.0,0.0,0,0,0,0.0,170,2.8333333333333335,,,csp,Subject_006,Session_004
90,0,LEFT,False,False,wrong_paddle,False,740.0,680.0,480.01960784313724,310.0,0.16176470588235295,3,0,3,30.0,204,3.4,0.0,0.0,csp,Subject_006,Session_004
91,1,RIGHT,True,False,hit,False,740.0,30.0,199.0,30.0,1.0,0,0,0,340.0,170,2.8333333333333335,0.0,0.0,csp,Subject_006,Session_004
92,1,RIGHT,True,False,hit,False,740.0,30.0,199.0,30.0,1.0,0,0,0,340.0,170,2.8333333333333335,0.0,0.0,csp,Subject_006,Session_004
93,1,RIGHT,True,False,hit,False,740.0,30.0,189.73469387755102,30.0,1.0,4,0,4,340.0,196,3.2666666666666666,0.0,0.0,csp,Subject_006,Session_004
94,0,LEFT,True,False,hit,False,60.0,0.0,243.89344262295083,0.0,0.7459016393442623,11,7,4,340.0,488,8.133333333333333,84.0,1.4,csp,Subject_006,Session_004
95,0,LEFT,True,False,hit,False,60.0,0.0,167.88888888888889,0.0,1.0,2,0,2,340.0,180,3.0,0.0,0.0,csp,Subject_006,Session_004
96,1,RIGHT,False,True,timeout_wrong,False,290.0,480.0,520.4489112227806,366.0,0.005025125628140704,11,10,1,4.0,597,9.95,0.0,0.0,csp,Subject_006,Session_004
97,0,LEFT,True,False,hit,False,60.0,0.0,269.29940119760477,0.0,0.5658682634730539,7,2,5,340.0,334,5.566666666666666,128.0,2.1333333333333333,csp,Subject_006,Session_004
98,0,LEFT,True,False,hit,False,60.0,0.0,220.8181818181818,0.0,0.9278074866310161,2,1,1,340.0,374,6.233333333333333,0.0,0.0,csp,Subject_006,Session_004
99,0,LEFT,False,False,wrong_paddle,False,740.0,680.0,469.3135593220339,318.0,0.05296610169491525,6,3,3,22.0,472,7.866666666666666,276.0,4.6,csp,Subject_006,Session_004
0,1,RIGHT,False,True,wrong_paddle,False,64.0,706.0,417.63758389261744,370.0,0.0,1,1,0,0.0,596,9.933333333333334,,,csp,Subject_010,Session_002
1,1,RIGHT,True,False,hit,False,740.0,30.0,299.93959731543623,30.0,0.5704697986577181,1,1,0,340.0,298,4.966666666666667,128.0,2.1333333333333333,csp,Subject_010,Session_002
2,1,RIGHT,True,False,hit,False,740.0,30.0,240.33333333333334,30.0,1.0,4,0,4,340.0,270,4.5,0.0,0.0,csp,Subject_010,Session_002
3,1,RIGHT,True,False,hit,False,740.0,30.0,212.54347826086956,30.0,0.9239130434782609,1,1,0,340.0,184,3.066666666666667,14.0,0.23333333333333334,csp,Subject_010,Session_002
4,0,LEFT,False,True,timeout_close_weak,False,384.0,324.0,273.9364548494983,32.0,0.6354515050167224,10,6,4,308.0,598,9.966666666666667,0.0,0.0,csp,Subject_010,Session_002
5,1,RIGHT,False,True,timeout_close_weak,False,502.0,268.0,340.09380234505863,190.0,0.5979899497487438,14,4,10,180.0,597,9.95,0.0,0.0,csp,Subject_010,Session_002
6,1,RIGHT,True,False,hit,False,740.0,30.0,199.0,30.0,1.0,0,0,0,340.0,170,2.8333333333333335,0.0,0.0,csp,Subject_010,Session_002
7,1,RIGHT,True,False,hit,False,740.0,30.0,283.64220183486236,30.0,0.8486238532110092,6,2,4,340.0,436,7.266666666666667,0.0,0.0,csp,Subject_010,Session_002
8,1,RIGHT,True,False,hit,False,740.0,30.0,212.54347826086956,30.0,0.9239130434782609,1,1,0,340.0,184,3.066666666666667,14.0,0.23333333333333334,csp,Subject_010,Session_002
9,0,LEFT,False,False,wrong_paddle,False,740.0,680.0,507.46625766871165,342.0,0.0,4,4,0,0.0,326,5.433333333333334,,,csp,Subject_010,Session_002
10,0,LEFT,False,False,wrong_paddle,False,740.0,680.0,439.11483253588517,260.0,0.23684210526315788,17,12,5,80.0,418,6.966666666666667,0.0,0.0,csp,Subject_010,Session_002
11,0,LEFT,True,False,hit,False,60.0,0.0,177.7891891891892,0.0,0.7783783783783784,9,3,6,340.0,370,6.166666666666667,82.0,1.3666666666666667,csp,Subject_010,Session_002
12,1,RIGHT,True,False,hit,False,740.0,30.0,199.0,30.0,1.0,0,0,0,340.0,170,2.8333333333333335,0.0,0.0,csp,Subject_010,Session_002
13,0,LEFT,False,False,wrong_paddle,False,740.0,680.0,418.3267326732673,234.0,0.2599009900990099,2,1,1,106.0,404,6.733333333333333,128.0,2.1333333333333333,csp,Subject_010,Session_002
14,0,LEFT,False,False,wrong_paddle,False,740.0,680.0,511.0,342.0,0.0,0,0,0,0.0,170,2.8333333333333335,,,csp,Subject_010,Session_002
15,1,RIGHT,False,True,wrong_paddle,False,206.0,564.0,293.13188647746244,84.0,0.7979966611018364,13,3,10,286.0,599,9.983333333333333,0.0,0.0,csp,Subject_010,Session_002
16,0,LEFT,False,False,wrong_paddle,False,740.0,680.0,524.505376344086,342.0,0.0,2,2,0,0.0,186,3.1,,,csp,Subject_010,Session_002
17,0,LEFT,False,False,wrong_paddle,False,740.0,680.0,528.5428571428571,342.0,0.0,6,6,0,0.0,280,4.666666666666667,,,csp,Subject_010,Session_002
18,0,LEFT,False,True,timeout_wrong,False,418.0,358.0,341.40901502504175,90.0,0.41736227045075125,4,2,2,250.0,599,9.983333333333333,0.0,0.0,csp,Subject_010,Session_002
19,0,LEFT,False,False,wrong_paddle,False,740.0,680.0,492.37404580152673,296.0,0.16412213740458015,5,4,1,44.0,262,4.366666666666666,0.0,0.0,csp,Subject_010,Session_002
20,0,LEFT,False,False,wrong_paddle,False,740.0,680.0,265.3636363636364,22.0,0.7121212121212122,9,0,9,318.0,594,9.9,0.0,0.0,csp,Subject_010,Session_002
21,1,RIGHT,False,False,wrong_paddle,False,60.0,710.0,341.72659176029964,112.0,0.6797752808988764,7,0,7,258.0,534,8.9,0.0,0.0,csp,Subject_010,Session_002
22,0,LEFT,True,False,hit,False,60.0,0.0,162.10091743119267,0.0,1.0,12,0,12,340.0,218,3.6333333333333333,0.0,0.0,csp,Subject_010,Session_002
23,0,LEFT,False,False,wrong_paddle,False,740.0,680.0,511.0,342.0,0.0,0,0,0,0.0,170,2.8333333333333335,,,csp,Subject_010,Session_002
24,0,LEFT,False,True,timeout_wrong,False,460.0,400.0,284.4448160535117,150.0,0.7675585284280937,10,3,7,190.0,598,9.966666666666667,10.0,0.16666666666666666,csp,Subject_010,Session_002
25,1,RIGHT,True,False,hit,False,740.0,30.0,255.4915254237288,30.0,0.7203389830508474,3,3,0,340.0,236,3.933333333333333,66.0,1.1,csp,Subject_010,Session_002
26,1,RIGHT,True,False,hit,False,740.0,30.0,188.53020134228188,30.0,1.0,6,0,6,340.0,298,4.966666666666667,0.0,0.0,csp,Subject_010,Session_002
27,0,LEFT,False,False,wrong_paddle,False,740.0,680.0,549.72,342.0,0.0,2,2,0,0.0,250,4.166666666666667,,,csp,Subject_010,Session_002
28,0,LEFT,False,True,timeout_wrong,False,546.0,486.0,183.1118530884808,12.0,0.8764607679465777,7,0,7,328.0,599,9.983333333333333,0.0,0.0,csp,Subject_010,Session_002
29,1,RIGHT,True,False,hit,False,740.0,30.0,216.2340425531915,30.0,0.9042553191489362,1,1,0,340.0,188,3.1333333333333333,18.0,0.3,csp,Subject_010,Session_002
30,0,LEFT,False,False,wrong_paddle,False,740.0,680.0,393.8415300546448,210.0,0.40710382513661203,10,3,7,130.0,366,6.1,46.0,0.7666666666666667,csp,Subject_010,Session_002
31,0,LEFT,False,False,wrong_paddle,False,740.0,680.0,536.4414414414415,342.0,0.0,8,8,0,0.0,222,3.7,,,csp,Subject_010,Session_002
32,1,RIGHT,True,False,hit,False,740.0,30.0,228.7826086956522,30.0,0.9094202898550725,4,1,3,340.0,276,4.6,0.0,0.0,csp,Subject_010,Session_002
33,1,RIGHT,True,False,hit,False,740.0,30.0,199.0,30.0,1.0,0,0,0,340.0,170,2.8333333333333335,0.0,0.0,csp,Subject_010,Session_002
34,0,LEFT,False,False,wrong_paddle,False,740.0,680.0,544.027027027027,342.0,0.0,2,2,0,0.0,222,3.7,,,csp,Subject_010,Session_002
35,1,RIGHT,False,False,wrong_paddle,False,60.0,710.0,488.5652173913044,310.0,0.2565217391304348,1,0,1,60.0,230,3.8333333333333335,0.0,0.0,csp,Subject_010,Session_002
36,1,RIGHT,True,False,hit,False,740.0,30.0,199.0,30.0,1.0,0,0,0,340.0,170,2.8333333333333335,0.0,0.0,csp,Subject_010,Session_002
37,1,RIGHT,True,False,hit,False,740.0,30.0,199.0,30.0,1.0,0,0,0,340.0,170,2.8333333333333335,0.0,0.0,csp,Subject_010,Session_002
38,1,RIGHT,True,False,hit,False,740.0,30.0,228.62376237623764,30.0,0.8415841584158416,1,1,0,340.0,202,3.3666666666666667,32.0,0.5333333333333333,csp,Subject_010,Session_002
39,0,LEFT,False,False,wrong_paddle,False,740.0,680.0,511.0,342.0,0.0,0,0,0,0.0,170,2.8333333333333335,,,csp,Subject_010,Session_002
40,1,RIGHT,True,False,hit,False,740.0,30.0,199.0,30.0,1.0,0,0,0,340.0,170,2.8333333333333335,0.0,0.0,csp,Subject_010,Session_002
41,0,LEFT,True,False,hit,False,60.0,0.0,150.9078947368421,0.0,0.9539473684210527,13,1,12,340.0,304,5.066666666666666,14.0,0.23333333333333334,csp,Subject_010,Session_002
42,0,LEFT,True,False,hit,False,60.0,0.0,234.15753424657535,0.0,0.7791095890410958,9,2,7,340.0,584,9.733333333333333,92.0,1.5333333333333334,csp,Subject_010,Session_002
43,0,LEFT,True,False,hit,False,60.0,0.0,205.98039215686273,0.0,0.7516339869281046,7,1,6,340.0,306,5.1,76.0,1.2666666666666666,csp,Subject_010,Session_002
44,1,RIGHT,False,False,wrong_paddle,False,60.0,710.0,514.1186440677966,330.0,0.1906779661016949,9,6,3,40.0,236,3.933333333333333,0.0,0.0,csp,Subject_010,Session_002
45,0,LEFT,False,True,timeout_close_weak,False,310.0,250.0,276.96817420435514,134.0,0.830820770519263,13,2,11,206.0,597,9.95,8.0,0.13333333333333333,csp,Subject_010,Session_002
46,1,RIGHT,True,False,hit,False,740.0,30.0,247.08071748878925,30.0,0.695067264573991,3,1,2,340.0,446,7.433333333333334,136.0,2.2666666666666666,csp,Subject_010,Session_002
47,1,RIGHT,True,False,hit,False,740.0,30.0,246.9646017699115,30.0,0.7566371681415929,3,3,0,340.0,226,3.7666666666666666,0.0,0.0,csp,Subject_010,Session_002
48,1,RIGHT,True,False,hit,False,740.0,30.0,199.0,30.0,1.0,0,0,0,340.0,170,2.8333333333333335,0.0,0.0,csp,Subject_010,Session_002
49,1,RIGHT,True,False,hit,False,740.0,30.0,211.989898989899,30.0,1.0,4,0,4,340.0,198,3.3,0.0,0.0,csp,Subject_010,Session_002
50,0,LEFT,False,False,wrong_paddle,False,740.0,680.0,318.70212765957444,108.0,0.6361702127659574,7,0,7,232.0,470,7.833333333333333,0.0,0.0,csp,Subject_010,Session_002
51,0,LEFT,False,False,wrong_paddle,False,740.0,680.0,511.0,342.0,0.0,0,0,0,0.0,170,2.8333333333333335,,,csp,Subject_010,Session_002
52,1,RIGHT,True,False,hit,False,740.0,30.0,199.0,30.0,1.0,0,0,0,340.0,170,2.8333333333333335,0.0,0.0,csp,Subject_010,Session_002
53,0,LEFT,False,False,wrong_paddle,False,740.0,680.0,511.0,342.0,0.0,0,0,0,0.0,170,2.8333333333333335,,,csp,Subject_010,Session_002
54,1,RIGHT,True,False,hit,False,740.0,30.0,199.49122807017545,30.0,1.0,4,0,4,340.0,228,3.8,0.0,0.0,csp,Subject_010,Session_002
55,1,RIGHT,True,False,hit,False,740.0,30.0,199.0,30.0,1.0,0,0,0,340.0,170,2.8333333333333335,0.0,0.0,csp,Subject_010,Session_002
56,0,LEFT,False,False,wrong_paddle,False,740.0,680.0,511.0,342.0,0.0,0,0,0,0.0,170,2.8333333333333335,,,csp,Subject_010,Session_002
57,0,LEFT,True,False,hit,False,60.0,0.0,164.91752577319588,0.0,1.0,2,0,2,340.0,194,3.2333333333333334,0.0,0.0,csp,Subject_010,Session_002
58,1,RIGHT,True,False,hit,False,740.0,30.0,218.05263157894737,30.0,0.8947368421052632,1,1,0,340.0,190,3.1666666666666665,20.0,0.3333333333333333,csp,Subject_010,Session_002
59,0,LEFT,False,False,wrong_paddle,False,740.0,680.0,526.0566037735849,342.0,0.0,10,10,0,0.0,212,3.533333333333333,,,csp,Subject_010,Session_002
60,0,LEFT,False,False,wrong_paddle,False,740.0,680.0,493.7659574468085,322.0,0.09042553191489362,1,0,1,18.0,188,3.1333333333333333,0.0,0.0,csp,Subject_010,Session_002
61,0,LEFT,False,False,wrong_paddle,False,740.0,680.0,479.6666666666667,306.0,0.16176470588235295,1,0,1,34.0,204,3.4,0.0,0.0,csp,Subject_010,Session_002
62,1,RIGHT,True,False,hit,False,740.0,30.0,199.0,30.0,1.0,0,0,0,340.0,170,2.8333333333333335,0.0,0.0,csp,Subject_010,Session_002
63,0,LEFT,False,False,wrong_paddle,False,740.0,680.0,498.8867924528302,342.0,0.0,10,10,0,0.0,424,7.066666666666666,,,csp,Subject_010,Session_002
64,1,RIGHT,True,False,hit,False,740.0,30.0,199.0,30.0,1.0,0,0,0,340.0,170,2.8333333333333335,0.0,0.0,csp,Subject_010,Session_002
65,0,LEFT,False,False,wrong_paddle,False,740.0,680.0,492.6938775510204,342.0,0.0,2,2,0,0.0,196,3.2666666666666666,,,csp,Subject_010,Session_002
66,1,RIGHT,False,True,timeout_close_weak,False,406.0,364.0,456.0,314.0,0.13400335008375208,9,6,3,56.0,597,9.95,26.0,0.43333333333333335,csp,Subject_010,Session_002
67,0,LEFT,False,False,wrong_paddle,False,740.0,680.0,502.77777777777777,342.0,0.0,2,2,0,0.0,180,3.0,,,csp,Subject_010,Session_002
68,0,LEFT,False,False,wrong_paddle,False,740.0,680.0,515.125,342.0,0.0,2,2,0,0.0,192,3.2,,,csp,Subject_010,Session_002
69,1,RIGHT,True,False,hit,False,740.0,30.0,202.6551724137931,30.0,1.0,2,0,2,340.0,174,2.9,0.0,0.0,csp,Subject_010,Session_002
70,0,LEFT,False,False,wrong_paddle,False,740.0,680.0,511.98148148148147,342.0,0.0,4,4,0,0.0,216,3.6,,,csp,Subject_010,Session_002
71,1,RIGHT,True,False,hit,False,740.0,30.0,264.0480769230769,30.0,0.8485576923076923,2,1,1,340.0,416,6.933333333333334,0.0,0.0,csp,Subject_010,Session_002
72,1,RIGHT,True,False,hit,False,740.0,30.0,198.22222222222223,30.0,1.0,2,0,2,340.0,180,3.0,0.0,0.0,csp,Subject_010,Session_002
73,0,LEFT,False,False,wrong_paddle,False,740.0,680.0,524.5049504950495,342.0,0.0,4,4,0,0.0,202,3.3666666666666667,,,csp,Subject_010,Session_002
74,1,RIGHT,True,False,hit,False,740.0,30.0,246.59701492537314,30.0,0.8470149253731343,6,1,5,340.0,268,4.466666666666667,0.0,0.0,csp,Subject_010,Session_002
75,1,RIGHT,True,False,hit,False,740.0,30.0,220.34653465346534,30.0,1.0,4,0,4,340.0,202,3.3666666666666667,0.0,0.0,csp,Subject_010,Session_002
76,0,LEFT,False,False,wrong_paddle,False,740.0,680.0,508.08045977011494,342.0,0.0,2,2,0,0.0,174,2.9,,,csp,Subject_010,Session_002
77,1,RIGHT,True,False,hit,False,740.0,30.0,199.0,30.0,1.0,0,0,0,340.0,170,2.8333333333333335,0.0,0.0,csp,Subject_010,Session_002
78,1,RIGHT,True,False,hit,False,740.0,30.0,199.0,30.0,1.0,0,0,0,340.0,170,2.8333333333333335,0.0,0.0,csp,Subject_010,Session_002
79,0,LEFT,False,False,wrong_paddle,False,740.0,680.0,462.8076923076923,334.0,0.009615384615384616,4,3,1,6.0,520,8.666666666666666,344.0,5.733333333333333,csp,Subject_010,Session_002
80,1,RIGHT,True,False,hit,False,740.0,30.0,190.7826086956522,30.0,1.0,4,0,4,340.0,184,3.066666666666667,0.0,0.0,csp,Subject_010,Session_002
81,1,RIGHT,True,False,hit,False,740.0,30.0,209.0,30.0,1.0,4,0,4,340.0,214,3.566666666666667,0.0,0.0,csp,Subject_010,Session_002
82,0,LEFT,False,False,wrong_paddle,False,740.0,680.0,511.0,342.0,0.0,0,0,0,0.0,170,2.8333333333333335,,,csp,Subject_010,Session_002
83,1,RIGHT,True,False,hit,False,740.0,30.0,199.0,30.0,1.0,0,0,0,340.0,170,2.8333333333333335,0.0,0.0,csp,Subject_010,Session_002
84,0,LEFT,False,True,timeout_wrong,False,534.0,474.0,299.641541038526,122.0,0.6080402010050251,16,5,11,218.0,597,9.95,16.0,0.26666666666666666,csp,Subject_010,Session_002
85,1,RIGHT,True,False,hit,False,740.0,30.0,349.22127659574465,30.0,0.4127659574468085,4,2,2,340.0,470,7.833333333333333,0.0,0.0,csp,Subject_010,Session_002
86,0,LEFT,False,False,wrong_paddle,False,740.0,680.0,446.73426573426576,318.0,0.11888111888111888,4,2,2,22.0,286,4.766666666666667,26.0,0.43333333333333335,csp,Subject_010,Session_002
87,1,RIGHT,True,False,hit,False,740.0,30.0,199.0,30.0,1.0,0,0,0,340.0,170,2.8333333333333335,0.0,0.0,csp,Subject_010,Session_002
88,1,RIGHT,True,False,hit,False,740.0,30.0,189.64550264550263,30.0,1.0,2,0,2,340.0,378,6.3,0.0,0.0,csp,Subject_010,Session_002
89,0,LEFT,False,False,wrong_paddle,False,740.0,680.0,511.0,342.0,0.0,0,0,0,0.0,170,2.8333333333333335,,,csp,Subject_010,Session_002
90,1,RIGHT,True,False,hit,False,740.0,30.0,199.0,30.0,1.0,0,0,0,340.0,170,2.8333333333333335,0.0,0.0,csp,Subject_010,Session_002
91,0,LEFT,False,False,wrong_paddle,False,740.0,680.0,478.5593220338983,342.0,0.0,2,2,0,0.0,236,3.933333333333333,,,csp,Subject_010,Session_002
92,0,LEFT,False,False,wrong_paddle,False,740.0,680.0,521.2947368421053,342.0,0.0,4,4,0,0.0,190,3.1666666666666665,,,csp,Subject_010,Session_002
93,0,LEFT,False,True,timeout_close_strong,False,202.0,142.0,161.785594639866,14.0,1.0,15,0,15,326.0,597,9.95,0.0,0.0,csp,Subject_010,Session_002
94,1,RIGHT,True,False,hit,False,740.0,30.0,199.0,30.0,1.0,0,0,0,340.0,170,2.8333333333333335,0.0,0.0,csp,Subject_010,Session_002
95,0,LEFT,False,False,wrong_paddle,False,740.0,680.0,436.7142857142857,302.0,0.2012987012987013,6,2,4,38.0,308,5.133333333333334,56.0,0.9333333333333333,csp,Subject_010,Session_002
96,0,LEFT,False,False,wrong_paddle,False,740.0,680.0,529.1358024691358,342.0,0.0,8,8,0,0.0,324,5.4,,,csp,Subject_010,Session_002
97,1,RIGHT,True,False,hit,False,740.0,30.0,340.286432160804,30.0,0.5201005025125628,4,3,1,340.0,398,6.633333333333334,0.0,0.0,csp,Subject_010,Session_002
98,1,RIGHT,True,False,hit,False,740.0,30.0,199.0,30.0,1.0,0,0,0,340.0,170,2.8333333333333335,0.0,0.0,csp,Subject_010,Session_002
99,0,LEFT,False,False,wrong_paddle,False,740.0,680.0,511.0,342.0,0.0,0,0,0,0.0,170,2.8333333333333335,,,csp,Subject_010,Session_002
0,0,LEFT,False,True,timeout_close_weak,False,338.0,278.0,344.5566666666667,266.0,0.17333333333333334,5,4,1,74.0,600,10.0,367.0,6.116666666666666,csp,Subject_011,Session_002
1,1,RIGHT,True,False,hit,False,740.0,30.0,199.91304347826087,30.0,1.0,2,0,2,340.0,184,3.066666666666667,0.0,0.0,csp,Subject_011,Session_002
2,0,LEFT,False,False,wrong_paddle,False,740.0,680.0,511.0,342.0,0.0,0,0,0,0.0,170,2.8333333333333335,,,csp,Subject_011,Session_002
3,0,LEFT,False,True,wrong_paddle,False,694.0,634.0,293.62270450751254,82.0,0.5976627712854758,14,8,6,258.0,599,9.983333333333333,42.0,0.7,csp,Subject_011,Session_002
4,0,LEFT,False,False,wrong_paddle,False,740.0,680.0,503.45569620253167,294.0,0.0949367088607595,4,3,1,46.0,474,7.9,20.0,0.3333333333333333,csp,Subject_011,Session_002
5,1,RIGHT,False,False,wrong_paddle,False,60.0,710.0,541.0,372.0,0.0,0,0,0,0.0,170,2.8333333333333335,,,csp,Subject_011,Session_002
6,1,RIGHT,True,False,hit,False,740.0,30.0,219.83673469387756,30.0,1.0,6,0,6,340.0,196,3.2666666666666666,0.0,0.0,csp,Subject_011,Session_002
7,1,RIGHT,False,True,wrong_paddle,False,184.0,586.0,541.4749163879599,346.0,0.038461538461538464,11,10,1,24.0,598,9.966666666666667,0.0,0.0,csp,Subject_011,Session_002
8,1,RIGHT,False,False,wrong_paddle,False,60.0,710.0,524.4406779661017,372.0,0.0,4,4,0,0.0,236,3.933333333333333,,,csp,Subject_011,Session_002
9,0,LEFT,False,True,wrong_paddle,False,722.0,662.0,353.05527638190955,210.0,0.5695142378559463,20,4,16,130.0,597,9.95,76.0,1.2666666666666666,csp,Subject_011,Session_002
10,1,RIGHT,True,False,hit,False,740.0,30.0,295.10695187165777,30.0,0.6363636363636364,13,7,6,340.0,374,6.233333333333333,136.0,2.2666666666666666,csp,Subject_011,Session_002
11,1,RIGHT,True,False,hit,False,740.0,30.0,209.53191489361703,30.0,1.0,2,0,2,340.0,188,3.1333333333333333,0.0,0.0,csp,Subject_011,Session_002
12,0,LEFT,False,True,timeout_close_strong,False,104.0,44.0,319.53511705685617,44.0,0.5066889632107023,10,5,5,296.0,598,9.966666666666667,0.0,0.0,csp,Subject_011,Session_002
13,1,RIGHT,False,False,wrong_paddle,False,60.0,710.0,559.5806451612904,346.0,0.09032258064516129,5,3,2,24.0,310,5.166666666666667,0.0,0.0,csp,Subject_011,Session_002
14,1,RIGHT,True,False,hit,False,740.0,30.0,194.93162393162393,30.0,0.9658119658119658,5,1,4,340.0,234,3.9,8.0,0.13333333333333333,csp,Subject_011,Session_002
15,1,RIGHT,False,False,wrong_paddle,False,60.0,710.0,422.8827838827839,218.0,0.38644688644688646,19,8,11,152.0,546,9.1,0.0,0.0,csp,Subject_011,Session_002
16,0,LEFT,True,False,hit,False,60.0,0.0,164.0810810810811,0.0,1.0,2,0,2,340.0,222,3.7,0.0,0.0,csp,Subject_011,Session_002
17,0,LEFT,False,True,timeout_close_strong,False,136.0,76.0,221.14046822742475,20.0,0.8110367892976589,12,1,11,320.0,598,9.966666666666667,0.0,0.0,csp,Subject_011,Session_002
18,0,LEFT,False,False,wrong_paddle,False,740.0,680.0,511.0,342.0,0.0,0,0,0,0.0,170,2.8333333333333335,,,csp,Subject_011,Session_002
19,0,LEFT,False,True,timeout_close_weak,False,308.0,248.0,341.98327759197326,186.0,0.46321070234113715,29,11,18,154.0,598,9.966666666666667,0.0,0.0,csp,Subject_011,Session_002
20,1,RIGHT,True,False,hit,False,740.0,30.0,343.06140350877195,30.0,0.5285087719298246,4,3,1,340.0,456,7.6,0.0,0.0,csp,Subject_011,Session_002
21,1,RIGHT,False,True,timeout_wrong,False,374.0,396.0,218.58096828046746,70.0,0.9298831385642737,18,3,15,300.0,599,9.983333333333333,0.0,0.0,csp,Subject_011,Session_002
22,1,RIGHT,False,True,timeout_close_weak,False,452.0,318.0,263.7866666666667,166.0,1.0,16,0,16,204.0,600,10.0,0.0,0.0,csp,Subject_011,Session_002
23,0,LEFT,True,False,hit,False,60.0,0.0,172.97701149425288,0.0,0.9770114942528736,1,1,0,340.0,174,2.9,4.0,0.06666666666666667,csp,Subject_011,Session_002
24,1,RIGHT,False,False,wrong_paddle,False,60.0,710.0,522.9578947368421,356.0,0.06842105263157895,3,2,1,14.0,190,3.1666666666666665,0.0,0.0,csp,Subject_011,Session_002
25,1,RIGHT,True,False,hit,False,740.0,30.0,222.0142857142857,30.0,1.0,8,0,8,340.0,280,4.666666666666667,0.0,0.0,csp,Subject_011,Session_002
26,0,LEFT,False,False,wrong_paddle,False,740.0,680.0,511.0,342.0,0.0,0,0,0,0.0,170,2.8333333333333335,,,csp,Subject_011,Session_002
27,1,RIGHT,True,False,hit,False,740.0,30.0,199.0,30.0,1.0,0,0,0,340.0,170,2.8333333333333335,0.0,0.0,csp,Subject_011,Session_002
28,0,LEFT,True,False,hit,False,60.0,0.0,192.6031746031746,0.0,0.8968253968253969,9,1,8,340.0,504,8.4,52.0,0.8666666666666667,csp,Subject_011,Session_002
29,0,LEFT,True,False,hit,False,60.0,0.0,162.11827956989248,0.0,0.989247311827957,2,0,2,340.0,186,3.1,2.0,0.03333333333333333,csp,Subject_011,Session_002
30,0,LEFT,False,False,wrong_paddle,False,740.0,680.0,448.97202797202794,316.0,0.1258741258741259,4,2,2,24.0,286,4.766666666666667,8.0,0.13333333333333333,csp,Subject_011,Session_002
31,1,RIGHT,True,False,hit,False,740.0,30.0,180.76047904191617,30.0,1.0,8,0,8,340.0,334,5.566666666666666,0.0,0.0,csp,Subject_011,Session_002
32,0,LEFT,False,True,wrong_paddle,False,694.0,634.0,419.4858096828047,242.0,0.2587646076794658,14,9,5,98.0,599,9.983333333333333,72.0,1.2,csp,Subject_011,Session_002
33,1,RIGHT,True,False,hit,False,740.0,30.0,330.68,30.0,0.4857142857142857,5,5,0,340.0,350,5.833333333333333,180.0,3.0,csp,Subject_011,Session_002
34,0,LEFT,False,False,wrong_paddle,False,740.0,680.0,477.97087378640776,304.0,0.16990291262135923,1,0,1,36.0,206,3.433333333333333,0.0,0.0,csp,Subject_011,Session_002
35,0,LEFT,False,False,wrong_paddle,False,740.0,680.0,511.0,342.0,0.0,0,0,0,0.0,170,2.8333333333333335,,,csp,Subject_011,Session_002
36,0,LEFT,False,False,wrong_paddle,False,740.0,680.0,472.0254545454545,298.0,0.07636363636363637,14,12,2,42.0,550,9.166666666666666,10.0,0.16666666666666666,csp,Subject_011,Session_002
37,0,LEFT,False,True,timeout_close_weak,False,284.0,224.0,339.14,200.0,0.51,16,11,5,140.0,600,10.0,4.0,0.06666666666666667,csp,Subject_011,Session_002
38,1,RIGHT,True,False,hit,False,740.0,30.0,269.34567901234567,30.0,0.8302469135802469,2,1,1,340.0,324,5.4,0.0,0.0,csp,Subject_011,Session_002
39,1,RIGHT,False,False,wrong_paddle,False,60.0,710.0,570.6744186046511,372.0,0.0,2,2,0,0.0,258,4.3,,,csp,Subject_011,Session_002
40,1,RIGHT,True,False,hit,False,740.0,30.0,211.11111111111111,30.0,1.0,10,0,10,340.0,360,6.0,0.0,0.0,csp,Subject_011,Session_002
41,1,RIGHT,False,True,timeout_close_weak,False,516.0,254.0,315.67558528428094,146.0,0.6505016722408027,19,10,9,224.0,598,9.966666666666667,38.0,0.6333333333333333,csp,Subject_011,Session_002
42,0,LEFT,True,False,hit,False,60.0,0.0,201.62608695652173,0.0,0.8260869565217391,7,1,6,340.0,230,3.8333333333333335,40.0,0.6666666666666666,csp,Subject_011,Session_002
43,0,LEFT,False,False,wrong_paddle,False,740.0,680.0,493.03550295857985,342.0,0.0,4,4,0,0.0,338,5.633333333333334,,,csp,Subject_011,Session_002
44,1,RIGHT,True,False,hit,False,740.0,30.0,199.0,30.0,1.0,0,0,0,340.0,170,2.8333333333333335,0.0,0.0,csp,Subject_011,Session_002
45,1,RIGHT,False,False,wrong_paddle,False,60.0,710.0,522.198347107438,372.0,0.0,12,12,0,0.0,484,8.066666666666666,,,csp,Subject_011,Session_002
46,1,RIGHT,False,True,timeout_close_weak,False,484.0,286.0,326.2266666666667,128.0,0.6683333333333333,8,3,5,242.0,600,10.0,0.0,0.0,csp,Subject_011,Session_002
47,1,RIGHT,True,False,hit,False,740.0,30.0,231.9271523178808,30.0,0.9768211920529801,8,1,7,340.0,302,5.033333333333333,0.0,0.0,csp,Subject_011,Session_002
48,1,RIGHT,True,False,hit,False,740.0,30.0,208.27607361963192,30.0,0.8680981595092024,10,1,9,340.0,326,5.433333333333334,0.0,0.0,csp,Subject_011,Session_002
49,0,LEFT,True,False,hit,False,60.0,0.0,220.91666666666666,0.0,0.7890625,9,4,5,340.0,384,6.4,28.0,0.4666666666666667,csp,Subject_011,Session_002
50,1,RIGHT,False,True,timeout_close_weak,False,554.0,216.0,282.68219633943426,92.0,0.7886855241264559,11,3,8,278.0,601,10.016666666666667,0.0,0.0,csp,Subject_011,Session_002
51,0,LEFT,True,False,hit,False,60.0,0.0,169.0,0.0,1.0,0,0,0,340.0,170,2.8333333333333335,0.0,0.0,csp,Subject_011,Session_002
52,0,LEFT,False,True,timeout_close_strong,False,208.0,148.0,376.82666666666665,106.0,0.335,12,6,6,234.0,600,10.0,130.0,2.1666666666666665,csp,Subject_011,Session_002
53,0,LEFT,False,False,wrong_paddle,False,740.0,680.0,448.98496240601503,296.0,0.18045112781954886,4,1,3,44.0,266,4.433333333333334,0.0,0.0,csp,Subject_011,Session_002
54,1,RIGHT,True,False,hit,False,740.0,30.0,337.0108108108108,30.0,0.4594594594594595,5,5,0,340.0,370,6.166666666666667,200.0,3.3333333333333335,csp,Subject_011,Session_002
55,1,RIGHT,True,False,hit,False,740.0,30.0,228.33333333333334,30.0,0.8872549019607843,2,1,1,340.0,204,3.4,0.0,0.0,csp,Subject_011,Session_002
56,0,LEFT,True,False,hit,False,60.0,0.0,170.58620689655172,0.0,1.0,2,0,2,340.0,174,2.9,0.0,0.0,csp,Subject_011,Session_002
57,0,LEFT,False,False,wrong_paddle,False,740.0,680.0,501.55555555555554,336.0,0.016666666666666666,2,1,1,4.0,180,3.0,6.0,0.1,csp,Subject_011,Session_002
58,0,LEFT,True,False,hit,False,60.0,0.0,172.97701149425288,0.0,0.9770114942528736,1,1,0,340.0,174,2.9,4.0,0.06666666666666667,csp,Subject_011,Session_002
59,0,LEFT,True,False,hit,False,60.0,0.0,274.30041152263374,0.0,0.6481481481481481,6,3,3,340.0,486,8.1,0.0,0.0,csp,Subject_011,Session_002
60,0,LEFT,False,False,wrong_paddle,False,740.0,680.0,548.646408839779,342.0,0.0,4,4,0,0.0,362,6.033333333333333,,,csp,Subject_011,Session_002
61,1,RIGHT,True,False,hit,False,740.0,30.0,199.0,30.0,1.0,0,0,0,340.0,170,2.8333333333333335,0.0,0.0,csp,Subject_011,Session_002
62,0,LEFT,False,True,wrong_paddle,False,590.0,530.0,257.0016694490818,44.0,0.8380634390651085,11,1,10,296.0,599,9.983333333333333,0.0,0.0,csp,Subject_011,Session_002
63,0,LEFT,False,False,wrong_paddle,False,740.0,680.0,511.0,342.0,0.0,0,0,0,0.0,170,2.8333333333333335,,,csp,Subject_011,Session_002
64,1,RIGHT,True,False,hit,False,740.0,30.0,199.0,30.0,1.0,0,0,0,340.0,170,2.8333333333333335,0.0,0.0,csp,Subject_011,Session_002
65,1,RIGHT,True,False,hit,False,740.0,30.0,202.88505747126436,30.0,0.9942528735632183,2,1,1,340.0,174,2.9,0.0,0.0,csp,Subject_011,Session_002
66,0,LEFT,True,False,hit,False,60.0,0.0,249.3359375,0.0,0.767578125,18,5,13,340.0,512,8.533333333333333,0.0,0.0,csp,Subject_011,Session_002
67,1,RIGHT,False,False,wrong_paddle,False,60.0,710.0,541.0,372.0,0.0,0,0,0,0.0,170,2.8333333333333335,,,csp,Subject_011,Session_002
68,1,RIGHT,False,False,wrong_paddle,False,60.0,710.0,539.8275862068965,372.0,0.0,2,2,0,0.0,174,2.9,,,csp,Subject_011,Session_002
69,1,RIGHT,False,True,wrong_paddle,False,60.0,710.0,407.13377926421407,152.0,0.3762541806020067,18,13,5,218.0,598,9.966666666666667,142.0,2.3666666666666667,csp,Subject_011,Session_002
70,0,LEFT,True,False,hit,False,60.0,0.0,169.0,0.0,1.0,0,0,0,340.0,170,2.8333333333333335,0.0,0.0,csp,Subject_011,Session_002
71,0,LEFT,False,False,wrong_paddle,False,740.0,680.0,476.4967741935484,292.0,0.15161290322580645,11,10,1,48.0,310,5.166666666666667,0.0,0.0,csp,Subject_011,Session_002
72,1,RIGHT,False,True,timeout_close_weak,False,436.0,334.0,364.1666666666667,150.0,0.5533333333333333,14,9,5,220.0,600,10.0,4.0,0.06666666666666667,csp,Subject_011,Session_002
73,0,LEFT,False,True,wrong_paddle,False,664.0,604.0,466.8,256.0,0.25166666666666665,18,14,4,84.0,600,10.0,0.0,0.0,csp,Subject_011,Session_002
74,1,RIGHT,True,False,hit,False,740.0,30.0,198.93103448275863,30.0,1.0,2,0,2,340.0,174,2.9,0.0,0.0,csp,Subject_011,Session_002
75,0,LEFT,False,True,timeout_close_weak,False,274.0,214.0,186.64559068219634,24.0,0.9950083194675541,10,1,9,316.0,601,10.016666666666667,0.0,0.0,csp,Subject_011,Session_002
76,1,RIGHT,False,False,wrong_paddle,False,60.0,710.0,502.4861111111111,372.0,0.0,2,2,0,0.0,288,4.8,,,csp,Subject_011,Session_002
77,0,LEFT,True,False,hit,False,60.0,0.0,142.15,0.0,1.0,6,0,6,340.0,400,6.666666666666667,0.0,0.0,csp,Subject_011,Session_002
78,0,LEFT,False,False,wrong_paddle,False,740.0,680.0,511.0,342.0,0.0,0,0,0,0.0,170,2.8333333333333335,,,csp,Subject_011,Session_002
79,1,RIGHT,True,False,hit,False,740.0,30.0,221.30769230769232,30.0,0.8653846153846154,3,1,2,340.0,208,3.466666666666667,28.0,0.4666666666666667,csp,Subject_011,Session_002
80,1,RIGHT,True,False,hit,False,740.0,30.0,199.0,30.0,1.0,0,0,0,340.0,170,2.8333333333333335,0.0,0.0,csp,Subject_011,Session_002
81,0,LEFT,False,True,timeout_close_strong,False,222.0,162.0,253.68280467445743,68.0,0.7312186978297162,10,2,8,272.0,599,9.983333333333333,94.0,1.5666666666666667,csp,Subject_011,Session_002
82,0,LEFT,False,False,wrong_paddle,False,740.0,680.0,289.4263565891473,24.0,0.6686046511627907,7,0,7,316.0,516,8.6,0.0,0.0,csp,Subject_011,Session_002
83,0,LEFT,True,False,hit,False,60.0,0.0,221.41666666666666,0.0,0.84375,11,1,10,340.0,384,6.4,60.0,1.0,csp,Subject_011,Session_002
84,1,RIGHT,True,False,hit,False,740.0,30.0,197.81132075471697,30.0,1.0,2,0,2,340.0,212,3.533333333333333,0.0,0.0,csp,Subject_011,Session_002
85,1,RIGHT,True,False,hit,False,740.0,30.0,194.73033707865167,30.0,1.0,2,0,2,340.0,178,2.966666666666667,0.0,0.0,csp,Subject_011,Session_002
86,0,LEFT,False,False,wrong_paddle,False,740.0,680.0,509.7608695652174,342.0,0.0,4,4,0,0.0,184,3.066666666666667,,,csp,Subject_011,Session_002
87,0,LEFT,True,False,hit,False,60.0,0.0,169.0,0.0,1.0,0,0,0,340.0,170,2.8333333333333335,0.0,0.0,csp,Subject_011,Session_002
88,1,RIGHT,False,True,timeout_wrong,False,296.0,474.0,372.7324414715719,166.0,0.40635451505016723,16,9,7,204.0,598,9.966666666666667,186.0,3.1,csp,Subject_011,Session_002
89,0,LEFT,True,False,hit,False,60.0,0.0,138.90604026845637,0.0,1.0,12,0,12,340.0,298,4.966666666666667,0.0,0.0,csp,Subject_011,Session_002
90,1,RIGHT,True,False,hit,False,740.0,30.0,202.4712643678161,30.0,1.0,2,0,2,340.0,174,2.9,0.0,0.0,csp,Subject_011,Session_002
91,0,LEFT,False,False,wrong_paddle,False,740.0,680.0,423.67105263157896,256.0,0.3125,6,1,5,84.0,304,5.066666666666666,38.0,0.6333333333333333,csp,Subject_011,Session_002
92,1,RIGHT,True,False,hit,False,740.0,30.0,197.2127659574468,30.0,1.0,6,0,6,340.0,282,4.7,0.0,0.0,csp,Subject_011,Session_002
93,1,RIGHT,True,False,hit,False,740.0,30.0,185.05128205128204,30.0,1.0,2,0,2,340.0,234,3.9,0.0,0.0,csp,Subject_011,Session_002
94,1,RIGHT,True,False,hit,False,740.0,30.0,242.672131147541,30.0,0.9549180327868853,2,1,1,340.0,244,4.066666666666666,0.0,0.0,csp,Subject_011,Session_002
95,1,RIGHT,True,False,hit,False,740.0,30.0,199.0,30.0,1.0,0,0,0,340.0,170,2.8333333333333335,0.0,0.0,csp,Subject_011,Session_002
96,0,LEFT,False,False,wrong_paddle,False,740.0,680.0,441.8805970149254,288.0,0.30597014925373134,3,1,2,52.0,268,4.466666666666667,0.0,0.0,csp,Subject_011,Session_002
97,0,LEFT,False,False,wrong_paddle,False,740.0,680.0,511.0,342.0,0.0,0,0,0,0.0,170,2.8333333333333335,,,csp,Subject_011,Session_002
98,0,LEFT,False,False,wrong_paddle,False,740.0,680.0,376.9642857142857,156.0,0.40848214285714285,2,1,1,184.0,448,7.466666666666667,94.0,1.5666666666666667,csp,Subject_011,Session_002
99,1,RIGHT,True,False,hit,False,740.0,30.0,212.66336633663366,30.0,1.0,6,0,6,340.0,202,3.3666666666666667,0.0,0.0,csp,Subject_011,Session_002
0,1,RIGHT,False,True,timeout_close_weak,False,436.0,334.0,398.3071786310517,334.0,0.03005008347245409,2,2,0,36.0,599,9.983333333333333,581.0,9.683333333333334,csp,Subject_012,Session_002
1,0,LEFT,False,False,wrong_paddle,False,740.0,680.0,511.0,342.0,0.0,0,0,0,0.0,170,2.8333333333333335,,,csp,Subject_012,Session_002
2,1,RIGHT,True,False,hit,False,740.0,30.0,199.0,30.0,1.0,0,0,0,340.0,170,2.8333333333333335,0.0,0.0,csp,Subject_012,Session_002
3,1,RIGHT,True,False,hit,False,740.0,30.0,199.0,30.0,1.0,0,0,0,340.0,170,2.8333333333333335,0.0,0.0,csp,Subject_012,Session_002
4,0,LEFT,False,False,wrong_paddle,False,740.0,680.0,511.0,342.0,0.0,0,0,0,0.0,170,2.8333333333333335,,,csp,Subject_012,Session_002
5,1,RIGHT,True,False,hit,False,740.0,30.0,199.0,30.0,1.0,0,0,0,340.0,170,2.8333333333333335,0.0,0.0,csp,Subject_012,Session_002
6,1,RIGHT,True,False,hit,False,740.0,30.0,199.0,30.0,1.0,0,0,0,340.0,170,2.8333333333333335,0.0,0.0,csp,Subject_012,Session_002
7,1,RIGHT,True,False,hit,False,740.0,30.0,199.0,30.0,1.0,0,0,0,340.0,170,2.8333333333333335,0.0,0.0,csp,Subject_012,Session_002
8,0,LEFT,False,False,wrong_paddle,False,740.0,680.0,511.0,342.0,0.0,0,0,0,0.0,170,2.8333333333333335,,,csp,Subject_012,Session_002
9,1,RIGHT,True,False,hit,False,740.0,30.0,199.0,30.0,1.0,0,0,0,340.0,170,2.8333333333333335,0.0,0.0,csp,Subject_012,Session_002
10,0,LEFT,False,False,wrong_paddle,False,740.0,680.0,511.0,342.0,0.0,0,0,0,0.0,170,2.8333333333333335,,,csp,Subject_012,Session_002
11,1,RIGHT,True,False,hit,False,740.0,30.0,199.0,30.0,1.0,0,0,0,340.0,170,2.8333333333333335,0.0,0.0,csp,Subject_012,Session_002
12,1,RIGHT,True,False,hit,False,740.0,30.0,199.0,30.0,1.0,0,0,0,340.0,170,2.8333333333333335,0.0,0.0,csp,Subject_012,Session_002
13,1,RIGHT,True,False,hit,False,740.0,30.0,199.0,30.0,1.0,0,0,0,340.0,170,2.8333333333333335,0.0,0.0,csp,Subject_012,Session_002
14,0,LEFT,False,False,wrong_paddle,False,740.0,680.0,511.0,342.0,0.0,0,0,0,0.0,170,2.8333333333333335,,,csp,Subject_012,Session_002
15,0,LEFT,False,False,wrong_paddle,False,740.0,680.0,511.0,342.0,0.0,0,0,0,0.0,170,2.8333333333333335,,,csp,Subject_012,Session_002
16,0,LEFT,False,False,wrong_paddle,False,740.0,680.0,511.0,342.0,0.0,0,0,0,0.0,170,2.8333333333333335,,,csp,Subject_012,Session_002
17,0,LEFT,False,False,wrong_paddle,False,740.0,680.0,511.0,342.0,0.0,0,0,0,0.0,170,2.8333333333333335,,,csp,Subject_012,Session_002
18,0,LEFT,False,False,wrong_paddle,False,740.0,680.0,511.0,342.0,0.0,0,0,0,0.0,170,2.8333333333333335,,,csp,Subject_012,Session_002
19,0,LEFT,False,False,wrong_paddle,False,740.0,680.0,511.0,342.0,0.0,0,0,0,0.0,170,2.8333333333333335,,,csp,Subject_012,Session_002
20,0,LEFT,False,False,wrong_paddle,False,740.0,680.0,511.0,342.0,0.0,0,0,0,0.0,170,2.8333333333333335,,,csp,Subject_012,Session_002
21,0,LEFT,False,False,wrong_paddle,False,740.0,680.0,511.0,342.0,0.0,0,0,0,0.0,170,2.8333333333333335,,,csp,Subject_012,Session_002
22,0,LEFT,False,False,wrong_paddle,False,740.0,680.0,511.0,342.0,0.0,0,0,0,0.0,170,2.8333333333333335,,,csp,Subject_012,Session_002
23,0,LEFT,False,False,wrong_paddle,False,740.0,680.0,511.0,342.0,0.0,0,0,0,0.0,170,2.8333333333333335,,,csp,Subject_012,Session_002
24,0,LEFT,False,False,wrong_paddle,False,740.0,680.0,511.0,342.0,0.0,0,0,0,0.0,170,2.8333333333333335,,,csp,Subject_012,Session_002
25,0,LEFT,False,False,wrong_paddle,False,740.0,680.0,511.0,342.0,0.0,0,0,0,0.0,170,2.8333333333333335,,,csp,Subject_012,Session_002
26,1,RIGHT,True,False,hit,False,740.0,30.0,199.0,30.0,1.0,0,0,0,340.0,170,2.8333333333333335,0.0,0.0,csp,Subject_012,Session_002
27,1,RIGHT,True,False,hit,False,740.0,30.0,199.0,30.0,1.0,0,0,0,340.0,170,2.8333333333333335,0.0,0.0,csp,Subject_012,Session_002
28,1,RIGHT,True,False,hit,False,740.0,30.0,199.0,30.0,1.0,0,0,0,340.0,170,2.8333333333333335,0.0,0.0,csp,Subject_012,Session_002
29,1,RIGHT,True,False,hit,False,740.0,30.0,199.0,30.0,1.0,0,0,0,340.0,170,2.8333333333333335,0.0,0.0,csp,Subject_012,Session_002
30,0,LEFT,False,False,wrong_paddle,False,740.0,680.0,511.0,342.0,0.0,0,0,0,0.0,170,2.8333333333333335,,,csp,Subject_012,Session_002
31,1,RIGHT,True,False,hit,False,740.0,30.0,199.0,30.0,1.0,0,0,0,340.0,170,2.8333333333333335,0.0,0.0,csp,Subject_012,Session_002
32,1,RIGHT,True,False,hit,False,740.0,30.0,199.0,30.0,1.0,0,0,0,340.0,170,2.8333333333333335,0.0,0.0,csp,Subject_012,Session_002
33,0,LEFT,False,False,wrong_paddle,False,740.0,680.0,511.0,342.0,0.0,0,0,0,0.0,170,2.8333333333333335,,,csp,Subject_012,Session_002
34,0,LEFT,False,False,wrong_paddle,False,740.0,680.0,511.0,342.0,0.0,0,0,0,0.0,170,2.8333333333333335,,,csp,Subject_012,Session_002
35,0,LEFT,False,False,wrong_paddle,False,740.0,680.0,511.0,342.0,0.0,0,0,0,0.0,170,2.8333333333333335,,,csp,Subject_012,Session_002
36,1,RIGHT,True,False,hit,False,740.0,30.0,199.0,30.0,1.0,0,0,0,340.0,170,2.8333333333333335,0.0,0.0,csp,Subject_012,Session_002
37,1,RIGHT,True,False,hit,False,740.0,30.0,199.0,30.0,1.0,0,0,0,340.0,170,2.8333333333333335,0.0,0.0,csp,Subject_012,Session_002
38,1,RIGHT,True,False,hit,False,740.0,30.0,199.0,30.0,1.0,0,0,0,340.0,170,2.8333333333333335,0.0,0.0,csp,Subject_012,Session_002
39,1,RIGHT,True,False,hit,False,740.0,30.0,199.0,30.0,1.0,0,0,0,340.0,170,2.8333333333333335,0.0,0.0,csp,Subject_012,Session_002
40,0,LEFT,False,False,wrong_paddle,False,740.0,680.0,511.0,342.0,0.0,0,0,0,0.0,170,2.8333333333333335,,,csp,Subject_012,Session_002
41,1,RIGHT,True,False,hit,False,740.0,30.0,199.0,30.0,1.0,0,0,0,340.0,170,2.8333333333333335,0.0,0.0,csp,Subject_012,Session_002
42,0,LEFT,False,False,wrong_paddle,False,740.0,680.0,511.0,342.0,0.0,0,0,0,0.0,170,2.8333333333333335,,,csp,Subject_012,Session_002
43,0,LEFT,False,False,wrong_paddle,False,740.0,680.0,511.0,342.0,0.0,0,0,0,0.0,170,2.8333333333333335,,,csp,Subject_012,Session_002
44,1,RIGHT,True,False,hit,False,740.0,30.0,199.0,30.0,1.0,0,0,0,340.0,170,2.8333333333333335,0.0,0.0,csp,Subject_012,Session_002
45,0,LEFT,False,False,wrong_paddle,False,740.0,680.0,511.0,342.0,0.0,0,0,0,0.0,170,2.8333333333333335,,,csp,Subject_012,Session_002
46,1,RIGHT,True,False,hit,False,740.0,30.0,199.0,30.0,1.0,0,0,0,340.0,170,2.8333333333333335,0.0,0.0,csp,Subject_012,Session_002
47,0,LEFT,False,False,wrong_paddle,False,740.0,680.0,511.0,342.0,0.0,0,0,0,0.0,170,2.8333333333333335,,,csp,Subject_012,Session_002
48,0,LEFT,False,False,wrong_paddle,False,740.0,680.0,511.0,342.0,0.0,0,0,0,0.0,170,2.8333333333333335,,,csp,Subject_012,Session_002
49,1,RIGHT,True,False,hit,False,740.0,30.0,199.0,30.0,1.0,0,0,0,340.0,170,2.8333333333333335,0.0,0.0,csp,Subject_012,Session_002
50,0,LEFT,False,False,wrong_paddle,False,740.0,680.0,511.0,342.0,0.0,0,0,0,0.0,170,2.8333333333333335,,,csp,Subject_012,Session_002
51,1,RIGHT,True,False,hit,False,740.0,30.0,199.0,30.0,1.0,0,0,0,340.0,170,2.8333333333333335,0.0,0.0,csp,Subject_012,Session_002
52,1,RIGHT,True,False,hit,False,740.0,30.0,199.0,30.0,1.0,0,0,0,340.0,170,2.8333333333333335,0.0,0.0,csp,Subject_012,Session_002
53,0,LEFT,False,False,wrong_paddle,False,740.0,680.0,511.0,342.0,0.0,0,0,0,0.0,170,2.8333333333333335,,,csp,Subject_012,Session_002
54,0,LEFT,False,False,wrong_paddle,False,740.0,680.0,511.0,342.0,0.0,0,0,0,0.0,170,2.8333333333333335,,,csp,Subject_012,Session_002
55,1,RIGHT,True,False,hit,False,740.0,30.0,199.0,30.0,1.0,0,0,0,340.0,170,2.8333333333333335,0.0,0.0,csp,Subject_012,Session_002
56,0,LEFT,False,False,wrong_paddle,False,740.0,680.0,511.0,342.0,0.0,0,0,0,0.0,170,2.8333333333333335,,,csp,Subject_012,Session_002
57,1,RIGHT,True,False,hit,False,740.0,30.0,199.0,30.0,1.0,0,0,0,340.0,170,2.8333333333333335,0.0,0.0,csp,Subject_012,Session_002
58,1,RIGHT,True,False,hit,False,740.0,30.0,199.0,30.0,1.0,0,0,0,340.0,170,2.8333333333333335,0.0,0.0,csp,Subject_012,Session_002
59,1,RIGHT,True,False,hit,False,740.0,30.0,199.0,30.0,1.0,0,0,0,340.0,170,2.8333333333333335,0.0,0.0,csp,Subject_012,Session_002
60,0,LEFT,False,False,wrong_paddle,False,740.0,680.0,511.0,342.0,0.0,0,0,0,0.0,170,2.8333333333333335,,,csp,Subject_012,Session_002
61,0,LEFT,False,False,wrong_paddle,False,740.0,680.0,511.0,342.0,0.0,0,0,0,0.0,170,2.8333333333333335,,,csp,Subject_012,Session_002
62,1,RIGHT,True,False,hit,False,740.0,30.0,199.0,30.0,1.0,0,0,0,340.0,170,2.8333333333333335,0.0,0.0,csp,Subject_012,Session_002
63,0,LEFT,False,False,wrong_paddle,False,740.0,680.0,511.0,342.0,0.0,0,0,0,0.0,170,2.8333333333333335,,,csp,Subject_012,Session_002
64,0,LEFT,False,False,wrong_paddle,False,740.0,680.0,511.0,342.0,0.0,0,0,0,0.0,170,2.8333333333333335,,,csp,Subject_012,Session_002
65,1,RIGHT,True,False,hit,False,740.0,30.0,199.0,30.0,1.0,0,0,0,340.0,170,2.8333333333333335,0.0,0.0,csp,Subject_012,Session_002
66,0,LEFT,False,False,wrong_paddle,False,740.0,680.0,511.0,342.0,0.0,0,0,0,0.0,170,2.8333333333333335,,,csp,Subject_012,Session_002
67,0,LEFT,False,False,wrong_paddle,False,740.0,680.0,511.0,342.0,0.0,0,0,0,0.0,170,2.8333333333333335,,,csp,Subject_012,Session_002
68,0,LEFT,False,False,wrong_paddle,False,740.0,680.0,511.0,342.0,0.0,0,0,0,0.0,170,2.8333333333333335,,,csp,Subject_012,Session_002
69,0,LEFT,False,False,wrong_paddle,False,740.0,680.0,511.0,342.0,0.0,0,0,0,0.0,170,2.8333333333333335,,,csp,Subject_012,Session_002
70,1,RIGHT,True,False,hit,False,740.0,30.0,199.0,30.0,1.0,0,0,0,340.0,170,2.8333333333333335,0.0,0.0,csp,Subject_012,Session_002
71,1,RIGHT,True,False,hit,False,740.0,30.0,199.0,30.0,1.0,0,0,0,340.0,170,2.8333333333333335,0.0,0.0,csp,Subject_012,Session_002
72,1,RIGHT,True,False,hit,False,740.0,30.0,199.0,30.0,1.0,0,0,0,340.0,170,2.8333333333333335,0.0,0.0,csp,Subject_012,Session_002
73,1,RIGHT,True,False,hit,False,740.0,30.0,199.0,30.0,1.0,0,0,0,340.0,170,2.8333333333333335,0.0,0.0,csp,Subject_012,Session_002
74,0,LEFT,False,False,wrong_paddle,False,740.0,680.0,511.0,342.0,0.0,0,0,0,0.0,170,2.8333333333333335,,,csp,Subject_012,Session_002
75,0,LEFT,False,False,wrong_paddle,False,740.0,680.0,511.0,342.0,0.0,0,0,0,0.0,170,2.8333333333333335,,,csp,Subject_012,Session_002
76,1,RIGHT,True,False,hit,False,740.0,30.0,199.0,30.0,1.0,0,0,0,340.0,170,2.8333333333333335,0.0,0.0,csp,Subject_012,Session_002
77,1,RIGHT,True,False,hit,False,740.0,30.0,199.0,30.0,1.0,0,0,0,340.0,170,2.8333333333333335,0.0,0.0,csp,Subject_012,Session_002
78,1,RIGHT,True,False,hit,False,740.0,30.0,199.0,30.0,1.0,0,0,0,340.0,170,2.8333333333333335,0.0,0.0,csp,Subject_012,Session_002
79,1,RIGHT,True,False,hit,False,740.0,30.0,199.0,30.0,1.0,0,0,0,340.0,170,2.8333333333333335,0.0,0.0,csp,Subject_012,Session_002
80,0,LEFT,False,False,wrong_paddle,False,740.0,680.0,511.0,342.0,0.0,0,0,0,0.0,170,2.8333333333333335,,,csp,Subject_012,Session_002
81,0,LEFT,False,False,wrong_paddle,False,740.0,680.0,511.0,342.0,0.0,0,0,0,0.0,170,2.8333333333333335,,,csp,Subject_012,Session_002
82,0,LEFT,False,False,wrong_paddle,False,740.0,680.0,511.0,342.0,0.0,0,0,0,0.0,170,2.8333333333333335,,,csp,Subject_012,Session_002
83,1,RIGHT,True,False,hit,False,740.0,30.0,199.0,30.0,1.0,0,0,0,340.0,170,2.8333333333333335,0.0,0.0,csp,Subject_012,Session_002
84,1,RIGHT,True,False,hit,False,740.0,30.0,199.0,30.0,1.0,0,0,0,340.0,170,2.8333333333333335,0.0,0.0,csp,Subject_012,Session_002
85,1,RIGHT,True,False,hit,False,740.0,30.0,199.0,30.0,1.0,0,0,0,340.0,170,2.8333333333333335,0.0,0.0,csp,Subject_012,Session_002
86,0,LEFT,False,False,wrong_paddle,False,740.0,680.0,511.0,342.0,0.0,0,0,0,0.0,170,2.8333333333333335,,,csp,Subject_012,Session_002
87,0,LEFT,False,False,wrong_paddle,False,740.0,680.0,511.0,342.0,0.0,0,0,0,0.0,170,2.8333333333333335,,,csp,Subject_012,Session_002
88,0,LEFT,False,False,wrong_paddle,False,740.0,680.0,511.0,342.0,0.0,0,0,0,0.0,170,2.8333333333333335,,,csp,Subject_012,Session_002
89,0,LEFT,False,False,wrong_paddle,False,740.0,680.0,511.0,342.0,0.0,0,0,0,0.0,170,2.8333333333333335,,,csp,Subject_012,Session_002
90,1,RIGHT,True,False,hit,False,740.0,30.0,199.0,30.0,1.0,0,0,0,340.0,170,2.8333333333333335,0.0,0.0,csp,Subject_012,Session_002
91,0,LEFT,False,False,wrong_paddle,False,740.0,680.0,511.0,342.0,0.0,0,0,0,0.0,170,2.8333333333333335,,,csp,Subject_012,Session_002
92,0,LEFT,False,False,wrong_paddle,False,740.0,680.0,511.0,342.0,0.0,0,0,0,0.0,170,2.8333333333333335,,,csp,Subject_012,Session_002
93,1,RIGHT,True,False,hit,False,740.0,30.0,199.0,30.0,1.0,0,0,0,340.0,170,2.8333333333333335,0.0,0.0,csp,Subject_012,Session_002
94,1,RIGHT,True,False,hit,False,740.0,30.0,199.0,30.0,1.0,0,0,0,340.0,170,2.8333333333333335,0.0,0.0,csp,Subject_012,Session_002
95,1,RIGHT,True,False,hit,False,740.0,30.0,199.0,30.0,1.0,0,0,0,340.0,170,2.8333333333333335,0.0,0.0,csp,Subject_012,Session_002
96,1,RIGHT,True,False,hit,False,740.0,30.0,199.0,30.0,1.0,0,0,0,340.0,170,2.8333333333333335,0.0,0.0,csp,Subject_012,Session_002
97,1,RIGHT,True,False,hit,False,740.0,30.0,199.0,30.0,1.0,0,0,0,340.0,170,2.8333333333333335,0.0,0.0,csp,Subject_012,Session_002
98,0,LEFT,False,False,wrong_paddle,False,740.0,680.0,511.0,342.0,0.0,0,0,0,0.0,170,2.8333333333333335,,,csp,Subject_012,Session_002
99,1,RIGHT,True,False,hit,False,740.0,30.0,199.0,30.0,1.0,0,0,0,340.0,170,2.8333333333333335,0.0,0.0,csp,Subject_012,Session_002
0,1,RIGHT,False,True,timeout_close_weak,False,498.0,272.0,347.1051752921536,198.0,0.2287145242070117,3,1,2,172.0,599,9.983333333333333,462.0,7.7,csp,Subject_012,Session_003
1,0,LEFT,True,False,hit,False,60.0,0.0,169.0,0.0,1.0,0,0,0,340.0,170,2.8333333333333335,0.0,0.0,csp,Subject_012,Session_003
2,0,LEFT,False,False,wrong_paddle,False,740.0,680.0,493.787037037037,342.0,0.0,10,10,0,0.0,432,7.2,,,csp,Subject_012,Session_003
3,0,LEFT,False,True,timeout_wrong,True,430.0,370.0,481.14190317195323,342.0,0.0,15,15,0,0.0,599,9.983333333333333,,,csp,Subject_012,Session_003
4,1,RIGHT,False,False,wrong_paddle,False,60.0,710.0,541.0,372.0,0.0,0,0,0,0.0,170,2.8333333333333335,,,csp,Subject_012,Session_003
5,1,RIGHT,False,False,wrong_paddle,False,60.0,710.0,560.6071428571429,372.0,0.0,4,4,0,0.0,224,3.7333333333333334,,,csp,Subject_012,Session_003
6,1,RIGHT,False,False,wrong_paddle,False,60.0,710.0,488.08597285067873,240.0,0.2918552036199095,11,10,1,130.0,442,7.366666666666666,0.0,0.0,csp,Subject_012,Session_003
7,1,RIGHT,False,False,wrong_paddle,False,60.0,710.0,541.0,372.0,0.0,0,0,0,0.0,170,2.8333333333333335,,,csp,Subject_012,Session_003
8,0,LEFT,False,True,timeout_wrong,False,496.0,436.0,332.08666666666664,146.0,0.48833333333333334,15,8,7,194.0,600,10.0,0.0,0.0,csp,Subject_012,Session_003
9,0,LEFT,False,False,wrong_paddle,False,740.0,680.0,523.8056872037914,342.0,0.0,8,8,0,0.0,422,7.033333333333333,,,csp,Subject_012,Session_003
10,0,LEFT,False,True,wrong_paddle,False,666.0,606.0,453.28978224455614,342.0,0.0,14,14,0,0.0,597,9.95,,,csp,Subject_012,Session_003
11,0,LEFT,False,False,wrong_paddle,False,740.0,680.0,369.7793427230047,148.0,0.44835680751173707,2,1,1,192.0,426,7.1,64.0,1.0666666666666667,csp,Subject_012,Session_003
12,0,LEFT,True,False,hit,False,60.0,0.0,250.61165048543688,0.0,0.7063106796116505,15,4,11,340.0,412,6.866666666666666,100.0,1.6666666666666667,csp,Subject_012,Session_003
13,1,RIGHT,False,False,wrong_paddle,False,60.0,710.0,458.8036809815951,278.0,0.2791411042944785,6,5,1,92.0,326,5.433333333333334,12.0,0.2,csp,Subject_012,Session_003
14,1,RIGHT,False,True,wrong_paddle,True,108.0,662.0,514.4247491638796,344.0,0.048494983277591976,23,20,3,26.0,598,9.966666666666667,14.0,0.23333333333333334,csp,Subject_012,Session_003
15,0,LEFT,True,False,hit,False,60.0,0.0,169.0,0.0,1.0,0,0,0,340.0,170,2.8333333333333335,0.0,0.0,csp,Subject_012,Session_003
16,1,RIGHT,False,True,wrong_paddle,False,72.0,698.0,401.26,186.0,0.385,18,11,7,184.0,600,10.0,134.0,2.2333333333333334,csp,Subject_012,Session_003
17,1,RIGHT,True,False,hit,False,740.0,30.0,271.35664335664336,30.0,0.8828671328671329,8,3,5,340.0,572,9.533333333333333,0.0,0.0,csp,Subject_012,Session_003
18,0,LEFT,False,False,wrong_paddle,False,740.0,680.0,497.45652173913044,326.0,0.07065217391304347,1,0,1,14.0,184,3.066666666666667,0.0,0.0,csp,Subject_012,Session_003
19,1,RIGHT,True,False,hit,False,740.0,30.0,199.24742268041237,30.0,0.8556701030927835,23,3,20,340.0,582,9.7,12.0,0.2,csp,Subject_012,Session_003
20,1,RIGHT,True,False,hit,False,740.0,30.0,144.32701421800948,30.0,1.0,8,0,8,340.0,422,7.033333333333333,0.0,0.0,csp,Subject_012,Session_003
21,1,RIGHT,True,False,hit,False,740.0,30.0,297.6081081081081,30.0,0.5743243243243243,3,3,0,340.0,296,4.933333333333334,126.0,2.1,csp,Subject_012,Session_003
22,0,LEFT,False,False,wrong_paddle,False,740.0,680.0,550.4925373134329,342.0,0.0,2,2,0,0.0,268,4.466666666666667,,,csp,Subject_012,Session_003
23,0,LEFT,False,False,wrong_paddle,False,740.0,680.0,511.0,342.0,0.0,0,0,0,0.0,170,2.8333333333333335,,,csp,Subject_012,Session_003
24,0,LEFT,False,False,wrong_paddle,False,740.0,680.0,511.0,342.0,0.0,0,0,0,0.0,170,2.8333333333333335,,,csp,Subject_012,Session_003
25,1,RIGHT,True,False,hit,False,740.0,30.0,228.62376237623764,30.0,0.8415841584158416,1,1,0,340.0,202,3.3666666666666667,32.0,0.5333333333333333,csp,Subject_012,Session_003
26,0,LEFT,False,False,wrong_paddle,False,740.0,680.0,511.0,342.0,0.0,0,0,0,0.0,170,2.8333333333333335,,,csp,Subject_012,Session_003
27,0,LEFT,False,False,wrong_paddle,False,740.0,680.0,511.0,342.0,0.0,0,0,0,0.0,170,2.8333333333333335,,,csp,Subject_012,Session_003
28,1,RIGHT,True,False,hit,False,740.0,30.0,199.0,30.0,1.0,0,0,0,340.0,170,2.8333333333333335,0.0,0.0,csp,Subject_012,Session_003
29,1,RIGHT,True,False,hit,False,740.0,30.0,199.0,30.0,1.0,0,0,0,340.0,170,2.8333333333333335,0.0,0.0,csp,Subject_012,Session_003
30,0,LEFT,False,False,wrong_paddle,False,740.0,680.0,511.0,342.0,0.0,0,0,0,0.0,170,2.8333333333333335,,,csp,Subject_012,Session_003
31,1,RIGHT,True,False,hit,False,740.0,30.0,199.0,30.0,1.0,0,0,0,340.0,170,2.8333333333333335,0.0,0.0,csp,Subject_012,Session_003
32,0,LEFT,False,False,wrong_paddle,False,740.0,680.0,396.43646408839777,186.0,0.43370165745856354,5,2,3,154.0,362,6.033333333333333,0.0,0.0,csp,Subject_012,Session_003
33,0,LEFT,False,False,wrong_paddle,False,740.0,680.0,511.0,342.0,0.0,0,0,0,0.0,170,2.8333333333333335,,,csp,Subject_012,Session_003
34,1,RIGHT,True,False,hit,False,740.0,30.0,199.0,30.0,1.0,0,0,0,340.0,170,2.8333333333333335,0.0,0.0,csp,Subject_012,Session_003
35,1,RIGHT,True,False,hit,False,740.0,30.0,199.0,30.0,1.0,0,0,0,340.0,170,2.8333333333333335,0.0,0.0,csp,Subject_012,Session_003
36,1,RIGHT,True,False,hit,False,740.0,30.0,199.0,30.0,1.0,0,0,0,340.0,170,2.8333333333333335,0.0,0.0,csp,Subject_012,Session_003
37,0,LEFT,False,False,wrong_paddle,False,740.0,680.0,511.0,342.0,0.0,0,0,0,0.0,170,2.8333333333333335,,,csp,Subject_012,Session_003
38,0,LEFT,False,False,wrong_paddle,False,740.0,680.0,511.0,342.0,0.0,0,0,0,0.0,170,2.8333333333333335,,,csp,Subject_012,Session_003
39,1,RIGHT,True,False,hit,False,740.0,30.0,199.0,30.0,1.0,0,0,0,340.0,170,2.8333333333333335,0.0,0.0,csp,Subject_012,Session_003
40,0,LEFT,False,False,wrong_paddle,False,740.0,680.0,511.0,342.0,0.0,0,0,0,0.0,170,2.8333333333333335,,,csp,Subject_012,Session_003
41,0,LEFT,False,False,wrong_paddle,False,740.0,680.0,511.0,342.0,0.0,0,0,0,0.0,170,2.8333333333333335,,,csp,Subject_012,Session_003
42,0,LEFT,False,False,wrong_paddle,False,740.0,680.0,511.0,342.0,0.0,0,0,0,0.0,170,2.8333333333333335,,,csp,Subject_012,Session_003
43,1,RIGHT,True,False,hit,False,740.0,30.0,199.0,30.0,1.0,0,0,0,340.0,170,2.8333333333333335,0.0,0.0,csp,Subject_012,Session_003
44,1,RIGHT,True,False,hit,False,740.0,30.0,199.0,30.0,1.0,0,0,0,340.0,170,2.8333333333333335,0.0,0.0,csp,Subject_012,Session_003
45,0,LEFT,True,False,hit,False,60.0,0.0,290.1195652173913,0.0,0.47282608695652173,7,5,2,340.0,368,6.133333333333334,194.0,3.2333333333333334,csp,Subject_012,Session_003
46,0,LEFT,True,False,hit,False,60.0,0.0,169.0,0.0,1.0,0,0,0,340.0,170,2.8333333333333335,0.0,0.0,csp,Subject_012,Session_003
47,1,RIGHT,False,False,wrong_paddle,False,60.0,710.0,560.5963302752293,372.0,0.0,2,2,0,0.0,218,3.6333333333333333,,,csp,Subject_012,Session_003
48,0,LEFT,False,True,timeout_close_weak,False,242.0,182.0,185.0484140233723,14.0,1.0,13,0,13,326.0,599,9.983333333333333,0.0,0.0,csp,Subject_012,Session_003
49,1,RIGHT,True,False,hit,False,740.0,30.0,203.86486486486487,30.0,1.0,2,0,2,340.0,370,6.166666666666667,0.0,0.0,csp,Subject_012,Session_003
50,0,LEFT,False,False,wrong_paddle,False,740.0,680.0,511.0,342.0,0.0,0,0,0,0.0,170,2.8333333333333335,,,csp,Subject_012,Session_003
51,1,RIGHT,True,False,hit,False,740.0,30.0,199.0,30.0,1.0,0,0,0,340.0,170,2.8333333333333335,0.0,0.0,csp,Subject_012,Session_003
52,0,LEFT,False,False,wrong_paddle,False,740.0,680.0,511.0,342.0,0.0,0,0,0,0.0,170,2.8333333333333335,,,csp,Subject_012,Session_003
53,1,RIGHT,True,False,hit,False,740.0,30.0,199.0,30.0,1.0,0,0,0,340.0,170,2.8333333333333335,0.0,0.0,csp,Subject_012,Session_003
54,1,RIGHT,True,False,hit,False,740.0,30.0,199.0,30.0,1.0,0,0,0,340.0,170,2.8333333333333335,0.0,0.0,csp,Subject_012,Session_003
55,0,LEFT,False,True,timeout_wrong,False,412.0,352.0,390.73825503355704,260.0,0.31711409395973156,12,3,9,80.0,596,9.933333333333334,252.0,4.2,csp,Subject_012,Session_003
56,1,RIGHT,True,False,hit,False,740.0,30.0,163.768115942029,30.0,1.0,6,0,6,340.0,276,4.6,0.0,0.0,csp,Subject_012,Session_003
57,0,LEFT,False,False,wrong_paddle,False,740.0,680.0,502.77777777777777,342.0,0.0,2,2,0,0.0,180,3.0,,,csp,Subject_012,Session_003
58,1,RIGHT,True,False,hit,False,740.0,30.0,370.9625468164794,30.0,0.35767790262172283,13,10,3,340.0,534,8.9,18.0,0.3,csp,Subject_012,Session_003
59,1,RIGHT,True,False,hit,False,740.0,30.0,199.0,30.0,1.0,0,0,0,340.0,170,2.8333333333333335,0.0,0.0,csp,Subject_012,Session_003
60,1,RIGHT,True,False,hit,False,740.0,30.0,348.6063829787234,30.0,0.4521276595744681,3,3,0,340.0,376,6.266666666666667,206.0,3.433333333333333,csp,Subject_012,Session_003
61,0,LEFT,False,False,wrong_paddle,False,740.0,680.0,437.13432835820896,260.0,0.2947761194029851,2,1,1,80.0,268,4.466666666666667,18.0,0.3,csp,Subject_012,Session_003
62,1,RIGHT,True,False,hit,False,740.0,30.0,199.0,30.0,1.0,0,0,0,340.0,170,2.8333333333333335,0.0,0.0,csp,Subject_012,Session_003
63,0,LEFT,False,False,wrong_paddle,False,740.0,680.0,428.3168316831683,310.0,0.1485148514851485,7,3,4,30.0,404,6.733333333333333,0.0,0.0,csp,Subject_012,Session_003
64,0,LEFT,False,False,wrong_paddle,False,740.0,680.0,511.0,342.0,0.0,0,0,0,0.0,170,2.8333333333333335,,,csp,Subject_012,Session_003
65,1,RIGHT,True,False,hit,False,740.0,30.0,199.0,30.0,1.0,0,0,0,340.0,170,2.8333333333333335,0.0,0.0,csp,Subject_012,Session_003
66,0,LEFT,False,False,wrong_paddle,False,740.0,680.0,443.2628571428571,308.0,0.08857142857142856,6,5,1,32.0,350,5.833333333333333,148.0,2.466666666666667,csp,Subject_012,Session_003
67,0,LEFT,True,False,hit,False,60.0,0.0,335.9026548672566,0.0,0.37610619469026546,5,5,0,340.0,452,7.533333333333333,282.0,4.7,csp,Subject_012,Session_003
68,1,RIGHT,True,False,hit,False,740.0,30.0,199.0,30.0,1.0,0,0,0,340.0,170,2.8333333333333335,0.0,0.0,csp,Subject_012,Session_003
69,0,LEFT,False,False,wrong_paddle,False,740.0,680.0,511.0,342.0,0.0,0,0,0,0.0,170,2.8333333333333335,,,csp,Subject_012,Session_003
70,1,RIGHT,True,False,hit,False,740.0,30.0,178.3050847457627,30.0,1.0,4,0,4,340.0,236,3.933333333333333,0.0,0.0,csp,Subject_012,Session_003
71,1,RIGHT,False,False,wrong_paddle,False,60.0,710.0,481.0730593607306,352.0,0.0410958904109589,16,14,2,18.0,438,7.3,36.0,0.6,csp,Subject_012,Session_003
72,0,LEFT,False,False,wrong_paddle,False,740.0,680.0,443.859375,286.0,0.33203125,3,0,3,54.0,256,4.266666666666667,0.0,0.0,csp,Subject_012,Session_003
73,0,LEFT,False,False,wrong_paddle,False,740.0,680.0,511.0,342.0,0.0,0,0,0,0.0,170,2.8333333333333335,,,csp,Subject_012,Session_003
74,1,RIGHT,True,False,hit,False,740.0,30.0,199.0,30.0,1.0,0,0,0,340.0,170,2.8333333333333335,0.0,0.0,csp,Subject_012,Session_003
75,1,RIGHT,True,False,hit,False,740.0,30.0,199.0,30.0,1.0,0,0,0,340.0,170,2.8333333333333335,0.0,0.0,csp,Subject_012,Session_003
76,1,RIGHT,True,False,hit,False,740.0,30.0,199.0,30.0,1.0,0,0,0,340.0,170,2.8333333333333335,0.0,0.0,csp,Subject_012,Session_003
77,0,LEFT,False,False,wrong_paddle,False,740.0,680.0,511.0,342.0,0.0,0,0,0,0.0,170,2.8333333333333335,,,csp,Subject_012,Session_003
78,1,RIGHT,True,False,hit,False,740.0,30.0,212.73793103448276,30.0,1.0,4,0,4,340.0,290,4.833333333333333,0.0,0.0,csp,Subject_012,Session_003
79,0,LEFT,False,False,wrong_paddle,False,740.0,680.0,511.0,342.0,0.0,0,0,0,0.0,170,2.8333333333333335,,,csp,Subject_012,Session_003
80,0,LEFT,True,False,hit,False,60.0,0.0,173.94736842105263,0.0,1.0,4,0,4,340.0,190,3.1666666666666665,0.0,0.0,csp,Subject_012,Session_003
81,1,RIGHT,True,False,hit,False,740.0,30.0,202.97701149425288,30.0,0.9770114942528736,1,1,0,340.0,174,2.9,4.0,0.06666666666666667,csp,Subject_012,Session_003
82,0,LEFT,False,True,timeout_close_weak,False,308.0,248.0,192.03678929765886,34.0,1.0,19,0,19,306.0,598,9.966666666666667,0.0,0.0,csp,Subject_012,Session_003
83,1,RIGHT,True,False,hit,False,740.0,30.0,199.0,30.0,1.0,0,0,0,340.0,170,2.8333333333333335,0.0,0.0,csp,Subject_012,Session_003
84,1,RIGHT,False,True,timeout_close_weak,False,418.0,352.0,339.09515859766276,210.0,0.7595993322203672,22,6,16,160.0,599,9.983333333333333,0.0,0.0,csp,Subject_012,Session_003
85,1,RIGHT,False,True,timeout_close_strong,False,588.0,182.0,243.35333333333332,34.0,0.9483333333333334,10,1,9,336.0,600,10.0,0.0,0.0,csp,Subject_012,Session_003
86,1,RIGHT,True,False,hit,False,740.0,30.0,175.9090909090909,30.0,1.0,4,0,4,340.0,264,4.4,0.0,0.0,csp,Subject_012,Session_003
87,0,LEFT,False,True,wrong_paddle,False,676.0,616.0,404.3333333333333,198.0,0.305,11,8,3,142.0,600,10.0,0.0,0.0,csp,Subject_012,Session_003
88,1,RIGHT,False,False,wrong_paddle,False,60.0,710.0,458.1418685121107,302.0,0.13494809688581316,14,12,2,68.0,578,9.633333333333333,298.0,4.966666666666667,csp,Subject_012,Session_003
89,0,LEFT,False,True,timeout_wrong,False,436.0,376.0,258.39799331103677,156.0,0.9297658862876255,19,1,18,184.0,598,9.966666666666667,0.0,0.0,csp,Subject_012,Session_003
90,1,RIGHT,False,False,wrong_paddle,False,60.0,710.0,560.8074074074074,372.0,0.0,6,6,0,0.0,270,4.5,,,csp,Subject_012,Session_003
91,0,LEFT,True,False,hit,False,60.0,0.0,257.13861386138615,0.0,0.7648514851485149,8,1,7,340.0,404,6.733333333333333,0.0,0.0,csp,Subject_012,Session_003
92,0,LEFT,False,False,wrong_paddle,False,740.0,680.0,511.0,342.0,0.0,0,0,0,0.0,170,2.8333333333333335,,,csp,Subject_012,Session_003
93,1,RIGHT,True,False,hit,False,740.0,30.0,199.0,30.0,1.0,0,0,0,340.0,170,2.8333333333333335,0.0,0.0,csp,Subject_012,Session_003
94,0,LEFT,False,True,timeout_close_weak,False,284.0,224.0,367.5418060200669,160.0,0.4080267558528428,12,3,9,180.0,598,9.966666666666667,252.0,4.2,csp,Subject_012,Session_003
95,0,LEFT,False,True,timeout_wrong,False,428.0,368.0,381.00666666666666,100.0,0.3983333333333333,4,3,1,240.0,600,10.0,346.0,5.766666666666667,csp,Subject_012,Session_003
96,1,RIGHT,True,False,hit,False,740.0,30.0,221.02197802197801,30.0,0.9313186813186813,8,1,7,340.0,364,6.066666666666666,0.0,0.0,csp,Subject_012,Session_003
97,0,LEFT,True,False,hit,False,60.0,0.0,192.17910447761193,0.0,1.0,6,0,6,340.0,268,4.466666666666667,0.0,0.0,csp,Subject_012,Session_003
98,1,RIGHT,True,False,hit,False,740.0,30.0,166.25984251968504,30.0,1.0,4,0,4,340.0,254,4.233333333333333,0.0,0.0,csp,Subject_012,Session_003
99,0,LEFT,False,False,wrong_paddle,False,740.0,680.0,326.215859030837,96.0,0.6233480176211453,5,0,5,244.0,454,7.566666666666666,0.0,0.0,csp,Subject_012,Session_003
0,1,RIGHT,False,True,wrong_paddle,False,86.0,684.0,411.2059800664452,370.0,0.0,1,1,0,0.0,602,10.033333333333333,,,csp,Subject_014,Session_002
1,0,LEFT,True,False,hit,False,60.0,0.0,169.0,0.0,1.0,0,0,0,340.0,170,2.8333333333333335,0.0,0.0,csp,Subject_014,Session_002
2,1,RIGHT,False,False,wrong_paddle,False,60.0,710.0,500.009009009009,340.0,0.13063063063063063,2,1,1,30.0,222,3.7,22.0,0.36666666666666664,csp,Subject_014,Session_002
3,0,LEFT,True,False,hit,False,60.0,0.0,176.86516853932585,0.0,0.9550561797752809,1,1,0,340.0,178,2.966666666666667,8.0,0.13333333333333333,csp,Subject_014,Session_002
4,1,RIGHT,False,False,wrong_paddle,False,60.0,710.0,541.0,372.0,0.0,0,0,0,0.0,170,2.8333333333333335,,,csp,Subject_014,Session_002
5,1,RIGHT,False,False,wrong_paddle,False,60.0,710.0,541.0,372.0,0.0,0,0,0,0.0,170,2.8333333333333335,,,csp,Subject_014,Session_002
6,0,LEFT,False,True,timeout_close_weak,False,394.0,334.0,187.1181364392679,16.0,0.9384359400998337,12,1,11,324.0,601,10.016666666666667,0.0,0.0,csp,Subject_014,Session_002
7,1,RIGHT,False,False,wrong_paddle,False,60.0,710.0,518.2222222222222,372.0,0.0,4,4,0,0.0,216,3.6,,,csp,Subject_014,Session_002
8,1,RIGHT,False,False,wrong_paddle,False,60.0,710.0,556.2164948453608,372.0,0.0,4,4,0,0.0,194,3.2333333333333334,,,csp,Subject_014,Session_002
9,0,LEFT,True,False,hit,False,60.0,0.0,167.6315789473684,0.0,1.0,4,0,4,340.0,190,3.1666666666666665,0.0,0.0,csp,Subject_014,Session_002
10,0,LEFT,True,False,hit,False,60.0,0.0,163.8842105263158,0.0,1.0,6,0,6,340.0,190,3.1666666666666665,0.0,0.0,csp,Subject_014,Session_002
11,0,LEFT,True,False,hit,False,60.0,0.0,166.49425287356323,0.0,1.0,2,0,2,340.0,174,2.9,0.0,0.0,csp,Subject_014,Session_002
12,0,LEFT,True,False,hit,False,60.0,0.0,232.0557620817844,0.0,1.0,18,0,18,340.0,538,8.966666666666667,0.0,0.0,csp,Subject_014,Session_002
13,1,RIGHT,False,False,wrong_paddle,False,60.0,710.0,538.0666666666667,372.0,0.0,4,4,0,0.0,180,3.0,,,csp,Subject_014,Session_002
14,0,LEFT,True,False,hit,False,60.0,0.0,183.20754716981133,0.0,0.9056603773584906,7,1,6,340.0,212,3.533333333333333,20.0,0.3333333333333333,csp,Subject_014,Session_002
15,1,RIGHT,False,True,wrong_paddle,True,144.0,626.0,410.22,298.0,0.365,27,16,11,72.0,600,10.0,0.0,0.0,csp,Subject_014,Session_002
16,0,LEFT,True,False,hit,False,60.0,0.0,165.21656050955414,0.0,1.0,6,0,6,340.0,314,5.233333333333333,0.0,0.0,csp,Subject_014,Session_002
17,1,RIGHT,False,False,wrong_paddle,False,60.0,710.0,533.7746478873239,372.0,0.0,2,2,0,0.0,284,4.733333333333333,,,csp,Subject_014,Session_002
18,1,RIGHT,False,False,wrong_paddle,False,60.0,710.0,539.0,368.0,0.005813953488372093,0,0,0,2.0,172,2.8666666666666667,0.0,0.0,csp,Subject_014,Session_002
19,0,LEFT,True,False,hit,False,60.0,0.0,181.02173913043478,0.0,1.0,2,0,2,340.0,184,3.066666666666667,0.0,0.0,csp,Subject_014,Session_002
20,0,LEFT,True,False,hit,False,60.0,0.0,216.90540540540542,0.0,1.0,12,0,12,340.0,296,4.933333333333334,0.0,0.0,csp,Subject_014,Session_002
21,1,RIGHT,False,False,wrong_paddle,False,60.0,710.0,509.6666666666667,336.0,0.16176470588235295,1,0,1,34.0,204,3.4,0.0,0.0,csp,Subject_014,Session_002
22,0,LEFT,True,False,hit,False,60.0,0.0,158.67676767676767,0.0,1.0,2,0,2,340.0,198,3.3,0.0,0.0,csp,Subject_014,Session_002
23,1,RIGHT,False,False,wrong_paddle,False,60.0,710.0,541.0,372.0,0.0,0,0,0,0.0,170,2.8333333333333335,,,csp,Subject_014,Session_002
24,0,LEFT,True,False,hit,False,60.0,0.0,169.0,0.0,1.0,0,0,0,340.0,170,2.8333333333333335,0.0,0.0,csp,Subject_014,Session_002
25,1,RIGHT,False,False,wrong_paddle,False,60.0,710.0,541.0,372.0,0.0,0,0,0,0.0,170,2.8333333333333335,,,csp,Subject_014,Session_002
26,1,RIGHT,False,False,wrong_paddle,False,60.0,710.0,522.2083333333334,366.0,0.015625,2,1,1,4.0,192,3.2,18.0,0.3,csp,Subject_014,Session_002
27,0,LEFT,True,False,hit,False,60.0,0.0,155.16176470588235,0.0,1.0,4,0,4,340.0,272,4.533333333333333,0.0,0.0,csp,Subject_014,Session_002
28,1,RIGHT,False,False,wrong_paddle,False,60.0,710.0,541.0,372.0,0.0,0,0,0,0.0,170,2.8333333333333335,,,csp,Subject_014,Session_002
29,0,LEFT,True,False,hit,False,60.0,0.0,169.0,0.0,1.0,0,0,0,340.0,170,2.8333333333333335,0.0,0.0,csp,Subject_014,Session_002
30,0,LEFT,False,False,wrong_paddle,False,740.0,680.0,457.93723849372384,290.0,0.10251046025104603,9,8,1,50.0,478,7.966666666666667,0.0,0.0,csp,Subject_014,Session_002
31,1,RIGHT,True,False,hit,False,740.0,30.0,206.83333333333334,30.0,0.8958333333333334,8,3,5,340.0,432,7.2,0.0,0.0,csp,Subject_014,Session_002
32,0,LEFT,False,False,wrong_paddle,False,740.0,680.0,378.95087719298243,194.0,0.5280701754385965,19,8,11,146.0,570,9.5,0.0,0.0,csp,Subject_014,Session_002
33,1,RIGHT,False,True,timeout_close_weak,False,416.0,354.0,219.7,74.0,0.9583333333333334,21,1,20,296.0,600,10.0,0.0,0.0,csp,Subject_014,Session_002
34,1,RIGHT,False,False,wrong_paddle,False,60.0,710.0,541.0,372.0,0.0,0,0,0,0.0,170,2.8333333333333335,,,csp,Subject_014,Session_002
35,0,LEFT,True,False,hit,False,60.0,0.0,184.13131313131314,0.0,1.0,2,0,2,340.0,198,3.3,0.0,0.0,csp,Subject_014,Session_002
36,0,LEFT,True,False,hit,False,60.0,0.0,169.0,0.0,1.0,0,0,0,340.0,170,2.8333333333333335,0.0,0.0,csp,Subject_014,Session_002
37,1,RIGHT,False,False,wrong_paddle,False,60.0,710.0,558.5942028985507,372.0,0.0,4,4,0,0.0,276,4.6,,,csp,Subject_014,Session_002
38,0,LEFT,True,False,hit,False,60.0,0.0,182.97368421052633,0.0,1.0,8,0,8,340.0,304,5.066666666666666,0.0,0.0,csp,Subject_014,Session_002
39,1,RIGHT,False,False,wrong_paddle,False,60.0,710.0,527.9130434782609,362.0,0.03804347826086957,2,1,1,8.0,184,3.066666666666667,6.0,0.1,csp,Subject_014,Session_002
40,1,RIGHT,False,False,wrong_paddle,False,60.0,710.0,429.77386934673365,274.0,0.5100502512562815,9,2,7,96.0,398,6.633333333333334,0.0,0.0,csp,Subject_014,Session_002
41,0,LEFT,True,False,hit,False,60.0,0.0,169.0,0.0,1.0,0,0,0,340.0,170,2.8333333333333335,0.0,0.0,csp,Subject_014,Session_002
42,0,LEFT,True,False,hit,False,60.0,0.0,169.0,0.0,1.0,0,0,0,340.0,170,2.8333333333333335,0.0,0.0,csp,Subject_014,Session_002
43,1,RIGHT,False,False,wrong_paddle,False,60.0,710.0,541.0,372.0,0.0,0,0,0,0.0,170,2.8333333333333335,,,csp,Subject_014,Session_002
44,1,RIGHT,False,False,wrong_paddle,False,60.0,710.0,543.8723404255319,372.0,0.0,2,2,0,0.0,188,3.1333333333333333,,,csp,Subject_014,Session_002
45,0,LEFT,False,True,timeout_wrong,False,488.0,428.0,311.7,98.0,0.5783333333333334,28,15,13,242.0,600,10.0,0.0,0.0,csp,Subject_014,Session_002
46,0,LEFT,False,True,timeout_close_strong,False,156.0,96.0,239.93333333333334,18.0,0.8183333333333334,20,6,14,322.0,600,10.0,8.0,0.13333333333333333,csp,Subject_014,Session_002
47,0,LEFT,True,False,hit,False,60.0,0.0,131.86111111111111,0.0,1.0,4,0,4,340.0,288,4.8,0.0,0.0,csp,Subject_014,Session_002
48,1,RIGHT,False,False,wrong_paddle,False,60.0,710.0,446.5593220338983,256.0,0.2135593220338983,8,6,2,114.0,590,9.833333333333334,96.0,1.6,csp,Subject_014,Session_002
49,0,LEFT,True,False,hit,False,60.0,0.0,169.0,0.0,1.0,0,0,0,340.0,170,2.8333333333333335,0.0,0.0,csp,Subject_014,Session_002
50,0,LEFT,False,False,wrong_paddle,False,740.0,680.0,412.55128205128204,214.0,0.40064102564102566,3,2,1,126.0,312,5.2,0.0,0.0,csp,Subject_014,Session_002
51,1,RIGHT,False,True,timeout_wrong,False,310.0,460.0,281.2253756260434,74.0,0.7829716193656093,12,5,7,296.0,599,9.983333333333333,24.0,0.4,csp,Subject_014,Session_002
52,0,LEFT,True,False,hit,False,60.0,0.0,202.64814814814815,0.0,0.9490740740740741,2,1,1,340.0,216,3.6,0.0,0.0,csp,Subject_014,Session_002
53,1,RIGHT,False,False,wrong_paddle,False,60.0,710.0,552.3009708737864,372.0,0.0,10,10,0,0.0,206,3.433333333333333,,,csp,Subject_014,Session_002
54,1,RIGHT,False,False,wrong_paddle,False,60.0,710.0,448.05785123966945,268.0,0.34297520661157027,18,14,4,102.0,484,8.066666666666666,50.0,0.8333333333333334,csp,Subject_014,Session_002
55,1,RIGHT,True,False,hit,False,740.0,30.0,199.0,30.0,1.0,0,0,0,340.0,170,2.8333333333333335,0.0,0.0,csp,Subject_014,Session_002
56,0,LEFT,True,False,hit,False,60.0,0.0,316.94871794871796,0.0,0.43846153846153846,7,7,0,340.0,390,6.5,0.0,0.0,csp,Subject_014,Session_002
57,1,RIGHT,False,True,timeout_wrong,False,384.0,386.0,365.4186046511628,196.0,0.5382059800664452,14,2,12,174.0,602,10.033333333333333,178.0,2.966666666666667,csp,Subject_014,Session_002
58,0,LEFT,True,False,hit,False,60.0,0.0,256.3658536585366,0.0,0.6609756097560976,8,3,5,340.0,410,6.833333333333333,0.0,0.0,csp,Subject_014,Session_002
59,1,RIGHT,False,True,timeout_wrong,False,316.0,454.0,415.6066666666667,174.0,0.3983333333333333,17,10,7,196.0,600,10.0,0.0,0.0,csp,Subject_014,Session_002
60,0,LEFT,True,False,hit,False,60.0,0.0,200.89743589743588,0.0,0.8824786324786325,20,1,19,340.0,468,7.8,2.0,0.03333333333333333,csp,Subject_014,Session_002
61,0,LEFT,True,False,hit,False,60.0,0.0,366.63837638376384,0.0,0.31365313653136534,13,13,0,340.0,542,9.033333333333333,372.0,6.2,csp,Subject_014,Session_002
62,1,RIGHT,False,False,wrong_paddle,False,60.0,710.0,541.0,372.0,0.0,0,0,0,0.0,170,2.8333333333333335,,,csp,Subject_014,Session_002
63,0,LEFT,True,False,hit,False,60.0,0.0,169.0,0.0,1.0,0,0,0,340.0,170,2.8333333333333335,0.0,0.0,csp,Subject_014,Session_002
64,1,RIGHT,False,False,wrong_paddle,False,60.0,710.0,541.0,372.0,0.0,0,0,0,0.0,170,2.8333333333333335,,,csp,Subject_014,Session_002
65,1,RIGHT,False,False,wrong_paddle,False,60.0,710.0,541.0,372.0,0.0,0,0,0,0.0,170,2.8333333333333335,,,csp,Subject_014,Session_002
66,0,LEFT,True,False,hit,False,60.0,0.0,169.0,0.0,1.0,0,0,0,340.0,170,2.8333333333333335,0.0,0.0,csp,Subject_014,Session_002
67,0,LEFT,True,False,hit,False,60.0,0.0,169.0,0.0,1.0,0,0,0,340.0,170,2.8333333333333335,0.0,0.0,csp,Subject_014,Session_002
68,0,LEFT,True,False,hit,False,60.0,0.0,182.12403100775194,0.0,1.0,8,0,8,340.0,516,8.6,0.0,0.0,csp,Subject_014,Session_002
69,1,RIGHT,False,False,wrong_paddle,False,60.0,710.0,541.0,372.0,0.0,0,0,0,0.0,170,2.8333333333333335,,,csp,Subject_014,Session_002
70,1,RIGHT,False,False,wrong_paddle,False,60.0,710.0,513.0,372.0,0.0,2,2,0,0.0,210,3.5,,,csp,Subject_014,Session_002
71,1,RIGHT,False,False,wrong_paddle,False,60.0,710.0,556.3333333333334,372.0,0.0,2,2,0,0.0,204,3.4,,,csp,Subject_014,Session_002
72,1,RIGHT,False,False,wrong_paddle,False,60.0,710.0,552.7457627118644,372.0,0.0,2,2,0,0.0,236,3.933333333333333,,,csp,Subject_014,Session_002
73,0,LEFT,True,False,hit,False,60.0,0.0,193.51162790697674,0.0,1.0,6,0,6,340.0,258,4.3,0.0,0.0,csp,Subject_014,Session_002
74,1,RIGHT,False,False,wrong_paddle,False,60.0,710.0,541.0,372.0,0.0,0,0,0,0.0,170,2.8333333333333335,,,csp,Subject_014,Session_002
75,1,RIGHT,False,False,wrong_paddle,False,60.0,710.0,541.0,372.0,0.0,0,0,0,0.0,170,2.8333333333333335,,,csp,Subject_014,Session_002
76,0,LEFT,True,False,hit,False,60.0,0.0,169.0,0.0,1.0,0,0,0,340.0,170,2.8333333333333335,0.0,0.0,csp,Subject_014,Session_002
77,1,RIGHT,False,False,wrong_paddle,False,60.0,710.0,555.574074074074,372.0,0.0,4,4,0,0.0,216,3.6,,,csp,Subject_014,Session_002
78,0,LEFT,True,False,hit,False,60.0,0.0,173.06382978723406,0.0,1.0,4,0,4,340.0,188,3.1333333333333333,0.0,0.0,csp,Subject_014,Session_002
79,0,LEFT,True,False,hit,False,60.0,0.0,269.5437788018433,0.0,0.6889400921658986,7,4,3,340.0,434,7.233333333333333,126.0,2.1,csp,Subject_014,Session_002
80,1,RIGHT,False,False,wrong_paddle,False,60.0,710.0,541.0,372.0,0.0,0,0,0,0.0,170,2.8333333333333335,,,csp,Subject_014,Session_002
81,0,LEFT,True,False,hit,False,60.0,0.0,169.0,0.0,1.0,0,0,0,340.0,170,2.8333333333333335,0.0,0.0,csp,Subject_014,Session_002
82,1,RIGHT,False,False,wrong_paddle,False,60.0,710.0,472.73118279569894,334.0,0.1532258064516129,14,9,5,36.0,372,6.2,82.0,1.3666666666666667,csp,Subject_014,Session_002
83,0,LEFT,True,False,hit,False,60.0,0.0,214.11801242236024,0.0,0.7888198757763976,9,3,6,340.0,322,5.366666666666666,68.0,1.1333333333333333,csp,Subject_014,Session_002
84,1,RIGHT,False,False,wrong_paddle,False,60.0,710.0,539.6436781609195,372.0,0.0,2,2,0,0.0,174,2.9,,,csp,Subject_014,Session_002
85,0,LEFT,True,False,hit,False,60.0,0.0,169.0,0.0,1.0,0,0,0,340.0,170,2.8333333333333335,0.0,0.0,csp,Subject_014,Session_002
86,0,LEFT,True,False,hit,False,60.0,0.0,169.0,0.0,1.0,0,0,0,340.0,170,2.8333333333333335,0.0,0.0,csp,Subject_014,Session_002
87,0,LEFT,True,False,hit,False,60.0,0.0,160.2972972972973,0.0,1.0,8,0,8,340.0,222,3.7,0.0,0.0,csp,Subject_014,Session_002
88,1,RIGHT,False,False,wrong_paddle,False,60.0,710.0,545.1590909090909,372.0,0.0,2,2,0,0.0,176,2.933333333333333,,,csp,Subject_014,Session_002
89,0,LEFT,True,False,hit,False,60.0,0.0,228.3008130081301,0.0,0.7439024390243902,3,2,1,340.0,246,4.1,58.0,0.9666666666666667,csp,Subject_014,Session_002
90,0,LEFT,True,False,hit,False,60.0,0.0,169.0,0.0,1.0,0,0,0,340.0,170,2.8333333333333335,0.0,0.0,csp,Subject_014,Session_002
91,1,RIGHT,False,False,wrong_paddle,False,60.0,710.0,555.3269230769231,372.0,0.0,4,4,0,0.0,208,3.466666666666667,,,csp,Subject_014,Session_002
92,1,RIGHT,False,False,wrong_paddle,False,60.0,710.0,511.672,366.0,0.012,6,5,1,4.0,250,4.166666666666667,42.0,0.7,csp,Subject_014,Session_002
93,1,RIGHT,False,False,wrong_paddle,False,60.0,710.0,383.90909090909093,148.0,0.5580808080808081,3,2,1,222.0,396,6.6,0.0,0.0,csp,Subject_014,Session_002
94,0,LEFT,True,False,hit,False,60.0,0.0,169.0,0.0,1.0,0,0,0,340.0,170,2.8333333333333335,0.0,0.0,csp,Subject_014,Session_002
95,1,RIGHT,False,False,wrong_paddle,False,60.0,710.0,532.4851485148515,372.0,0.0,4,4,0,0.0,202,3.3666666666666667,,,csp,Subject_014,Session_002
96,0,LEFT,False,False,wrong_paddle,False,740.0,680.0,511.0,342.0,0.0,0,0,0,0.0,170,2.8333333333333335,,,csp,Subject_014,Session_002
97,1,RIGHT,False,True,timeout_wrong,False,348.0,422.0,293.9297658862876,156.0,0.8779264214046822,21,6,15,214.0,598,9.966666666666667,0.0,0.0,csp,Subject_014,Session_002
98,1,RIGHT,False,False,wrong_paddle,True,60.0,710.0,490.6150627615063,324.0,0.09414225941422594,22,21,1,46.0,478,7.966666666666667,18.0,0.3,csp,Subject_014,Session_002
99,0,LEFT,True,False,hit,False,60.0,0.0,169.0,0.0,1.0,0,0,0,340.0,170,2.8333333333333335,0.0,0.0,csp,Subject_014,Session_002
0,0,LEFT,False,True,timeout_close_weak,False,260.0,200.0,307.909243697479,172.0,0.3092436974789916,7,2,5,168.0,595,9.916666666666666,411.0,6.85,csp,Subject_014,Session_003
1,0,LEFT,False,False,wrong_paddle,False,740.0,680.0,484.83838383838383,312.0,0.13636363636363635,1,0,1,28.0,198,3.3,0.0,0.0,csp,Subject_014,Session_003
2,1,RIGHT,True,False,hit,False,740.0,30.0,199.0,30.0,1.0,0,0,0,340.0,170,2.8333333333333335,0.0,0.0,csp,Subject_014,Session_003
3,1,RIGHT,True,False,hit,False,740.0,30.0,199.0,30.0,1.0,0,0,0,340.0,170,2.8333333333333335,0.0,0.0,csp,Subject_014,Session_003
4,1,RIGHT,True,False,hit,False,740.0,30.0,210.67032967032966,30.0,0.9340659340659341,1,1,0,340.0,182,3.033333333333333,12.0,0.2,csp,Subject_014,Session_003
5,1,RIGHT,False,False,wrong_paddle,False,60.0,710.0,329.96031746031747,108.0,0.6607142857142857,5,0,5,262.0,504,8.4,0.0,0.0,csp,Subject_014,Session_003
6,0,LEFT,False,False,wrong_paddle,False,740.0,680.0,447.5665236051502,286.0,0.11373390557939914,6,5,1,54.0,466,7.766666666666667,34.0,0.5666666666666667,csp,Subject_014,Session_003
7,1,RIGHT,True,False,hit,False,740.0,30.0,195.75862068965517,30.0,1.0,2,0,2,340.0,174,2.9,0.0,0.0,csp,Subject_014,Session_003
8,1,RIGHT,True,False,hit,False,740.0,30.0,204.9318181818182,30.0,0.9659090909090909,1,1,0,340.0,176,2.933333333333333,6.0,0.1,csp,Subject_014,Session_003
9,0,LEFT,False,True,wrong_paddle,False,718.0,658.0,272.96134453781514,2.0,0.7310924369747899,7,0,7,338.0,595,9.916666666666666,0.0,0.0,csp,Subject_014,Session_003
10,0,LEFT,False,False,wrong_paddle,False,740.0,680.0,518.3333333333334,342.0,0.0,2,2,0,0.0,180,3.0,,,csp,Subject_014,Session_003
11,1,RIGHT,False,True,timeout_close_weak,False,560.0,210.0,286.3422818791946,122.0,0.8590604026845637,12,4,8,248.0,596,9.933333333333334,0.0,0.0,csp,Subject_014,Session_003
12,1,RIGHT,False,True,timeout_close_strong,False,674.0,96.0,298.713567839196,96.0,0.8291457286432161,10,2,8,274.0,597,9.95,0.0,0.0,csp,Subject_014,Session_003
13,0,LEFT,False,False,wrong_paddle,False,740.0,680.0,511.0,342.0,0.0,0,0,0,0.0,170,2.8333333333333335,,,csp,Subject_014,Session_003
14,0,LEFT,False,False,wrong_paddle,False,740.0,680.0,421.80263157894734,256.0,0.33223684210526316,6,1,5,84.0,304,5.066666666666666,32.0,0.5333333333333333,csp,Subject_014,Session_003
15,0,LEFT,False,False,wrong_paddle,False,740.0,680.0,485.969696969697,320.0,0.09595959595959595,2,1,1,20.0,198,3.3,8.0,0.13333333333333333,csp,Subject_014,Session_003
16,0,LEFT,True,False,hit,False,60.0,0.0,258.4193548387097,0.0,0.6225806451612903,6,5,1,340.0,310,5.166666666666667,0.0,0.0,csp,Subject_014,Session_003
17,1,RIGHT,True,False,hit,False,740.0,30.0,260.10729613733906,30.0,0.8390557939914163,13,2,11,340.0,466,7.766666666666667,40.0,0.6666666666666666,csp,Subject_014,Session_003
18,0,LEFT,False,False,wrong_paddle,False,740.0,680.0,498.9782608695652,342.0,0.0,2,2,0,0.0,184,3.066666666666667,,,csp,Subject_014,Session_003
19,1,RIGHT,True,False,hit,False,740.0,30.0,199.0,30.0,1.0,0,0,0,340.0,170,2.8333333333333335,0.0,0.0,csp,Subject_014,Session_003
20,1,RIGHT,False,False,wrong_paddle,False,60.0,710.0,541.0,372.0,0.0,0,0,0,0.0,170,2.8333333333333335,,,csp,Subject_014,Session_003
21,1,RIGHT,True,False,hit,False,740.0,30.0,279.0810810810811,30.0,0.6638513513513513,12,7,5,340.0,592,9.866666666666667,0.0,0.0,csp,Subject_014,Session_003
22,1,RIGHT,False,True,timeout_close_strong,False,644.0,126.0,167.43624161073825,38.0,0.9429530201342282,18,1,17,332.0,596,9.933333333333334,34.0,0.5666666666666667,csp,Subject_014,Session_003
23,0,LEFT,False,True,timeout_close_strong,False,194.0,134.0,185.26386554621848,8.0,1.0,7,0,7,332.0,595,9.916666666666666,0.0,0.0,csp,Subject_014,Session_003
24,1,RIGHT,False,True,timeout_close_strong,True,638.0,132.0,422.0636515912898,114.0,0.24790619765494137,19,17,2,256.0,597,9.95,0.0,0.0,csp,Subject_014,Session_003
25,0,LEFT,False,False,wrong_paddle,False,740.0,680.0,505.87640449438203,336.0,0.016853932584269662,3,2,1,4.0,178,2.966666666666667,0.0,0.0,csp,Subject_014,Session_003
26,1,RIGHT,False,False,wrong_paddle,False,60.0,710.0,520.304347826087,356.0,0.04710144927536232,3,2,1,14.0,276,4.6,0.0,0.0,csp,Subject_014,Session_003
27,1,RIGHT,True,False,hit,False,740.0,30.0,237.09174311926606,30.0,0.8761467889908257,2,1,1,340.0,218,3.6333333333333333,0.0,0.0,csp,Subject_014,Session_003
28,0,LEFT,False,False,wrong_paddle,False,740.0,680.0,506.0208333333333,342.0,0.0,8,8,0,0.0,192,3.2,,,csp,Subject_014,Session_003
29,0,LEFT,True,False,hit,False,60.0,0.0,184.10169491525423,0.0,1.0,2,0,2,340.0,236,3.933333333333333,0.0,0.0,csp,Subject_014,Session_003
30,1,RIGHT,False,True,timeout_close_strong,False,728.0,42.0,290.95317725752506,42.0,0.617056856187291,10,7,3,328.0,598,9.966666666666667,0.0,0.0,csp,Subject_014,Session_003
31,0,LEFT,False,True,timeout_wrong,False,400.0,340.0,201.03355704697987,46.0,0.9379194630872483,12,1,11,294.0,596,9.933333333333334,36.0,0.6,csp,Subject_014,Session_003
32,0,LEFT,False,False,wrong_paddle,False,740.0,680.0,521.5771812080537,342.0,0.0,4,4,0,0.0,298,4.966666666666667,,,csp,Subject_014,Session_003
33,0,LEFT,False,False,wrong_paddle,False,740.0,680.0,508.66896551724136,290.0,0.16896551724137931,9,8,1,50.0,290,4.833333333333333,0.0,0.0,csp,Subject_014,Session_003
34,0,LEFT,False,False,wrong_paddle,False,740.0,680.0,511.0,342.0,0.0,0,0,0,0.0,170,2.8333333333333335,,,csp,Subject_014,Session_003
35,0,LEFT,False,False,wrong_paddle,False,740.0,680.0,511.0,342.0,0.0,0,0,0,0.0,170,2.8333333333333335,,,csp,Subject_014,Session_003
36,1,RIGHT,True,False,hit,False,740.0,30.0,199.0,30.0,1.0,0,0,0,340.0,170,2.8333333333333335,0.0,0.0,csp,Subject_014,Session_003
37,1,RIGHT,True,False,hit,False,740.0,30.0,199.0,30.0,1.0,0,0,0,340.0,170,2.8333333333333335,0.0,0.0,csp,Subject_014,Session_003
38,1,RIGHT,True,False,hit,False,740.0,30.0,199.0,30.0,1.0,0,0,0,340.0,170,2.8333333333333335,0.0,0.0,csp,Subject_014,Session_003
39,0,LEFT,False,False,wrong_paddle,False,740.0,680.0,465.0344827586207,308.0,0.1336206896551724,2,1,1,32.0,232,3.8666666666666667,30.0,0.5,csp,Subject_014,Session_003
40,1,RIGHT,True,False,hit,False,740.0,30.0,199.0,30.0,1.0,0,0,0,340.0,170,2.8333333333333335,0.0,0.0,csp,Subject_014,Session_003
41,1,RIGHT,True,False,hit,False,740.0,30.0,209.74725274725276,30.0,1.0,2,0,2,340.0,182,3.033333333333333,0.0,0.0,csp,Subject_014,Session_003
42,0,LEFT,False,False,wrong_paddle,False,740.0,680.0,511.0,342.0,0.0,0,0,0,0.0,170,2.8333333333333335,,,csp,Subject_014,Session_003
43,1,RIGHT,False,False,close_weak_early,False,454.0,316.0,408.76142131979697,176.0,0.4450084602368866,11,4,7,194.0,591,9.85,0.0,0.0,csp,Subject_014,Session_003
44,0,LEFT,False,False,wrong_paddle,False,740.0,680.0,538.3733333333333,336.0,0.01,5,4,1,4.0,300,5.0,0.0,0.0,csp,Subject_014,Session_003
45,1,RIGHT,False,False,wrong_paddle,False,60.0,710.0,544.195652173913,372.0,0.0,2,2,0,0.0,184,3.066666666666667,,,csp,Subject_014,Session_003
46,1,RIGHT,False,False,wrong_paddle,True,152.0,618.0,461.16161616161617,244.0,0.21043771043771045,16,15,1,126.0,594,9.9,0.0,0.0,csp,Subject_014,Session_003
47,1,RIGHT,True,False,hit,False,740.0,30.0,272.60759493670884,30.0,0.8006329113924051,12,3,9,340.0,316,5.266666666666667,0.0,0.0,csp,Subject_014,Session_003
48,0,LEFT,False,False,wrong_paddle,False,740.0,680.0,519.6170212765958,342.0,0.0,2,2,0,0.0,188,3.1333333333333333,,,csp,Subject_014,Session_003
49,0,LEFT,True,False,hit,False,60.0,0.0,183.36708860759492,0.0,1.0,6,0,6,340.0,316,5.266666666666667,0.0,0.0,csp,Subject_014,Session_003
50,0,LEFT,False,True,timeout_close_weak,False,294.0,234.0,402.0603015075377,220.0,0.27638190954773867,10,5,5,120.0,597,9.95,6.0,0.1,csp,Subject_014,Session_003
51,0,LEFT,True,False,hit,False,60.0,0.0,174.8679245283019,0.0,1.0,6,0,6,340.0,212,3.533333333333333,0.0,0.0,csp,Subject_014,Session_003
52,1,RIGHT,False,False,wrong_paddle,False,60.0,710.0,541.0,372.0,0.0,0,0,0,0.0,170,2.8333333333333335,,,csp,Subject_014,Session_003
53,0,LEFT,False,True,timeout_close_weak,False,346.0,286.0,234.08040201005025,50.0,0.8107202680067002,15,3,12,290.0,597,9.95,0.0,0.0,csp,Subject_014,Session_003
54,0,LEFT,False,False,wrong_paddle,False,740.0,680.0,455.33526011560696,292.0,0.13583815028901733,8,7,1,48.0,346,5.766666666666667,96.0,1.6,csp,Subject_014,Session_003
55,0,LEFT,False,False,wrong_paddle,False,740.0,680.0,475.2857142857143,342.0,0.0,2,2,0,0.0,238,3.966666666666667,,,csp,Subject_014,Session_003
56,1,RIGHT,True,False,hit,False,740.0,30.0,209.3404255319149,30.0,1.0,2,0,2,340.0,188,3.1333333333333333,0.0,0.0,csp,Subject_014,Session_003
57,1,RIGHT,False,False,wrong_paddle,False,60.0,710.0,534.6603773584906,372.0,0.0,2,2,0,0.0,212,3.533333333333333,,,csp,Subject_014,Session_003
58,1,RIGHT,True,False,hit,False,740.0,30.0,414.0409836065574,30.0,0.3483606557377049,1,1,0,340.0,488,8.133333333333333,318.0,5.3,csp,Subject_014,Session_003
59,0,LEFT,False,False,wrong_paddle,False,740.0,680.0,511.0,342.0,0.0,0,0,0,0.0,170,2.8333333333333335,,,csp,Subject_014,Session_003
60,0,LEFT,False,True,wrong_paddle,False,618.0,558.0,370.11764705882354,142.0,0.3310924369747899,10,9,1,198.0,595,9.916666666666666,228.0,3.8,csp,Subject_014,Session_003
61,1,RIGHT,True,False,hit,False,740.0,30.0,222.26530612244898,30.0,0.8979591836734694,5,3,2,340.0,196,3.2666666666666666,16.0,0.26666666666666666,csp,Subject_014,Session_003
62,1,RIGHT,True,False,hit,False,740.0,30.0,199.0,30.0,1.0,0,0,0,340.0,170,2.8333333333333335,0.0,0.0,csp,Subject_014,Session_003
63,1,RIGHT,True,False,hit,False,740.0,30.0,199.0,30.0,1.0,0,0,0,340.0,170,2.8333333333333335,0.0,0.0,csp,Subject_014,Session_003
64,1,RIGHT,False,False,wrong_paddle,False,60.0,710.0,539.6896551724138,372.0,0.0,2,2,0,0.0,174,2.9,,,csp,Subject_014,Session_003
65,0,LEFT,True,False,hit,False,60.0,0.0,169.0,0.0,1.0,0,0,0,340.0,170,2.8333333333333335,0.0,0.0,csp,Subject_014,Session_003
66,1,RIGHT,True,False,hit,False,740.0,30.0,199.0,30.0,1.0,0,0,0,340.0,170,2.8333333333333335,0.0,0.0,csp,Subject_014,Session_003
67,1,RIGHT,True,False,hit,False,740.0,30.0,199.0,30.0,1.0,0,0,0,340.0,170,2.8333333333333335,0.0,0.0,csp,Subject_014,Session_003
68,0,LEFT,True,False,hit,False,60.0,0.0,392.8922558922559,0.0,0.28619528619528617,5,5,0,340.0,594,9.9,424.0,7.066666666666666,csp,Subject_014,Session_003
69,1,RIGHT,False,False,wrong_paddle,False,60.0,710.0,551.531914893617,372.0,0.0,2,2,0,0.0,188,3.1333333333333333,,,csp,Subject_014,Session_003
70,0,LEFT,False,False,wrong_paddle,False,740.0,680.0,511.0,342.0,0.0,0,0,0,0.0,170,2.8333333333333335,,,csp,Subject_014,Session_003
71,0,LEFT,False,True,timeout_close_weak,False,326.0,266.0,188.16134453781513,28.0,1.0,9,0,9,312.0,595,9.916666666666666,0.0,0.0,csp,Subject_014,Session_003
72,1,RIGHT,True,False,hit,False,740.0,30.0,301.2913907284768,30.0,0.5629139072847682,3,3,0,340.0,302,5.033333333333333,132.0,2.2,csp,Subject_014,Session_003
73,1,RIGHT,True,False,hit,False,740.0,30.0,199.0,30.0,1.0,0,0,0,340.0,170,2.8333333333333335,0.0,0.0,csp,Subject_014,Session_003
74,0,LEFT,False,False,wrong_paddle,False,740.0,680.0,483.3,314.0,0.145,3,0,3,26.0,200,3.3333333333333335,0.0,0.0,csp,Subject_014,Session_003
75,0,LEFT,False,False,wrong_paddle,False,740.0,680.0,469.6727272727273,308.0,0.16818181818181818,4,1,3,32.0,220,3.6666666666666665,12.0,0.2,csp,Subject_014,Session_003
76,0,LEFT,False,False,wrong_paddle,False,740.0,680.0,441.39694656488547,272.0,0.3282442748091603,3,1,2,68.0,262,4.366666666666666,0.0,0.0,csp,Subject_014,Session_003
77,0,LEFT,True,False,hit,False,60.0,0.0,312.8933333333333,0.0,0.49333333333333335,9,1,8,340.0,450,7.5,228.0,3.8,csp,Subject_014,Session_003
78,1,RIGHT,False,False,wrong_paddle,False,60.0,710.0,511.29126213592235,348.0,0.10194174757281553,5,4,1,22.0,206,3.433333333333333,0.0,0.0,csp,Subject_014,Session_003
79,0,LEFT,False,False,close_weak_early,False,320.0,260.0,310.1178451178451,182.0,0.5976430976430976,16,8,8,158.0,594,9.9,72.0,1.2,csp,Subject_014,Session_003
80,1,RIGHT,True,False,hit,False,740.0,30.0,199.0,30.0,1.0,0,0,0,340.0,170,2.8333333333333335,0.0,0.0,csp,Subject_014,Session_003
81,0,LEFT,False,False,wrong_paddle,False,740.0,680.0,511.0,342.0,0.0,0,0,0,0.0,170,2.8333333333333335,,,csp,Subject_014,Session_003
82,0,LEFT,False,False,wrong_paddle,False,740.0,680.0,511.0,342.0,0.0,0,0,0,0.0,170,2.8333333333333335,,,csp,Subject_014,Session_003
83,1,RIGHT,True,False,hit,False,740.0,30.0,223.40816326530611,30.0,0.8673469387755102,1,1,0,340.0,196,3.2666666666666666,26.0,0.43333333333333335,csp,Subject_014,Session_003
84,1,RIGHT,True,False,hit,False,740.0,30.0,199.0,30.0,1.0,0,0,0,340.0,170,2.8333333333333335,0.0,0.0,csp,Subject_014,Session_003
85,1,RIGHT,False,False,wrong_paddle,False,60.0,710.0,375.8029197080292,160.0,0.5620437956204379,4,2,2,210.0,548,9.133333333333333,36.0,0.6,csp,Subject_014,Session_003
86,1,RIGHT,False,True,wrong_paddle,True,162.0,608.0,539.8458961474037,344.0,0.04187604690117253,19,18,1,26.0,597,9.95,152.0,2.533333333333333,csp,Subject_014,Session_003
87,0,LEFT,False,False,wrong_paddle,False,740.0,680.0,465.1801801801802,296.0,0.22972972972972974,5,0,5,44.0,222,3.7,0.0,0.0,csp,Subject_014,Session_003
88,0,LEFT,False,False,wrong_paddle,False,740.0,680.0,343.0081967213115,100.0,0.5061475409836066,8,5,3,240.0,488,8.133333333333333,42.0,0.7,csp,Subject_014,Session_003
89,0,LEFT,False,False,wrong_paddle,False,740.0,680.0,511.0,342.0,0.0,0,0,0,0.0,170,2.8333333333333335,,,csp,Subject_014,Session_003
90,0,LEFT,False,False,wrong_paddle,False,740.0,680.0,511.0,342.0,0.0,0,0,0,0.0,170,2.8333333333333335,,,csp,Subject_014,Session_003
91,1,RIGHT,True,False,hit,False,740.0,30.0,199.0,30.0,1.0,0,0,0,340.0,170,2.8333333333333335,0.0,0.0,csp,Subject_014,Session_003
92,0,LEFT,True,False,hit,False,60.0,0.0,169.0,0.0,1.0,0,0,0,340.0,170,2.8333333333333335,0.0,0.0,csp,Subject_014,Session_003
93,1,RIGHT,False,False,wrong_paddle,False,60.0,710.0,500.01863354037266,306.0,0.1956521739130435,5,4,1,64.0,322,5.366666666666666,0.0,0.0,csp,Subject_014,Session_003
94,0,LEFT,False,False,wrong_paddle,False,740.0,680.0,320.5502008032129,132.0,0.6566265060240963,7,0,7,208.0,498,8.3,0.0,0.0,csp,Subject_014,Session_003
95,0,LEFT,True,False,hit,False,60.0,0.0,174.73,0.0,1.0,12,0,12,340.0,400,6.666666666666667,0.0,0.0,csp,Subject_014,Session_003
96,1,RIGHT,True,False,hit,False,740.0,30.0,327.2378854625551,30.0,0.6101321585903083,2,1,1,340.0,454,7.566666666666666,0.0,0.0,csp,Subject_014,Session_003
97,1,RIGHT,False,True,timeout_close_strong,False,644.0,126.0,232.2751677852349,66.0,0.9614093959731543,6,1,5,304.0,596,9.933333333333334,0.0,0.0,csp,Subject_014,Session_003
98,0,LEFT,False,True,timeout_close_strong,False,104.0,44.0,223.95302013422818,44.0,0.9110738255033557,8,1,7,296.0,596,9.933333333333334,0.0,0.0,csp,Subject_014,Session_003
99,1,RIGHT,False,False,wrong_paddle,False,60.0,710.0,590.8264150943396,372.0,0.0,8,8,0,0.0,530,8.833333333333334,,,csp,Subject_014,Session_003
