trial_id,label,label_name,hit,timed_out,outcome,fighting,final_x,dist_final,mean_dist,min_dist,frac_correct_side,n_reversals,n_reversals_wrong,n_reversals_correct,peak_excursion,n_frames,trial_duration_s,reaction_frames,reaction_s,game,subject,session
0,1,RIGHT,True,False,hit,False,740.0,30.0,254.35294117647058,30.0,0.9595588235294118,9,2,7,340.0,272,4.533333333333333,8.0,0.13333333333333333,graph_ml,Subject_002,Session_002
1,1,RIGHT,False,True,timeout_wrong,False,400.0,370.0,370.0,370.0,0.0,0,0,0,0.0,601,10.016666666666667,,,graph_ml,Subject_002,Session_002
2,0,LEFT,False,False,wrong_paddle,False,740.0,680.0,501.22222222222223,330.0,0.05,1,0,1,10.0,180,3.0,0.0,0.0,graph_ml,Subject_002,Session_002
3,1,RIGHT,True,False,hit,False,740.0,30.0,201.04597701149424,30.0,1.0,2,0,2,340.0,174,2.9,0.0,0.0,graph_ml,Subject_002,Session_002
4,1,RIGHT,True,False,hit,False,740.0,30.0,199.0,30.0,1.0,0,0,0,340.0,170,2.8333333333333335,0.0,0.0,graph_ml,Subject_002,Session_002
5,1,RIGHT,False,True,timeout_wrong,False,400.0,370.0,370.0,370.0,0.0,0,0,0,0.0,602,10.033333333333333,,,graph_ml,Subject_002,Session_002
6,1,RIGHT,True,False,hit,False,740.0,30.0,203.5,30.0,1.0,2,0,2,340.0,176,2.933333333333333,0.0,0.0,graph_ml,Subject_002,Session_002
7,0,LEFT,False,False,wrong_paddle,False,740.0,680.0,410.25925925925924,232.0,0.3487654320987654,4,1,3,108.0,324,5.4,40.0,0.6666666666666666,graph_ml,Subject_002,Session_002
8,0,LEFT,False,False,wrong_paddle,False,740.0,680.0,482.36042402826854,280.0,0.20848056537102475,4,3,1,60.0,283,4.716666666666667,7.0,0.11666666666666667,graph_ml,Subject_002,Session_002
9,1,RIGHT,False,True,timeout_close_strong,False,676.0,94.0,334.79534109816973,94.0,0.28286189683860236,4,2,2,276.0,601,10.016666666666667,431.0,7.183333333333334,graph_ml,Subject_002,Session_002
10,0,LEFT,False,False,wrong_paddle,False,740.0,680.0,477.1666666666667,342.0,0.0,2,2,0,0.0,240,4.0,,,graph_ml,Subject_002,Session_002
11,0,LEFT,False,False,wrong_paddle,False,740.0,680.0,503.63473053892216,342.0,0.0,2,2,0,0.0,334,5.566666666666666,,,graph_ml,Subject_002,Session_002
12,0,LEFT,False,False,wrong_paddle,False,740.0,680.0,426.4160583941606,240.0,0.3759124087591241,3,0,3,100.0,274,4.566666666666666,0.0,0.0,graph_ml,Subject_002,Session_002
13,1,RIGHT,True,False,hit,False,740.0,30.0,317.1835205992509,30.0,0.31835205992509363,4,4,0,340.0,534,8.9,364.0,6.066666666666666,graph_ml,Subject_002,Session_002
14,0,LEFT,False,False,wrong_paddle,False,740.0,680.0,394.8138195777351,308.0,0.05950095969289827,2,1,1,32.0,521,8.683333333333334,319.0,5.316666666666666,graph_ml,Subject_002,Session_002
15,0,LEFT,False,False,wrong_paddle,False,740.0,680.0,511.0,342.0,0.0,0,0,0,0.0,170,2.8333333333333335,,,graph_ml,Subject_002,Session_002
16,1,RIGHT,True,False,hit,False,740.0,30.0,199.0,30.0,1.0,0,0,0,340.0,170,2.8333333333333335,0.0,0.0,graph_ml,Subject_002,Session_002
17,0,LEFT,False,False,wrong_paddle,False,740.0,680.0,483.1111111111111,342.0,0.0,6,6,0,0.0,288,4.8,,,graph_ml,Subject_002,Session_002
18,0,LEFT,False,True,timeout_wrong,False,542.0,482.0,313.1794019933555,134.0,0.34717607973421927,4,1,3,206.0,602,10.033333333333333,321.0,5.35,graph_ml,Subject_002,Session_002
19,1,RIGHT,True,False,hit,False,740.0,30.0,199.0,30.0,1.0,0,0,0,340.0,170,2.8333333333333335,0.0,0.0,graph_ml,Subject_002,Session_002
20,0,LEFT,False,False,wrong_paddle,False,740.0,680.0,448.44029850746267,336.0,0.011194029850746268,2,1,1,4.0,268,4.466666666666667,94.0,1.5666666666666667,graph_ml,Subject_002,Session_002
21,0,LEFT,False,False,wrong_paddle,False,740.0,680.0,393.92549019607844,284.0,0.10784313725490197,2,1,1,56.0,510,8.5,284.0,4.733333333333333,graph_ml,Subject_002,Session_002
22,0,LEFT,False,False,wrong_paddle,False,740.0,680.0,407.0808080808081,226.0,0.32996632996632996,10,4,6,114.0,594,9.9,140.0,2.3333333333333335,graph_ml,Subject_002,Session_002
23,0,LEFT,False,False,wrong_paddle,False,740.0,680.0,439.04794520547944,326.0,0.07534246575342465,4,2,2,14.0,292,4.866666666666666,98.0,1.6333333333333333,graph_ml,Subject_002,Session_002
24,1,RIGHT,True,False,hit,False,740.0,30.0,321.37564322469984,30.0,0.2915951972555746,2,2,0,340.0,583,9.716666666666667,413.0,6.883333333333334,graph_ml,Subject_002,Session_002
25,1,RIGHT,True,False,hit,False,740.0,30.0,201.0,30.0,0.9883720930232558,0,0,0,340.0,172,2.8666666666666667,2.0,0.03333333333333333,graph_ml,Subject_002,Session_002
26,0,LEFT,False,False,wrong_paddle,False,740.0,680.0,470.34179357022,298.0,0.06937394247038917,10,9,1,42.0,591,9.85,207.0,3.45,graph_ml,Subject_002,Session_002
27,1,RIGHT,False,True,timeout_close_strong,False,660.0,110.0,342.4433333333333,110.0,0.21666666666666667,4,4,0,260.0,600,10.0,470.0,7.833333333333333,graph_ml,Subject_002,Session_002
28,1,RIGHT,True,False,hit,False,740.0,30.0,272.5652173913044,30.0,0.6159420289855072,2,2,0,340.0,276,4.6,106.0,1.7666666666666666,graph_ml,Subject_002,Session_002
29,1,RIGHT,False,True,timeout_wrong,False,400.0,370.0,370.0,370.0,0.0,0,0,0,0.0,600,10.0,,,graph_ml,Subject_002,Session_002
30,1,RIGHT,False,True,timeout_wrong,False,400.0,370.0,370.0,370.0,0.0,0,0,0,0.0,600,10.0,,,graph_ml,Subject_002,Session_002
31,0,LEFT,False,False,wrong_paddle,False,740.0,680.0,442.51063829787233,322.0,0.06028368794326241,2,1,1,18.0,282,4.7,94.0,1.5666666666666667,graph_ml,Subject_002,Session_002
32,1,RIGHT,True,False,hit,False,740.0,30.0,292.2616822429907,30.0,0.5196261682242991,6,4,2,340.0,535,8.916666666666666,257.0,4.283333333333333,graph_ml,Subject_002,Session_002
33,0,LEFT,False,False,wrong_paddle,False,740.0,680.0,503.0621118012422,342.0,0.0,8,8,0,0.0,322,5.366666666666666,,,graph_ml,Subject_002,Session_002
34,0,LEFT,False,False,wrong_paddle,False,740.0,680.0,475.02941176470586,290.0,0.13480392156862744,5,2,3,50.0,408,6.8,0.0,0.0,graph_ml,Subject_002,Session_002
35,1,RIGHT,True,False,hit,False,740.0,30.0,199.0,30.0,1.0,0,0,0,340.0,170,2.8333333333333335,0.0,0.0,graph_ml,Subject_002,Session_002
36,0,LEFT,False,False,wrong_paddle,False,740.0,680.0,474.4142259414226,336.0,0.006276150627615063,12,11,1,4.0,478,7.966666666666667,300.0,5.0,graph_ml,Subject_002,Session_002
37,1,RIGHT,False,True,timeout_close_weak,False,452.0,318.0,387.0833333333333,318.0,0.043333333333333335,2,2,0,52.0,600,10.0,574.0,9.566666666666666,graph_ml,Subject_002,Session_002
38,0,LEFT,False,False,wrong_paddle,False,740.0,680.0,499.51724137931035,308.0,0.1336206896551724,5,4,1,32.0,232,3.8666666666666667,0.0,0.0,graph_ml,Subject_002,Session_002
39,1,RIGHT,False,True,timeout_wrong,False,388.0,382.0,394.0734557595993,370.0,0.0,2,2,0,0.0,599,9.983333333333333,,,graph_ml,Subject_002,Session_002
40,0,LEFT,False,False,wrong_paddle,False,740.0,680.0,511.0,342.0,0.0,0,0,0,0.0,170,2.8333333333333335,,,graph_ml,Subject_002,Session_002
41,1,RIGHT,True,False,hit,False,740.0,30.0,292.0857142857143,30.0,0.4857142857142857,2,2,0,340.0,350,5.833333333333333,180.0,3.0,graph_ml,Subject_002,Session_002
42,0,LEFT,False,False,wrong_paddle,False,740.0,680.0,455.4786324786325,276.0,0.2692307692307692,1,0,1,64.0,234,3.9,0.0,0.0,graph_ml,Subject_002,Session_002
43,1,RIGHT,True,False,hit,False,740.0,30.0,199.0,30.0,1.0,0,0,0,340.0,170,2.8333333333333335,0.0,0.0,graph_ml,Subject_002,Session_002
44,0,LEFT,False,False,wrong_paddle,False,740.0,680.0,413.65482233502536,330.0,0.02284263959390863,2,1,1,10.0,394,6.566666666666666,214.0,3.566666666666667,graph_ml,Subject_002,Session_002
45,1,RIGHT,False,True,timeout_wrong,False,400.0,370.0,370.0,370.0,0.0,0,0,0,0.0,601,10.016666666666667,,,graph_ml,Subject_002,Session_002
46,1,RIGHT,True,False,hit,False,740.0,30.0,225.45544554455446,30.0,0.9356435643564357,2,1,1,340.0,202,3.3666666666666667,0.0,0.0,graph_ml,Subject_002,Session_002
47,0,LEFT,False,False,wrong_paddle,False,740.0,680.0,373.86206896551727,188.0,0.2913793103448276,6,3,3,152.0,580,9.666666666666666,176.0,2.933333333333333,graph_ml,Subject_002,Session_002
48,0,LEFT,False,True,timeout_wrong,False,400.0,340.0,340.0,340.0,0.0,0,0,0,0.0,601,10.016666666666667,,,graph_ml,Subject_002,Session_002
49,1,RIGHT,False,True,timeout_wrong,False,400.0,370.0,370.0,370.0,0.0,0,0,0,0.0,601,10.016666666666667,,,graph_ml,Subject_002,Session_002
50,1,RIGHT,False,True,timeout_wrong,False,400.0,370.0,370.0,370.0,0.0,0,0,0,0.0,599,9.983333333333333,,,graph_ml,Subject_002,Session_002
51,0,LEFT,False,True,timeout_wrong,False,400.0,340.0,340.0,340.0,0.0,0,0,0,0.0,601,10.016666666666667,,,graph_ml,Subject_002,Session_002
52,0,LEFT,False,True,timeout_close_weak,False,336.0,276.0,306.91819699499166,136.0,0.39565943238731216,4,2,2,204.0,599,9.983333333333333,295.0,4.916666666666667,graph_ml,Subject_002,Session_002
53,1,RIGHT,True,False,hit,False,740.0,30.0,291.56756756756755,30.0,0.4594594594594595,2,2,0,340.0,370,6.166666666666667,200.0,3.3333333333333335,graph_ml,Subject_002,Session_002
54,1,RIGHT,False,True,timeout_wrong,False,400.0,370.0,370.0,370.0,0.0,0,0,0,0.0,601,10.016666666666667,,,graph_ml,Subject_002,Session_002
55,0,LEFT,False,True,timeout_close_weak,False,392.0,332.0,333.5773710482529,252.0,0.13976705490848584,2,1,1,88.0,601,10.016666666666667,517.0,8.616666666666667,graph_ml,Subject_002,Session_002
56,1,RIGHT,True,False,hit,False,740.0,30.0,310.6707317073171,30.0,0.35365853658536583,4,2,2,340.0,492,8.2,318.0,5.3,graph_ml,Subject_002,Session_002
57,0,LEFT,False,False,wrong_paddle,False,740.0,680.0,468.63157894736844,336.0,0.007894736842105263,8,7,1,4.0,380,6.333333333333333,132.0,2.2,graph_ml,Subject_002,Session_002
58,1,RIGHT,True,False,hit,False,740.0,30.0,303.57029177718834,30.0,0.4509283819628647,4,4,0,340.0,377,6.283333333333333,207.0,3.45,graph_ml,Subject_002,Session_002
59,0,LEFT,False,False,wrong_paddle,False,740.0,680.0,431.4593406593407,246.0,0.2043956043956044,4,3,1,94.0,455,7.583333333333333,125.0,2.0833333333333335,graph_ml,Subject_002,Session_002
60,0,LEFT,False,False,wrong_paddle,False,740.0,680.0,511.0,342.0,0.0,0,0,0,0.0,170,2.8333333333333335,,,graph_ml,Subject_002,Session_002
61,0,LEFT,False,False,wrong_paddle,True,740.0,680.0,505.8735632183908,342.0,0.0,16,16,0,0.0,348,5.8,,,graph_ml,Subject_002,Session_002
62,1,RIGHT,True,False,hit,False,740.0,30.0,301.7345971563981,30.0,0.42417061611374407,6,3,3,340.0,422,7.033333333333333,218.0,3.6333333333333333,graph_ml,Subject_002,Session_002
63,1,RIGHT,True,False,hit,False,740.0,30.0,199.0,30.0,1.0,0,0,0,340.0,170,2.8333333333333335,0.0,0.0,graph_ml,Subject_002,Session_002
64,0,LEFT,False,False,wrong_paddle,False,740.0,680.0,511.0,342.0,0.0,0,0,0,0.0,170,2.8333333333333335,,,graph_ml,Subject_002,Session_002
65,0,LEFT,False,False,wrong_paddle,False,740.0,680.0,513.6666666666666,322.0,0.07264957264957266,3,2,1,18.0,234,3.9,0.0,0.0,graph_ml,Subject_002,Session_002
66,1,RIGHT,True,False,hit,False,740.0,30.0,337.57950530035333,30.0,0.4929328621908127,11,8,3,340.0,566,9.433333333333334,48.0,0.8,graph_ml,Subject_002,Session_002
67,1,RIGHT,False,True,timeout_wrong,False,400.0,370.0,370.0,370.0,0.0,0,0,0,0.0,601,10.016666666666667,,,graph_ml,Subject_002,Session_002
68,0,LEFT,False,False,wrong_paddle,False,740.0,680.0,408.0374707259953,334.0,0.0117096018735363,2,1,1,6.0,427,7.116666666666666,251.0,4.183333333333334,graph_ml,Subject_002,Session_002
69,0,LEFT,False,False,wrong_paddle,False,740.0,680.0,511.0,342.0,0.0,0,0,0,0.0,170,2.8333333333333335,,,graph_ml,Subject_002,Session_002
70,1,RIGHT,True,False,hit,False,740.0,30.0,201.2016806722689,30.0,1.0,4,0,4,340.0,238,3.966666666666667,0.0,0.0,graph_ml,Subject_002,Session_002
71,0,LEFT,False,True,timeout_close_weak,False,294.0,234.0,350.33277870216307,154.0,0.4043261231281198,11,4,7,186.0,601,10.016666666666667,0.0,0.0,graph_ml,Subject_002,Session_002
72,0,LEFT,True,False,hit,False,60.0,0.0,169.0,0.0,1.0,0,0,0,340.0,170,2.8333333333333335,0.0,0.0,graph_ml,Subject_002,Session_002
73,1,RIGHT,True,False,hit,False,740.0,30.0,199.0,30.0,1.0,0,0,0,340.0,170,2.8333333333333335,0.0,0.0,graph_ml,Subject_002,Session_002
74,1,RIGHT,True,False,hit,False,740.0,30.0,276.46741573033705,30.0,0.5820224719101124,6,3,3,340.0,445,7.416666666666667,139.0,2.316666666666667,graph_ml,Subject_002,Session_002
75,0,LEFT,False,False,wrong_paddle,False,740.0,680.0,511.0,342.0,0.0,0,0,0,0.0,170,2.8333333333333335,,,graph_ml,Subject_002,Session_002
76,1,RIGHT,True,False,hit,False,740.0,30.0,199.0,30.0,1.0,0,0,0,340.0,170,2.8333333333333335,0.0,0.0,graph_ml,Subject_002,Session_002
77,0,LEFT,False,False,wrong_paddle,False,740.0,680.0,497.45652173913044,326.0,0.07065217391304347,1,0,1,14.0,184,3.066666666666667,0.0,0.0,graph_ml,Subject_002,Session_002
78,1,RIGHT,False,True,timeout_close_strong,False,722.0,48.0,324.25333333333333,48.0,0.295,6,2,4,322.0,600,10.0,423.0,7.05,graph_ml,Subject_002,Session_002
79,1,RIGHT,True,False,hit,False,740.0,30.0,274.4207792207792,30.0,0.6935064935064935,8,3,5,340.0,385,6.416666666666667,85.0,1.4166666666666667,graph_ml,Subject_002,Session_002
80,1,RIGHT,True,False,hit,False,740.0,30.0,199.0,30.0,1.0,0,0,0,340.0,170,2.8333333333333335,0.0,0.0,graph_ml,Subject_002,Session_002
81,0,LEFT,False,False,wrong_paddle,False,740.0,680.0,493.7659574468085,322.0,0.09042553191489362,1,0,1,18.0,188,3.1333333333333333,0.0,0.0,graph_ml,Subject_002,Session_002
82,1,RIGHT,True,False,hit,False,740.0,30.0,199.0,30.0,1.0,0,0,0,340.0,170,2.8333333333333335,0.0,0.0,graph_ml,Subject_002,Session_002
83,1,RIGHT,True,False,hit,False,740.0,30.0,208.77777777777777,30.0,0.9444444444444444,1,1,0,340.0,180,3.0,10.0,0.16666666666666666,graph_ml,Subject_002,Session_002
84,1,RIGHT,False,True,timeout_wrong,False,400.0,370.0,370.0,370.0,0.0,0,0,0,0.0,599,9.983333333333333,,,graph_ml,Subject_002,Session_002
85,0,LEFT,False,False,wrong_paddle,False,740.0,680.0,435.47849462365593,288.0,0.13709677419354838,4,3,1,52.0,372,6.2,90.0,1.5,graph_ml,Subject_002,Session_002
86,1,RIGHT,True,False,hit,False,740.0,30.0,199.0,30.0,1.0,0,0,0,340.0,170,2.8333333333333335,0.0,0.0,graph_ml,Subject_002,Session_002
87,1,RIGHT,True,False,hit,False,740.0,30.0,282.4609929078014,30.0,0.6028368794326241,5,5,0,340.0,282,4.7,112.0,1.8666666666666667,graph_ml,Subject_002,Session_002
88,0,LEFT,False,True,wrong_paddle,False,698.0,638.0,393.1547420965058,220.0,0.3860232945091514,14,6,8,120.0,601,10.016666666666667,152.0,2.533333333333333,graph_ml,Subject_002,Session_002
89,0,LEFT,False,False,wrong_paddle,False,740.0,680.0,393.5470852017937,170.0,0.5044843049327354,14,11,3,170.0,446,7.433333333333334,4.0,0.06666666666666667,graph_ml,Subject_002,Session_002
90,0,LEFT,False,False,wrong_paddle,False,740.0,680.0,507.79545454545456,342.0,0.0,2,2,0,0.0,176,2.933333333333333,,,graph_ml,Subject_002,Session_002
91,0,LEFT,True,False,hit,False,60.0,0.0,240.3764705882353,0.0,0.8794117647058823,10,1,9,340.0,340,5.666666666666667,0.0,0.0,graph_ml,Subject_002,Session_002
92,0,LEFT,True,False,hit,False,60.0,0.0,212.7348643006263,0.0,0.8100208768267223,8,2,6,340.0,479,7.983333333333333,91.0,1.5166666666666666,graph_ml,Subject_002,Session_002
93,0,LEFT,False,False,wrong_paddle,False,740.0,680.0,506.2,342.0,0.0,10,10,0,0.0,360,6.0,,,graph_ml,Subject_002,Session_002
94,0,LEFT,False,False,wrong_paddle,False,740.0,680.0,354.0447504302926,176.0,0.5800344234079173,14,5,9,164.0,581,9.683333333333334,53.0,0.8833333333333333,graph_ml,Subject_002,Session_002
95,1,RIGHT,True,False,hit,False,740.0,30.0,263.96,30.0,0.708,2,1,1,340.0,250,4.166666666666667,0.0,0.0,graph_ml,Subject_002,Session_002
96,0,LEFT,False,False,wrong_paddle,False,740.0,680.0,510.3679653679654,342.0,0.0,10,10,0,0.0,462,7.7,,,graph_ml,Subject_002,Session_002
97,1,RIGHT,True,False,hit,False,740.0,30.0,274.92783505154637,30.0,0.9278350515463918,16,2,14,340.0,485,8.083333333333334,35.0,0.5833333333333334,graph_ml,Subject_002,Session_002
98,1,RIGHT,True,False,hit,False,740.0,30.0,199.0,30.0,1.0,0,0,0,340.0,170,2.8333333333333335,0.0,0.0,graph_ml,Subject_002,Session_002
99,1,RIGHT,True,False,hit,False,740.0,30.0,306.05806451612904,30.0,0.5483870967741935,2,2,0,340.0,310,5.166666666666667,140.0,2.3333333333333335,graph_ml,Subject_002,Session_002
0,1,RIGHT,True,False,hit,False,740.0,30.0,342.83592400690844,30.0,0.39896373056994816,10,9,1,340.0,579,9.65,207.0,3.45,graph_ml,Subject_002,Session_003
1,0,LEFT,False,True,timeout_wrong,False,448.0,388.0,314.6056572379368,148.0,0.41264559068219636,7,5,2,192.0,601,10.016666666666667,219.0,3.65,graph_ml,Subject_002,Session_003
2,1,RIGHT,True,False,hit,False,740.0,30.0,228.61111111111111,30.0,1.0,8,0,8,340.0,360,6.0,0.0,0.0,graph_ml,Subject_002,Session_003
3,0,LEFT,False,False,wrong_paddle,False,740.0,680.0,396.78084714548805,156.0,0.3370165745856354,4,3,1,184.0,543,9.05,119.0,1.9833333333333334,graph_ml,Subject_002,Session_003
4,1,RIGHT,False,True,timeout_close_strong,False,602.0,168.0,327.89421487603306,102.0,0.27603305785123966,3,2,1,268.0,605,10.083333333333334,438.0,7.3,graph_ml,Subject_002,Session_003
5,0,LEFT,False,False,wrong_paddle,False,740.0,680.0,501.967032967033,342.0,0.0,4,4,0,0.0,182,3.033333333333333,,,graph_ml,Subject_002,Session_003
6,1,RIGHT,True,False,hit,False,740.0,30.0,296.51263537906135,30.0,0.5776173285198556,8,2,6,340.0,554,9.233333333333333,234.0,3.9,graph_ml,Subject_002,Session_003
7,1,RIGHT,True,False,hit,False,740.0,30.0,314.0614657210402,30.0,0.40189125295508277,2,2,0,340.0,423,7.05,253.0,4.216666666666667,graph_ml,Subject_002,Session_003
8,0,LEFT,False,True,timeout_wrong,False,516.0,456.0,355.1077943615257,328.0,0.01824212271973466,4,3,1,12.0,603,10.05,461.0,7.683333333333334,graph_ml,Subject_002,Session_003
9,0,LEFT,False,False,wrong_paddle,False,740.0,680.0,520.5094339622641,342.0,0.0,4,4,0,0.0,212,3.533333333333333,,,graph_ml,Subject_002,Session_003
10,1,RIGHT,True,False,hit,False,740.0,30.0,242.12426035502958,30.0,0.6745562130177515,4,2,2,340.0,338,5.633333333333334,110.0,1.8333333333333333,graph_ml,Subject_002,Session_003
11,0,LEFT,False,False,wrong_paddle,False,740.0,680.0,430.87916666666666,282.0,0.15833333333333333,6,4,2,58.0,480,8.0,106.0,1.7666666666666666,graph_ml,Subject_002,Session_003
12,0,LEFT,False,False,wrong_paddle,False,740.0,680.0,466.4269005847953,286.0,0.15497076023391812,7,6,1,54.0,342,5.7,0.0,0.0,graph_ml,Subject_002,Session_003
13,0,LEFT,False,False,wrong_paddle,False,740.0,680.0,511.0,342.0,0.0,0,0,0,0.0,170,2.8333333333333335,,,graph_ml,Subject_002,Session_003
14,1,RIGHT,True,False,hit,False,740.0,30.0,330.8310810810811,30.0,0.6199324324324325,9,4,5,340.0,592,9.866666666666667,18.0,0.3,graph_ml,Subject_002,Session_003
15,1,RIGHT,True,False,hit,False,740.0,30.0,199.0,30.0,1.0,0,0,0,340.0,170,2.8333333333333335,0.0,0.0,graph_ml,Subject_002,Session_003
16,1,RIGHT,True,False,hit,False,740.0,30.0,311.98319327731093,30.0,0.5504201680672269,12,6,6,340.0,476,7.933333333333334,0.0,0.0,graph_ml,Subject_002,Session_003
17,1,RIGHT,True,False,hit,False,740.0,30.0,276.30434782608694,30.0,0.6992753623188406,8,4,4,340.0,552,9.2,166.0,2.7666666666666666,graph_ml,Subject_002,Session_003
18,0,LEFT,False,False,wrong_paddle,False,740.0,680.0,391.72905525846704,330.0,0.016042780748663103,2,1,1,10.0,561,9.35,381.0,6.35,graph_ml,Subject_002,Session_003
19,0,LEFT,False,False,wrong_paddle,False,740.0,680.0,429.19488817891374,292.0,0.1501597444089457,2,1,1,48.0,313,5.216666666666667,95.0,1.5833333333333333,graph_ml,Subject_002,Session_003
20,0,LEFT,False,False,wrong_paddle,False,740.0,680.0,511.0,342.0,0.0,0,0,0,0.0,170,2.8333333333333335,,,graph_ml,Subject_002,Session_003
21,1,RIGHT,True,False,hit,False,740.0,30.0,197.07766990291262,30.0,1.0,2,0,2,340.0,206,3.433333333333333,0.0,0.0,graph_ml,Subject_002,Session_003
22,1,RIGHT,True,False,hit,False,740.0,30.0,199.0,30.0,1.0,0,0,0,340.0,170,2.8333333333333335,0.0,0.0,graph_ml,Subject_002,Session_003
23,1,RIGHT,True,False,hit,False,740.0,30.0,265.6115107913669,30.0,0.6115107913669064,2,2,0,340.0,278,4.633333333333334,108.0,1.8,graph_ml,Subject_002,Session_003
24,1,RIGHT,True,False,hit,False,740.0,30.0,221.86896551724138,30.0,0.8275862068965517,4,2,2,340.0,290,4.833333333333333,50.0,0.8333333333333334,graph_ml,Subject_002,Session_003
25,0,LEFT,True,False,hit,False,60.0,0.0,171.72881355932202,0.0,1.0,6,0,6,340.0,236,3.933333333333333,0.0,0.0,graph_ml,Subject_002,Session_003
26,1,RIGHT,True,False,hit,False,740.0,30.0,199.0,30.0,1.0,0,0,0,340.0,170,2.8333333333333335,0.0,0.0,graph_ml,Subject_002,Session_003
27,0,LEFT,True,False,hit,False,60.0,0.0,216.9624060150376,0.0,0.7744360902255639,11,1,10,340.0,532,8.866666666666667,120.0,2.0,graph_ml,Subject_002,Session_003
28,1,RIGHT,True,False,hit,False,740.0,30.0,208.58695652173913,30.0,1.0,2,0,2,340.0,184,3.066666666666667,0.0,0.0,graph_ml,Subject_002,Session_003
29,0,LEFT,False,True,wrong_paddle,False,622.0,562.0,363.6119402985075,330.0,0.014925373134328358,4,3,1,10.0,603,10.05,466.0,7.766666666666667,graph_ml,Subject_002,Session_003
30,0,LEFT,False,False,wrong_paddle,False,740.0,680.0,440.7191011235955,274.0,0.24344569288389514,2,1,1,66.0,267,4.45,31.0,0.5166666666666667,graph_ml,Subject_002,Session_003
31,0,LEFT,False,True,wrong_paddle,False,734.0,674.0,397.3167495854063,276.0,0.17412935323383086,16,11,5,64.0,603,10.05,86.0,1.4333333333333333,graph_ml,Subject_002,Session_003
32,0,LEFT,False,False,wrong_paddle,False,740.0,680.0,407.07511737089203,312.0,0.07276995305164319,4,1,3,28.0,426,7.1,224.0,3.7333333333333334,graph_ml,Subject_002,Session_003
33,0,LEFT,False,False,wrong_paddle,False,740.0,680.0,509.0,338.0,0.005813953488372093,0,0,0,2.0,172,2.8666666666666667,0.0,0.0,graph_ml,Subject_002,Session_003
34,0,LEFT,False,True,timeout_close_weak,False,394.0,334.0,339.9800995024876,334.0,0.004975124378109453,1,1,0,6.0,603,10.05,600.0,10.0,graph_ml,Subject_002,Session_003
35,1,RIGHT,True,False,hit,False,740.0,30.0,199.0,30.0,1.0,0,0,0,340.0,170,2.8333333333333335,0.0,0.0,graph_ml,Subject_002,Session_003
36,0,LEFT,False,False,wrong_paddle,False,740.0,680.0,407.0364583333333,262.0,0.4192708333333333,14,5,9,78.0,384,6.4,22.0,0.36666666666666664,graph_ml,Subject_002,Session_003
37,1,RIGHT,False,True,timeout_close_strong,False,604.0,166.0,351.3698175787728,166.0,0.1890547263681592,6,2,4,204.0,603,10.05,489.0,8.15,graph_ml,Subject_002,Session_003
38,1,RIGHT,True,False,hit,False,740.0,30.0,254.85454545454544,30.0,0.7151515151515152,10,6,4,340.0,330,5.5,94.0,1.5666666666666667,graph_ml,Subject_002,Session_003
39,1,RIGHT,False,True,timeout_wrong,False,290.0,480.0,375.1162790697674,370.0,0.0,1,1,0,0.0,602,10.033333333333333,,,graph_ml,Subject_002,Session_003
40,0,LEFT,False,False,wrong_paddle,False,740.0,680.0,436.16312056737587,276.0,0.2978723404255319,3,1,2,64.0,282,4.7,0.0,0.0,graph_ml,Subject_002,Session_003
41,0,LEFT,False,False,wrong_paddle,False,740.0,680.0,433.685618729097,294.0,0.1505016722408027,2,1,1,46.0,299,4.983333333333333,83.0,1.3833333333333333,graph_ml,Subject_002,Session_003
42,1,RIGHT,True,False,hit,False,740.0,30.0,197.26548672566372,30.0,1.0,2,0,2,340.0,226,3.7666666666666666,0.0,0.0,graph_ml,Subject_002,Session_003
43,0,LEFT,False,False,wrong_paddle,False,740.0,680.0,486.7142857142857,318.0,0.12755102040816327,3,0,3,22.0,196,3.2666666666666666,0.0,0.0,graph_ml,Subject_002,Session_003
44,1,RIGHT,True,False,hit,False,740.0,30.0,199.0,30.0,1.0,0,0,0,340.0,170,2.8333333333333335,0.0,0.0,graph_ml,Subject_002,Session_003
45,0,LEFT,True,False,hit,False,60.0,0.0,140.03703703703704,0.0,1.0,2,0,2,340.0,216,3.6,0.0,0.0,graph_ml,Subject_002,Session_003
46,1,RIGHT,True,False,hit,False,740.0,30.0,175.45882352941177,30.0,1.0,10,0,10,340.0,340,5.666666666666667,0.0,0.0,graph_ml,Subject_002,Session_003
47,0,LEFT,False,True,wrong_paddle,False,740.0,680.0,390.98322147651004,286.0,0.08892617449664429,4,3,1,54.0,596,9.933333333333334,334.0,5.566666666666666,graph_ml,Subject_002,Session_003
48,0,LEFT,False,True,timeout_close_weak,False,348.0,288.0,339.88,288.0,0.105,3,2,1,52.0,600,10.0,484.0,8.066666666666666,graph_ml,Subject_002,Session_003
49,0,LEFT,False,False,wrong_paddle,False,740.0,680.0,480.2,342.0,0.0,10,10,0,0.0,440,7.333333333333333,,,graph_ml,Subject_002,Session_003
50,1,RIGHT,True,False,hit,False,740.0,30.0,199.0,30.0,1.0,0,0,0,340.0,170,2.8333333333333335,0.0,0.0,graph_ml,Subject_002,Session_003
51,0,LEFT,False,False,wrong_paddle,False,740.0,680.0,410.2559414990859,256.0,0.22851919561243145,12,9,3,84.0,547,9.116666666666667,109.0,1.8166666666666667,graph_ml,Subject_002,Session_003
52,1,RIGHT,True,False,hit,False,740.0,30.0,321.5148148148148,30.0,0.3148148148148148,2,2,0,340.0,540,9.0,370.0,6.166666666666667,graph_ml,Subject_002,Session_003
53,0,LEFT,False,False,wrong_paddle,False,740.0,680.0,409.4943181818182,244.0,0.26988636363636365,2,1,1,96.0,352,5.866666666666666,86.0,1.4333333333333333,graph_ml,Subject_002,Session_003
54,0,LEFT,False,False,wrong_paddle,False,740.0,680.0,432.25589225589226,290.0,0.2053872053872054,6,1,5,50.0,297,4.95,65.0,1.0833333333333333,graph_ml,Subject_002,Session_003
55,1,RIGHT,True,False,hit,False,740.0,30.0,301.03333333333336,30.0,0.40476190476190477,4,4,0,340.0,420,7.0,250.0,4.166666666666667,graph_ml,Subject_002,Session_003
56,1,RIGHT,True,False,hit,False,740.0,30.0,292.875,30.0,0.48295454545454547,2,2,0,340.0,352,5.866666666666666,182.0,3.033333333333333,graph_ml,Subject_002,Session_003
57,1,RIGHT,False,True,timeout_wrong,False,374.0,396.0,375.843853820598,370.0,0.0,4,4,0,0.0,602,10.033333333333333,,,graph_ml,Subject_002,Session_003
58,1,RIGHT,False,True,timeout_close_strong,False,586.0,184.0,274.5890183028286,162.0,0.9717138103161398,12,1,11,208.0,601,10.016666666666667,0.0,0.0,graph_ml,Subject_002,Session_003
59,1,RIGHT,True,False,hit,False,740.0,30.0,199.0,30.0,1.0,0,0,0,340.0,170,2.8333333333333335,0.0,0.0,graph_ml,Subject_002,Session_003
60,0,LEFT,False,False,wrong_paddle,False,740.0,680.0,460.43290043290045,290.0,0.21212121212121213,2,1,1,50.0,231,3.85,11.0,0.18333333333333332,graph_ml,Subject_002,Session_003
61,1,RIGHT,True,False,hit,False,740.0,30.0,294.6580976863753,30.0,0.4832904884318766,4,2,2,340.0,389,6.483333333333333,201.0,3.35,graph_ml,Subject_002,Session_003
62,1,RIGHT,True,False,hit,False,740.0,30.0,199.0,30.0,1.0,0,0,0,340.0,170,2.8333333333333335,0.0,0.0,graph_ml,Subject_002,Session_003
63,1,RIGHT,False,True,timeout_close_strong,False,596.0,174.0,331.86378737541526,172.0,0.3588039867109635,5,2,3,198.0,602,10.033333333333333,386.0,6.433333333333334,graph_ml,Subject_002,Session_003
64,1,RIGHT,True,False,hit,False,740.0,30.0,199.0,30.0,1.0,0,0,0,340.0,170,2.8333333333333335,0.0,0.0,graph_ml,Subject_002,Session_003
65,0,LEFT,False,True,timeout_wrong,False,512.0,452.0,307.74750830564784,108.0,0.5498338870431894,12,3,9,232.0,602,10.033333333333333,110.0,1.8333333333333333,graph_ml,Subject_002,Session_003
66,0,LEFT,False,False,wrong_paddle,False,740.0,680.0,412.1316455696203,306.0,0.08354430379746836,2,1,1,34.0,395,6.583333333333333,191.0,3.183333333333333,graph_ml,Subject_002,Session_003
67,0,LEFT,False,True,wrong_paddle,False,740.0,680.0,368.2866666666667,210.0,0.33666666666666667,6,2,4,130.0,600,10.0,216.0,3.6,graph_ml,Subject_002,Session_003
68,1,RIGHT,True,False,hit,False,740.0,30.0,199.0,30.0,1.0,0,0,0,340.0,170,2.8333333333333335,0.0,0.0,graph_ml,Subject_002,Session_003
69,1,RIGHT,False,True,timeout_close_weak,False,542.0,228.0,361.81333333333333,228.0,0.11833333333333333,2,2,0,142.0,600,10.0,529.0,8.816666666666666,graph_ml,Subject_002,Session_003
70,1,RIGHT,True,False,hit,False,740.0,30.0,294.54594594594596,30.0,0.4594594594594595,2,2,0,340.0,370,6.166666666666667,200.0,3.3333333333333335,graph_ml,Subject_002,Session_003
71,0,LEFT,False,False,wrong_paddle,False,740.0,680.0,451.7261146496815,266.0,0.23248407643312102,3,2,1,74.0,314,5.233333333333333,0.0,0.0,graph_ml,Subject_002,Session_003
72,1,RIGHT,True,False,hit,False,740.0,30.0,199.0,30.0,1.0,0,0,0,340.0,170,2.8333333333333335,0.0,0.0,graph_ml,Subject_002,Session_003
73,0,LEFT,False,False,wrong_paddle,False,740.0,680.0,519.8872180451128,342.0,0.0,8,8,0,0.0,266,4.433333333333334,,,graph_ml,Subject_002,Session_003
74,0,LEFT,False,False,wrong_paddle,False,740.0,680.0,506.9384615384615,342.0,0.0,6,6,0,0.0,390,6.5,,,graph_ml,Subject_002,Session_003
75,0,LEFT,False,False,wrong_paddle,False,740.0,680.0,486.59183673469386,314.0,0.12755102040816327,1,0,1,26.0,196,3.2666666666666666,0.0,0.0,graph_ml,Subject_002,Session_003
76,1,RIGHT,True,False,hit,False,740.0,30.0,297.6808510638298,30.0,0.4340425531914894,8,2,6,340.0,470,7.833333333333333,266.0,4.433333333333334,graph_ml,Subject_002,Session_003
77,0,LEFT,False,False,wrong_paddle,False,740.0,680.0,472.2027027027027,274.0,0.2195945945945946,3,2,1,66.0,296,4.933333333333334,0.0,0.0,graph_ml,Subject_002,Session_003
78,1,RIGHT,False,True,timeout_wrong,False,400.0,370.0,370.0,370.0,0.0,0,0,0,0.0,600,10.0,,,graph_ml,Subject_002,Session_003
79,0,LEFT,False,False,wrong_paddle,False,740.0,680.0,511.0,342.0,0.0,0,0,0,0.0,170,2.8333333333333335,,,graph_ml,Subject_002,Session_003
80,1,RIGHT,True,False,hit,False,740.0,30.0,292.3076923076923,30.0,0.4843304843304843,2,2,0,340.0,351,5.85,181.0,3.0166666666666666,graph_ml,Subject_002,Session_003
81,0,LEFT,False,True,wrong_paddle,False,594.0,534.0,355.7863105175292,330.0,0.015025041736227046,2,1,1,10.0,599,9.983333333333333,492.0,8.2,graph_ml,Subject_002,Session_003
82,1,RIGHT,True,False,hit,False,740.0,30.0,188.03846153846155,30.0,1.0,2,0,2,340.0,208,3.466666666666667,0.0,0.0,graph_ml,Subject_002,Session_003
83,0,LEFT,False,True,timeout_wrong,False,414.0,354.0,338.33277870216307,294.0,0.07487520798668885,2,1,1,46.0,601,10.016666666666667,548.0,9.133333333333333,graph_ml,Subject_002,Session_003
84,0,LEFT,False,False,wrong_paddle,False,740.0,680.0,511.0,342.0,0.0,0,0,0,0.0,170,2.8333333333333335,,,graph_ml,Subject_002,Session_003
85,1,RIGHT,False,True,timeout_close_weak,False,522.0,248.0,356.5757071547421,194.0,0.23793677204658903,5,2,3,176.0,601,10.016666666666667,458.0,7.633333333333334,graph_ml,Subject_002,Session_003
86,0,LEFT,False,False,wrong_paddle,False,740.0,680.0,511.0,342.0,0.0,0,0,0,0.0,170,2.8333333333333335,,,graph_ml,Subject_002,Session_003
87,1,RIGHT,True,False,hit,False,740.0,30.0,229.96610169491527,30.0,0.8728813559322034,5,1,4,340.0,236,3.933333333333333,30.0,0.5,graph_ml,Subject_002,Session_003
88,1,RIGHT,True,False,hit,False,740.0,30.0,267.7159420289855,30.0,0.6956521739130435,12,2,10,340.0,345,5.75,105.0,1.75,graph_ml,Subject_002,Session_003
89,1,RIGHT,False,True,timeout_close_weak,False,422.0,348.0,372.7846410684474,348.0,0.018363939899833055,2,2,0,22.0,599,9.983333333333333,588.0,9.8,graph_ml,Subject_002,Session_003
90,1,RIGHT,True,False,hit,False,740.0,30.0,255.58267716535434,30.0,0.6692913385826772,2,2,0,340.0,254,4.233333333333333,84.0,1.4,graph_ml,Subject_002,Session_003
91,0,LEFT,False,True,timeout_wrong,False,540.0,480.0,330.8785357737105,198.0,0.30282861896838603,4,2,2,142.0,601,10.016666666666667,315.0,5.25,graph_ml,Subject_002,Session_003
92,1,RIGHT,False,True,timeout_wrong,False,400.0,370.0,370.0,370.0,0.0,0,0,0,0.0,601,10.016666666666667,,,graph_ml,Subject_002,Session_003
93,1,RIGHT,True,False,hit,False,740.0,30.0,199.0,30.0,1.0,0,0,0,340.0,170,2.8333333333333335,0.0,0.0,graph_ml,Subject_002,Session_003
94,0,LEFT,False,True,timeout_wrong,False,400.0,340.0,340.0,340.0,0.0,0,0,0,0.0,599,9.983333333333333,,,graph_ml,Subject_002,Session_003
95,0,LEFT,False,False,wrong_paddle,False,740.0,680.0,449.3375796178344,322.0,0.054140127388535034,4,3,1,18.0,314,5.233333333333333,102.0,1.7,graph_ml,Subject_002,Session_003
96,0,LEFT,False,False,wrong_paddle,False,740.0,680.0,472.3719008264463,314.0,0.10330578512396695,4,3,1,26.0,242,4.033333333333333,24.0,0.4,graph_ml,Subject_002,Session_003
97,0,LEFT,False,False,wrong_paddle,False,740.0,680.0,511.0,342.0,0.0,0,0,0,0.0,170,2.8333333333333335,,,graph_ml,Subject_002,Session_003
98,0,LEFT,False,False,wrong_paddle,False,740.0,680.0,506.90909090909093,342.0,0.0,2,2,0,0.0,176,2.933333333333333,,,graph_ml,Subject_002,Session_003
99,1,RIGHT,True,False,hit,False,740.0,30.0,287.83152173913044,30.0,0.6032608695652174,4,2,2,340.0,368,6.133333333333334,146.0,2.433333333333333,graph_ml,Subject_002,Session_003
0,0,LEFT,True,False,hit,False,60.0,0.0,276.0604229607251,0.0,0.513595166163142,4,4,0,340.0,331,5.516666666666667,161.0,2.683333333333333,graph_ml,Subject_002,Session_004
1,0,LEFT,True,False,hit,False,60.0,0.0,169.0,0.0,1.0,0,0,0,340.0,170,2.8333333333333335,0.0,0.0,graph_ml,Subject_002,Session_004
2,0,LEFT,False,True,timeout_wrong,False,532.0,472.0,463.1794019933555,342.0,0.0,8,8,0,0.0,602,10.033333333333333,,,graph_ml,Subject_002,Session_004
3,0,LEFT,True,False,hit,False,60.0,0.0,113.1271676300578,0.0,1.0,6,0,6,340.0,346,5.766666666666667,0.0,0.0,graph_ml,Subject_002,Session_004
4,1,RIGHT,True,False,hit,False,740.0,30.0,182.69148936170214,30.0,1.0,4,0,4,340.0,376,6.266666666666667,0.0,0.0,graph_ml,Subject_002,Session_004
5,0,LEFT,True,False,hit,False,60.0,0.0,169.0,0.0,1.0,0,0,0,340.0,170,2.8333333333333335,0.0,0.0,graph_ml,Subject_002,Session_004
6,1,RIGHT,False,False,wrong_paddle,False,60.0,710.0,541.0,372.0,0.0,0,0,0,0.0,170,2.8333333333333335,,,graph_ml,Subject_002,Session_004
7,1,RIGHT,False,True,wrong_paddle,False,216.0,554.0,483.94361525704807,332.0,0.06135986733001658,8,7,1,38.0,603,10.05,35.0,0.5833333333333334,graph_ml,Subject_002,Session_004
8,1,RIGHT,False,False,wrong_paddle,False,60.0,710.0,541.0,372.0,0.0,0,0,0,0.0,170,2.8333333333333335,,,graph_ml,Subject_002,Session_004
9,0,LEFT,True,False,hit,False,60.0,0.0,169.0,0.0,1.0,0,0,0,340.0,170,2.8333333333333335,0.0,0.0,graph_ml,Subject_002,Session_004
10,0,LEFT,True,False,hit,False,60.0,0.0,256.0923076923077,0.0,0.5230769230769231,2,2,0,340.0,325,5.416666666666667,155.0,2.5833333333333335,graph_ml,Subject_002,Session_004
11,0,LEFT,True,False,hit,False,60.0,0.0,209.19819819819818,0.0,0.7657657657657657,2,2,0,340.0,222,3.7,52.0,0.8666666666666667,graph_ml,Subject_002,Session_004
12,1,RIGHT,False,False,wrong_paddle,False,60.0,710.0,458.17194570135746,300.0,0.15610859728506787,6,5,1,70.0,442,7.366666666666666,86.0,1.4333333333333333,graph_ml,Subject_002,Session_004
13,1,RIGHT,False,False,wrong_paddle,False,60.0,710.0,539.0,368.0,0.005813953488372093,0,0,0,2.0,172,2.8666666666666667,0.0,0.0,graph_ml,Subject_002,Session_004
14,0,LEFT,False,True,timeout_wrong,False,400.0,340.0,340.0,340.0,0.0,0,0,0,0.0,603,10.05,,,graph_ml,Subject_002,Session_004
15,1,RIGHT,False,False,wrong_paddle,False,60.0,710.0,434.85869565217394,268.0,0.27445652173913043,2,1,1,102.0,368,6.133333333333334,96.0,1.6,graph_ml,Subject_002,Session_004
16,1,RIGHT,False,True,timeout_wrong,False,400.0,370.0,370.0,370.0,0.0,0,0,0,0.0,600,10.0,,,graph_ml,Subject_002,Session_004
17,0,LEFT,True,False,hit,False,60.0,0.0,217.97402597402598,0.0,0.7359307359307359,2,2,0,340.0,231,3.85,61.0,1.0166666666666666,graph_ml,Subject_002,Session_004
18,1,RIGHT,False,False,wrong_paddle,False,60.0,710.0,541.0,372.0,0.0,0,0,0,0.0,170,2.8333333333333335,,,graph_ml,Subject_002,Session_004
19,1,RIGHT,False,False,wrong_paddle,False,60.0,710.0,541.0,372.0,0.0,0,0,0,0.0,170,2.8333333333333335,,,graph_ml,Subject_002,Session_004
20,1,RIGHT,False,False,wrong_paddle,False,60.0,710.0,450.20365535248044,308.0,0.15926892950391644,4,3,1,62.0,383,6.383333333333334,137.0,2.283333333333333,graph_ml,Subject_002,Session_004
21,1,RIGHT,False,True,timeout_wrong,False,362.0,408.0,391.4494195688226,294.0,0.17081260364842454,9,6,3,76.0,603,10.05,194.0,3.2333333333333334,graph_ml,Subject_002,Session_004
22,1,RIGHT,False,False,wrong_paddle,False,60.0,710.0,475.0863309352518,310.0,0.21223021582733814,4,3,1,60.0,278,4.633333333333334,44.0,0.7333333333333333,graph_ml,Subject_002,Session_004
23,0,LEFT,True,False,hit,False,60.0,0.0,166.1264367816092,0.0,1.0,2,0,2,340.0,174,2.9,0.0,0.0,graph_ml,Subject_002,Session_004
24,1,RIGHT,True,False,hit,False,740.0,30.0,316.96666666666664,30.0,0.4722222222222222,5,5,0,340.0,360,6.0,190.0,3.1666666666666665,graph_ml,Subject_002,Session_004
25,1,RIGHT,False,False,wrong_paddle,False,60.0,710.0,541.0,372.0,0.0,0,0,0,0.0,170,2.8333333333333335,,,graph_ml,Subject_002,Session_004
26,1,RIGHT,False,True,timeout_wrong,False,400.0,370.0,370.0,370.0,0.0,0,0,0,0.0,602,10.033333333333333,,,graph_ml,Subject_002,Session_004
27,0,LEFT,True,False,hit,False,60.0,0.0,269.28953771289537,0.0,0.41362530413625304,2,2,0,340.0,411,6.85,241.0,4.016666666666667,graph_ml,Subject_002,Session_004
28,0,LEFT,False,True,timeout_close_weak,False,278.0,218.0,340.02985074626866,218.0,0.1011608623548922,4,4,0,122.0,603,10.05,542.0,9.033333333333333,graph_ml,Subject_002,Session_004
29,1,RIGHT,False,True,wrong_paddle,False,172.0,598.0,396.7321131447587,326.0,0.08818635607321132,8,3,5,44.0,601,10.016666666666667,415.0,6.916666666666667,graph_ml,Subject_002,Session_004
30,0,LEFT,True,False,hit,False,60.0,0.0,200.33333333333334,0.0,0.8333333333333334,1,1,0,340.0,204,3.4,34.0,0.5666666666666667,graph_ml,Subject_002,Session_004
31,1,RIGHT,False,False,wrong_paddle,False,60.0,710.0,471.0402684563758,302.0,0.2483221476510067,9,7,2,68.0,298,4.966666666666667,0.0,0.0,graph_ml,Subject_002,Session_004
32,0,LEFT,True,False,hit,False,60.0,0.0,169.0,0.0,1.0,0,0,0,340.0,170,2.8333333333333335,0.0,0.0,graph_ml,Subject_002,Session_004
33,0,LEFT,True,False,hit,False,60.0,0.0,226.8503937007874,0.0,0.6692913385826772,6,6,0,340.0,254,4.233333333333333,84.0,1.4,graph_ml,Subject_002,Session_004
34,0,LEFT,True,False,hit,False,60.0,0.0,219.87719298245614,0.0,0.7456140350877193,1,1,0,340.0,228,3.8,58.0,0.9666666666666667,graph_ml,Subject_002,Session_004
35,0,LEFT,True,False,hit,False,60.0,0.0,272.9376443418014,0.0,0.39260969976905313,2,2,0,340.0,433,7.216666666666667,263.0,4.383333333333334,graph_ml,Subject_002,Session_004
36,1,RIGHT,True,False,hit,False,740.0,30.0,253.83333333333334,30.0,0.7791666666666667,2,1,1,340.0,240,4.0,0.0,0.0,graph_ml,Subject_002,Session_004
37,1,RIGHT,False,False,wrong_paddle,False,60.0,710.0,540.1782945736434,372.0,0.0,8,8,0,0.0,258,4.3,,,graph_ml,Subject_002,Session_004
38,0,LEFT,True,False,hit,False,60.0,0.0,269.15601023017905,0.0,0.48081841432225064,4,2,2,340.0,391,6.516666666666667,203.0,3.3833333333333333,graph_ml,Subject_002,Session_004
39,0,LEFT,False,True,timeout_close_weak,False,306.0,246.0,314.05990016638935,126.0,0.6306156405990017,11,7,4,214.0,601,10.016666666666667,28.0,0.4666666666666667,graph_ml,Subject_002,Session_004
40,0,LEFT,False,False,wrong_paddle,False,740.0,680.0,503.51674641148327,314.0,0.05980861244019139,5,4,1,26.0,418,6.966666666666667,0.0,0.0,graph_ml,Subject_002,Session_004
41,1,RIGHT,True,False,hit,False,740.0,30.0,339.9504950495049,30.0,0.45544554455445546,7,3,4,340.0,404,6.733333333333333,220.0,3.6666666666666665,graph_ml,Subject_002,Session_004
42,1,RIGHT,True,False,hit,False,740.0,30.0,280.0547263681592,30.0,0.6119402985074627,7,3,4,340.0,402,6.7,156.0,2.6,graph_ml,Subject_002,Session_004
43,1,RIGHT,False,False,wrong_paddle,False,60.0,710.0,541.0,372.0,0.0,0,0,0,0.0,170,2.8333333333333335,,,graph_ml,Subject_002,Session_004
44,1,RIGHT,False,False,wrong_paddle,False,60.0,710.0,506.24413145539904,360.0,0.04225352112676056,2,1,1,10.0,213,3.55,33.0,0.55,graph_ml,Subject_002,Session_004
45,0,LEFT,True,False,hit,False,60.0,0.0,285.1886409736308,0.0,0.3448275862068966,2,2,0,340.0,493,8.216666666666667,323.0,5.383333333333334,graph_ml,Subject_002,Session_004
46,0,LEFT,True,False,hit,False,60.0,0.0,242.8722891566265,0.0,0.5445783132530121,6,2,4,340.0,415,6.916666666666667,189.0,3.15,graph_ml,Subject_002,Session_004
47,1,RIGHT,False,False,wrong_paddle,False,60.0,710.0,541.0,372.0,0.0,0,0,0,0.0,170,2.8333333333333335,,,graph_ml,Subject_002,Session_004
48,1,RIGHT,False,False,wrong_paddle,False,60.0,710.0,419.1145299145299,344.0,0.042735042735042736,2,1,1,26.0,585,9.75,389.0,6.483333333333333,graph_ml,Subject_002,Session_004
49,1,RIGHT,False,False,wrong_paddle,False,60.0,710.0,541.0,372.0,0.0,0,0,0,0.0,170,2.8333333333333335,,,graph_ml,Subject_002,Session_004
50,0,LEFT,False,True,timeout_wrong,False,400.0,340.0,340.0,340.0,0.0,0,0,0,0.0,603,10.05,,,graph_ml,Subject_002,Session_004
51,0,LEFT,False,True,timeout_wrong,False,400.0,340.0,340.0,340.0,0.0,0,0,0,0.0,601,10.016666666666667,,,graph_ml,Subject_002,Session_004
52,1,RIGHT,False,False,wrong_paddle,False,60.0,710.0,421.5226039783002,336.0,0.059674502712477394,2,1,1,34.0,553,9.216666666666667,349.0,5.816666666666666,graph_ml,Subject_002,Session_004
53,1,RIGHT,False,True,timeout_wrong,False,400.0,370.0,370.0,370.0,0.0,0,0,0,0.0,600,10.0,,,graph_ml,Subject_002,Session_004
54,0,LEFT,True,False,hit,False,60.0,0.0,231.31086142322098,0.0,0.6367041198501873,2,2,0,340.0,267,4.45,97.0,1.6166666666666667,graph_ml,Subject_002,Session_004
55,1,RIGHT,False,False,wrong_paddle,False,60.0,710.0,501.00350877192983,366.0,0.010526315789473684,4,3,1,4.0,285,4.75,69.0,1.15,graph_ml,Subject_002,Session_004
56,0,LEFT,False,True,timeout_wrong,False,400.0,340.0,340.0,340.0,0.0,0,0,0,0.0,600,10.0,,,graph_ml,Subject_002,Session_004
57,0,LEFT,False,True,timeout_wrong,False,400.0,340.0,340.0,340.0,0.0,0,0,0,0.0,600,10.0,,,graph_ml,Subject_002,Session_004
58,0,LEFT,False,True,timeout_close_strong,False,206.0,146.0,284.80398671096344,146.0,0.45348837209302323,10,2,8,194.0,602,10.033333333333333,329.0,5.483333333333333,graph_ml,Subject_002,Session_004
59,0,LEFT,True,False,hit,False,60.0,0.0,317.1780104712042,0.0,0.468586387434555,2,1,1,340.0,382,6.366666666666666,0.0,0.0,graph_ml,Subject_002,Session_004
0,0,LEFT,False,True,wrong_paddle,True,616.0,556.0,478.46410684474125,314.0,0.08180300500834725,66,55,11,26.0,599,9.983333333333333,9.0,0.15,graph_ml,Subject_003,Session_002
1,0,LEFT,False,False,wrong_paddle,True,740.0,680.0,497.6393442622951,330.0,0.02459016393442623,34,32,2,10.0,488,8.133333333333333,18.0,0.3,graph_ml,Subject_003,Session_002
2,0,LEFT,False,False,wrong_paddle,False,740.0,680.0,426.4708994708995,308.0,0.18253968253968253,15,10,5,32.0,378,6.3,0.0,0.0,graph_ml,Subject_003,Session_002
3,1,RIGHT,True,False,hit,False,740.0,30.0,208.4,30.0,1.0,4,0,4,340.0,200,3.3333333333333335,0.0,0.0,graph_ml,Subject_003,Session_002
4,1,RIGHT,True,False,hit,False,740.0,30.0,193.95238095238096,30.0,0.891156462585034,19,5,14,340.0,294,4.9,32.0,0.5333333333333333,graph_ml,Subject_003,Session_002
5,1,RIGHT,True,False,hit,False,740.0,30.0,292.2741935483871,30.0,0.6875,28,9,19,340.0,496,8.266666666666667,0.0,0.0,graph_ml,Subject_003,Session_002
6,1,RIGHT,True,False,hit,False,740.0,30.0,233.9506172839506,30.0,0.8765432098765432,18,4,14,340.0,324,5.4,0.0,0.0,graph_ml,Subject_003,Session_002
7,0,LEFT,False,True,wrong_paddle,True,684.0,624.0,443.6843853820598,264.0,0.1644518272425249,29,24,5,76.0,602,10.033333333333333,86.0,1.4333333333333333,graph_ml,Subject_003,Session_002
8,1,RIGHT,True,False,hit,False,740.0,30.0,208.93478260869566,30.0,0.967391304347826,5,1,4,340.0,184,3.066666666666667,6.0,0.1,graph_ml,Subject_003,Session_002
9,0,LEFT,False,False,wrong_paddle,False,740.0,680.0,480.56666666666666,304.0,0.14583333333333334,9,8,1,36.0,240,4.0,0.0,0.0,graph_ml,Subject_003,Session_002
10,0,LEFT,False,False,wrong_paddle,False,740.0,680.0,530.9548022598871,342.0,0.0,10,10,0,0.0,354,5.9,,,graph_ml,Subject_003,Session_002
11,1,RIGHT,True,False,hit,False,740.0,30.0,255.81159420289856,30.0,0.9492753623188406,15,2,13,340.0,414,6.9,18.0,0.3,graph_ml,Subject_003,Session_002
12,1,RIGHT,True,False,hit,False,740.0,30.0,250.30882352941177,30.0,1.0,8,0,8,340.0,272,4.533333333333333,0.0,0.0,graph_ml,Subject_003,Session_002
13,0,LEFT,False,False,wrong_paddle,True,740.0,680.0,472.52777777777777,306.0,0.11458333333333333,16,15,1,34.0,288,4.8,4.0,0.06666666666666667,graph_ml,Subject_003,Session_002
14,1,RIGHT,True,False,hit,False,740.0,30.0,218.91869918699186,30.0,1.0,8,0,8,340.0,246,4.1,0.0,0.0,graph_ml,Subject_003,Session_002
15,1,RIGHT,True,False,hit,False,740.0,30.0,196.34782608695653,30.0,1.0,4,0,4,340.0,184,3.066666666666667,0.0,0.0,graph_ml,Subject_003,Session_002
16,0,LEFT,False,False,wrong_paddle,True,740.0,680.0,469.2819383259912,334.0,0.011013215859030838,18,17,1,6.0,454,7.566666666666666,212.0,3.533333333333333,graph_ml,Subject_003,Session_002
17,0,LEFT,False,False,wrong_paddle,False,740.0,680.0,505.7865168539326,336.0,0.016853932584269662,3,2,1,4.0,178,2.966666666666667,0.0,0.0,graph_ml,Subject_003,Session_002
18,1,RIGHT,True,False,hit,False,740.0,30.0,261.12048192771084,30.0,1.0,12,0,12,340.0,332,5.533333333333333,0.0,0.0,graph_ml,Subject_003,Session_002
19,0,LEFT,False,False,wrong_paddle,False,740.0,680.0,531.7407407407408,342.0,0.0,4,4,0,0.0,216,3.6,,,graph_ml,Subject_003,Session_002
20,0,LEFT,False,False,wrong_paddle,False,740.0,680.0,520.8273381294964,342.0,0.0,10,10,0,0.0,278,4.633333333333334,,,graph_ml,Subject_003,Session_002
21,0,LEFT,False,False,wrong_paddle,False,740.0,680.0,497.37333333333333,334.0,0.02,12,10,2,6.0,300,5.0,8.0,0.13333333333333333,graph_ml,Subject_003,Session_002
22,0,LEFT,False,False,wrong_paddle,False,740.0,680.0,443.0,294.0,0.3471337579617834,19,8,11,46.0,314,5.233333333333333,0.0,0.0,graph_ml,Subject_003,Session_002
23,0,LEFT,False,False,wrong_paddle,False,740.0,680.0,509.24719101123594,342.0,0.0,4,4,0,0.0,178,2.966666666666667,,,graph_ml,Subject_003,Session_002
24,1,RIGHT,True,False,hit,False,740.0,30.0,242.04109589041096,30.0,0.726027397260274,15,7,8,340.0,292,4.866666666666666,80.0,1.3333333333333333,graph_ml,Subject_003,Session_002
25,1,RIGHT,True,False,hit,False,740.0,30.0,230.00671140939596,30.0,1.0,16,0,16,340.0,298,4.966666666666667,0.0,0.0,graph_ml,Subject_003,Session_002
26,1,RIGHT,True,False,hit,False,740.0,30.0,218.55893536121673,30.0,1.0,20,0,20,340.0,526,8.766666666666667,0.0,0.0,graph_ml,Subject_003,Session_002
27,1,RIGHT,True,False,hit,False,740.0,30.0,310.32835820895525,30.0,0.6343283582089553,31,13,18,340.0,536,8.933333333333334,14.0,0.23333333333333334,graph_ml,Subject_003,Session_002
28,1,RIGHT,False,True,timeout_close_weak,True,496.0,274.0,429.6578073089701,264.0,0.18604651162790697,39,31,8,106.0,602,10.033333333333333,490.0,8.166666666666666,graph_ml,Subject_003,Session_002
29,0,LEFT,False,True,timeout_wrong,True,504.0,444.0,379.5581395348837,296.0,0.3554817275747508,34,18,16,44.0,602,10.033333333333333,64.0,1.0666666666666667,graph_ml,Subject_003,Session_002
30,1,RIGHT,True,False,hit,False,740.0,30.0,325.7488584474886,30.0,0.5639269406392694,14,9,5,340.0,438,7.3,0.0,0.0,graph_ml,Subject_003,Session_002
31,1,RIGHT,True,False,hit,False,740.0,30.0,205.17460317460316,30.0,1.0,10,0,10,340.0,252,4.2,0.0,0.0,graph_ml,Subject_003,Session_002
32,0,LEFT,False,False,wrong_paddle,True,740.0,680.0,457.7081712062257,312.0,0.07003891050583658,23,21,2,28.0,514,8.566666666666666,0.0,0.0,graph_ml,Subject_003,Session_002
33,0,LEFT,False,False,wrong_paddle,True,740.0,680.0,491.34057971014494,336.0,0.005434782608695652,30,29,1,4.0,552,9.2,6.0,0.1,graph_ml,Subject_003,Session_002
34,1,RIGHT,True,False,hit,False,740.0,30.0,231.86346863468634,30.0,0.9169741697416974,28,3,25,340.0,542,9.033333333333333,0.0,0.0,graph_ml,Subject_003,Session_002
35,1,RIGHT,True,False,hit,False,740.0,30.0,210.3030303030303,30.0,1.0,12,0,12,340.0,264,4.4,0.0,0.0,graph_ml,Subject_003,Session_002
36,1,RIGHT,True,False,hit,False,740.0,30.0,213.4255319148936,30.0,0.9361702127659575,3,1,2,340.0,188,3.1333333333333333,12.0,0.2,graph_ml,Subject_003,Session_002
37,0,LEFT,False,False,wrong_paddle,False,740.0,680.0,488.18446601941747,328.0,0.05339805825242718,6,5,1,12.0,206,3.433333333333333,10.0,0.16666666666666666,graph_ml,Subject_003,Session_002
38,0,LEFT,False,False,wrong_paddle,False,740.0,680.0,538.6694214876034,342.0,0.0,8,8,0,0.0,242,4.033333333333333,,,graph_ml,Subject_003,Session_002
39,0,LEFT,False,False,wrong_paddle,False,740.0,680.0,487.67692307692306,342.0,0.0,10,10,0,0.0,260,4.333333333333333,,,graph_ml,Subject_003,Session_002
40,1,RIGHT,True,False,hit,False,740.0,30.0,202.24137931034483,30.0,1.0,2,0,2,340.0,174,2.9,0.0,0.0,graph_ml,Subject_003,Session_002
41,0,LEFT,False,False,wrong_paddle,True,740.0,680.0,494.449494949495,316.0,0.05808080808080808,20,19,1,24.0,396,6.6,10.0,0.16666666666666666,graph_ml,Subject_003,Session_002
42,0,LEFT,False,False,wrong_paddle,False,740.0,680.0,483.0083333333333,288.0,0.12708333333333333,16,13,3,52.0,480,8.0,4.0,0.06666666666666667,graph_ml,Subject_003,Session_002
43,0,LEFT,False,False,wrong_paddle,False,740.0,680.0,544.1586206896552,342.0,0.0,12,12,0,0.0,290,4.833333333333333,,,graph_ml,Subject_003,Session_002
44,1,RIGHT,True,False,hit,False,740.0,30.0,209.8910891089109,30.0,1.0,10,0,10,340.0,202,3.3666666666666667,0.0,0.0,graph_ml,Subject_003,Session_002
45,0,LEFT,True,False,hit,False,60.0,0.0,163.0681818181818,0.0,0.9460227272727273,16,1,15,340.0,352,5.866666666666666,0.0,0.0,graph_ml,Subject_003,Session_002
46,1,RIGHT,True,False,hit,False,740.0,30.0,199.0,30.0,1.0,0,0,0,340.0,170,2.8333333333333335,0.0,0.0,graph_ml,Subject_003,Session_002
47,1,RIGHT,True,False,hit,False,740.0,30.0,224.8421052631579,30.0,1.0,4,0,4,340.0,228,3.8,0.0,0.0,graph_ml,Subject_003,Session_002
48,0,LEFT,False,False,wrong_paddle,True,740.0,680.0,471.25984251968504,276.0,0.18700787401574803,25,20,5,64.0,508,8.466666666666667,0.0,0.0,graph_ml,Subject_003,Session_002
49,0,LEFT,False,True,timeout_close_weak,False,376.0,316.0,324.7142857142857,208.0,0.6179401993355482,32,8,24,132.0,602,10.033333333333333,0.0,0.0,graph_ml,Subject_003,Session_002
50,1,RIGHT,True,False,hit,False,740.0,30.0,251.6172839506173,30.0,0.8858024691358025,10,1,9,340.0,324,5.4,0.0,0.0,graph_ml,Subject_003,Session_002
51,0,LEFT,False,False,wrong_paddle,True,740.0,680.0,483.9542483660131,342.0,0.0,18,18,0,0.0,306,5.1,,,graph_ml,Subject_003,Session_002
52,1,RIGHT,False,True,timeout_close_strong,False,598.0,172.0,291.64510779436154,160.0,0.8540630182421227,36,6,30,210.0,603,10.05,0.0,0.0,graph_ml,Subject_003,Session_002
53,0,LEFT,False,False,wrong_paddle,True,740.0,680.0,516.1184210526316,342.0,0.0,16,16,0,0.0,304,5.066666666666666,,,graph_ml,Subject_003,Session_002
54,1,RIGHT,True,False,hit,False,740.0,30.0,196.0408163265306,30.0,0.9591836734693877,3,1,2,340.0,196,3.2666666666666666,8.0,0.13333333333333333,graph_ml,Subject_003,Session_002
55,0,LEFT,False,False,wrong_paddle,False,740.0,680.0,467.1714285714286,330.0,0.025714285714285714,11,10,1,10.0,350,5.833333333333333,0.0,0.0,graph_ml,Subject_003,Session_002
56,0,LEFT,False,False,wrong_paddle,True,740.0,680.0,554.6102564102564,342.0,0.0,16,16,0,0.0,390,6.5,,,graph_ml,Subject_003,Session_002
57,1,RIGHT,True,False,hit,False,740.0,30.0,209.8715953307393,30.0,0.9552529182879378,34,1,33,340.0,514,8.566666666666666,0.0,0.0,graph_ml,Subject_003,Session_002
58,1,RIGHT,True,False,hit,False,740.0,30.0,272.4377880184332,30.0,0.8110599078341014,30,4,26,340.0,434,7.233333333333333,0.0,0.0,graph_ml,Subject_003,Session_002
59,1,RIGHT,False,True,timeout_close_weak,True,576.0,194.0,413.51162790697674,194.0,0.30398671096345514,26,21,5,176.0,602,10.033333333333333,0.0,0.0,graph_ml,Subject_003,Session_002
60,1,RIGHT,True,False,hit,False,740.0,30.0,223.7128712871287,30.0,0.8886138613861386,13,4,9,340.0,404,6.733333333333333,12.0,0.2,graph_ml,Subject_003,Session_002
61,1,RIGHT,True,False,hit,False,740.0,30.0,271.375,30.0,0.7849264705882353,35,12,23,340.0,544,9.066666666666666,42.0,0.7,graph_ml,Subject_003,Session_002
62,1,RIGHT,False,True,timeout_close_strong,False,658.0,112.0,299.29353233830847,112.0,0.7495854063018242,22,11,11,258.0,603,10.05,0.0,0.0,graph_ml,Subject_003,Session_002
63,0,LEFT,False,True,timeout_wrong,False,540.0,480.0,242.90066225165563,48.0,0.8245033112582781,26,2,24,292.0,604,10.066666666666666,34.0,0.5666666666666667,graph_ml,Subject_003,Session_002
64,1,RIGHT,True,False,hit,False,740.0,30.0,199.0,30.0,1.0,0,0,0,340.0,170,2.8333333333333335,0.0,0.0,graph_ml,Subject_003,Session_002
65,0,LEFT,False,True,timeout_close_strong,True,198.0,138.0,336.8552412645591,134.0,0.4292845257903494,50,30,20,206.0,601,10.016666666666667,68.0,1.1333333333333333,graph_ml,Subject_003,Session_002
66,0,LEFT,True,False,hit,False,60.0,0.0,298.3874538745387,0.0,0.5904059040590406,14,6,8,340.0,542,9.033333333333333,0.0,0.0,graph_ml,Subject_003,Session_002
67,1,RIGHT,True,False,hit,False,740.0,30.0,230.56451612903226,30.0,0.8709677419354839,11,3,8,340.0,248,4.133333333333334,6.0,0.1,graph_ml,Subject_003,Session_002
68,0,LEFT,False,True,timeout_close_weak,False,336.0,276.0,301.96345514950167,186.0,0.5730897009966778,44,18,26,154.0,602,10.033333333333333,20.0,0.3333333333333333,graph_ml,Subject_003,Session_002
69,0,LEFT,False,True,timeout_wrong,False,476.0,416.0,322.01661129568106,218.0,0.5631229235880398,34,17,17,122.0,602,10.033333333333333,32.0,0.5333333333333333,graph_ml,Subject_003,Session_002
70,1,RIGHT,True,False,hit,False,740.0,30.0,209.72340425531914,30.0,1.0,4,0,4,340.0,188,3.1333333333333333,0.0,0.0,graph_ml,Subject_003,Session_002
71,0,LEFT,False,False,wrong_paddle,False,740.0,680.0,507.4065040650407,340.0,0.0,10,10,0,0.0,246,4.1,,,graph_ml,Subject_003,Session_002
72,1,RIGHT,False,True,timeout_close_weak,True,438.0,332.0,478.61028192371475,332.0,0.03150912106135987,29,29,0,38.0,603,10.05,584.0,9.733333333333333,graph_ml,Subject_003,Session_002
73,0,LEFT,False,False,wrong_paddle,False,740.0,680.0,464.0508474576271,314.0,0.17372881355932204,12,7,5,26.0,236,3.933333333333333,4.0,0.06666666666666667,graph_ml,Subject_003,Session_002
74,0,LEFT,False,False,wrong_paddle,True,740.0,680.0,530.3777777777777,342.0,0.0,18,18,0,0.0,450,7.5,,,graph_ml,Subject_003,Session_002
75,1,RIGHT,True,False,hit,False,740.0,30.0,229.34965034965035,30.0,0.8496503496503497,16,3,13,340.0,286,4.766666666666667,0.0,0.0,graph_ml,Subject_003,Session_002
76,0,LEFT,False,False,wrong_paddle,False,740.0,680.0,463.31666666666666,300.0,0.20416666666666666,9,6,3,40.0,240,4.0,0.0,0.0,graph_ml,Subject_003,Session_002
77,1,RIGHT,True,False,hit,False,740.0,30.0,229.33333333333334,30.0,0.7741228070175439,25,8,17,340.0,456,7.6,74.0,1.2333333333333334,graph_ml,Subject_003,Session_002
78,1,RIGHT,True,False,hit,False,740.0,30.0,216.59595959595958,30.0,1.0,4,0,4,340.0,198,3.3,0.0,0.0,graph_ml,Subject_003,Session_002
79,0,LEFT,False,False,wrong_paddle,False,740.0,680.0,454.900826446281,292.0,0.2768595041322314,7,2,5,48.0,242,4.033333333333333,0.0,0.0,graph_ml,Subject_003,Session_002
80,1,RIGHT,True,False,hit,False,740.0,30.0,240.14465408805032,30.0,1.0,12,0,12,340.0,318,5.3,0.0,0.0,graph_ml,Subject_003,Session_002
81,1,RIGHT,True,False,hit,False,740.0,30.0,269.27777777777777,30.0,0.65,19,11,8,340.0,360,6.0,126.0,2.1,graph_ml,Subject_003,Session_002
82,0,LEFT,False,False,wrong_paddle,False,740.0,680.0,504.4888888888889,336.0,0.016666666666666666,3,2,1,4.0,180,3.0,0.0,0.0,graph_ml,Subject_003,Session_002
83,1,RIGHT,False,True,timeout_close_strong,False,712.0,58.0,322.19568822553896,58.0,0.4079601990049751,24,6,18,312.0,603,10.05,291.0,4.85,graph_ml,Subject_003,Session_002
84,0,LEFT,False,False,wrong_paddle,True,740.0,680.0,472.94166666666666,284.0,0.11458333333333333,18,17,1,56.0,480,8.0,60.0,1.0,graph_ml,Subject_003,Session_002
85,0,LEFT,False,True,timeout_close_weak,False,318.0,258.0,289.08789386401327,178.0,0.7711442786069652,30,11,19,162.0,603,10.05,68.0,1.1333333333333333,graph_ml,Subject_003,Session_002
86,0,LEFT,False,True,timeout_close_strong,False,194.0,134.0,149.30679933665007,26.0,0.9552238805970149,35,2,33,314.0,603,10.05,24.0,0.4,graph_ml,Subject_003,Session_002
87,1,RIGHT,True,False,hit,False,740.0,30.0,220.96190476190475,30.0,1.0,6,0,6,340.0,210,3.5,0.0,0.0,graph_ml,Subject_003,Session_002
88,0,LEFT,False,False,wrong_paddle,True,740.0,680.0,483.39344262295083,338.0,0.00273224043715847,20,20,0,2.0,366,6.1,0.0,0.0,graph_ml,Subject_003,Session_002
89,0,LEFT,False,False,wrong_paddle,True,740.0,680.0,520.9757575757576,342.0,0.0,16,16,0,0.0,330,5.5,,,graph_ml,Subject_003,Session_002
90,1,RIGHT,True,False,hit,False,740.0,30.0,319.45238095238096,30.0,0.5714285714285714,22,12,10,340.0,504,8.4,0.0,0.0,graph_ml,Subject_003,Session_002
91,1,RIGHT,True,False,hit,False,740.0,30.0,283.2970297029703,30.0,0.8094059405940595,21,4,17,340.0,404,6.733333333333333,70.0,1.1666666666666667,graph_ml,Subject_003,Session_002
92,1,RIGHT,False,True,timeout_close_strong,False,598.0,172.0,270.742951907131,146.0,0.9502487562189055,36,2,34,224.0,603,10.05,0.0,0.0,graph_ml,Subject_003,Session_002
93,0,LEFT,False,False,wrong_paddle,False,740.0,680.0,492.05357142857144,338.0,0.004464285714285714,12,12,0,2.0,224,3.7333333333333334,0.0,0.0,graph_ml,Subject_003,Session_002
94,0,LEFT,False,True,wrong_paddle,True,708.0,648.0,580.4503311258278,342.0,0.0,33,33,0,0.0,604,10.066666666666666,,,graph_ml,Subject_003,Session_002
95,0,LEFT,True,False,hit,False,60.0,0.0,200.83928571428572,0.0,0.8303571428571429,5,1,4,340.0,224,3.7333333333333334,38.0,0.6333333333333333,graph_ml,Subject_003,Session_002
96,1,RIGHT,True,False,hit,False,740.0,30.0,206.02369668246445,30.0,0.995260663507109,18,0,18,340.0,422,7.033333333333333,2.0,0.03333333333333333,graph_ml,Subject_003,Session_002
97,1,RIGHT,True,False,hit,False,740.0,30.0,212.37728937728937,30.0,1.0,28,0,28,340.0,546,9.1,0.0,0.0,graph_ml,Subject_003,Session_002
98,0,LEFT,False,True,timeout_wrong,True,482.0,422.0,398.1930116472546,296.0,0.16472545757071547,47,38,9,44.0,601,10.016666666666667,2.0,0.03333333333333333,graph_ml,Subject_003,Session_002
99,1,RIGHT,False,True,timeout_close_weak,True,508.0,262.0,417.6754966887417,262.0,0.36258278145695366,33,20,13,108.0,604,10.066666666666666,354.0,5.9,graph_ml,Subject_003,Session_002
0,1,RIGHT,True,False,hit,False,740.0,30.0,299.1210762331838,30.0,0.57847533632287,10,2,8,340.0,446,7.433333333333334,188.0,3.1333333333333333,graph_ml,Subject_003,Session_004
1,1,RIGHT,False,True,timeout_close_weak,False,546.0,224.0,281.8872305140962,172.0,0.8208955223880597,15,1,14,198.0,603,10.05,108.0,1.8,graph_ml,Subject_003,Session_004
2,0,LEFT,True,False,hit,False,60.0,0.0,203.71153846153845,0.0,0.8173076923076923,1,1,0,340.0,208,3.466666666666667,38.0,0.6333333333333333,graph_ml,Subject_003,Session_004
3,0,LEFT,True,False,hit,False,60.0,0.0,155.25,0.0,1.0,2,0,2,340.0,192,3.2,0.0,0.0,graph_ml,Subject_003,Session_004
4,0,LEFT,True,False,hit,False,60.0,0.0,245.9,0.0,0.6796296296296296,14,7,7,340.0,540,9.0,70.0,1.1666666666666667,graph_ml,Subject_003,Session_004
5,1,RIGHT,False,False,wrong_paddle,False,60.0,710.0,522.8267716535433,334.0,0.1377952755905512,7,6,1,36.0,254,4.233333333333333,0.0,0.0,graph_ml,Subject_003,Session_004
6,0,LEFT,False,True,timeout_close_weak,False,330.0,270.0,313.6744186046512,200.0,0.606312292358804,28,4,24,140.0,602,10.033333333333333,63.0,1.05,graph_ml,Subject_003,Session_004
7,1,RIGHT,True,False,hit,False,740.0,30.0,212.2296819787986,30.0,0.9434628975265018,13,3,10,340.0,566,9.433333333333334,32.0,0.5333333333333333,graph_ml,Subject_003,Session_004
8,0,LEFT,True,True,hit,False,60.0,0.0,272.0200668896321,0.0,0.6505016722408027,29,12,17,340.0,598,9.966666666666667,54.0,0.9,graph_ml,Subject_003,Session_004
9,1,RIGHT,False,True,timeout_close_strong,True,608.0,162.0,363.49917081260367,162.0,0.3880597014925373,17,15,2,208.0,603,10.05,71.0,1.1833333333333333,graph_ml,Subject_003,Session_004
10,1,RIGHT,False,True,timeout_close_strong,False,620.0,150.0,371.5913621262458,150.0,0.47674418604651164,11,4,7,220.0,602,10.033333333333333,60.0,1.0,graph_ml,Subject_003,Session_004
11,0,LEFT,True,False,hit,False,60.0,0.0,169.0,0.0,1.0,0,0,0,340.0,170,2.8333333333333335,0.0,0.0,graph_ml,Subject_003,Session_004
12,1,RIGHT,True,False,hit,False,740.0,30.0,219.17460317460316,30.0,0.873015873015873,3,1,2,340.0,252,4.2,32.0,0.5333333333333333,graph_ml,Subject_003,Session_004
13,1,RIGHT,False,True,timeout_close_weak,False,420.0,350.0,484.8870431893688,312.0,0.14451827242524917,14,10,4,58.0,602,10.033333333333333,24.0,0.4,graph_ml,Subject_003,Session_004
14,0,LEFT,False,True,timeout_close_strong,False,114.0,54.0,333.2603648424544,38.0,0.37976782752902155,11,7,4,302.0,603,10.05,194.0,3.2333333333333334,graph_ml,Subject_003,Session_004
15,0,LEFT,True,False,hit,False,60.0,0.0,115.82828282828282,0.0,1.0,10,0,10,340.0,396,6.6,0.0,0.0,graph_ml,Subject_003,Session_004
16,1,RIGHT,True,False,hit,False,740.0,30.0,334.7416666666667,30.0,0.5104166666666666,11,4,7,340.0,480,8.0,142.0,2.3666666666666667,graph_ml,Subject_003,Session_004
17,0,LEFT,False,True,timeout_close_weak,False,286.0,226.0,237.79767827529022,72.0,0.7595356550580431,34,10,24,268.0,603,10.05,44.0,0.7333333333333333,graph_ml,Subject_003,Session_004
18,1,RIGHT,False,False,wrong_paddle,False,60.0,710.0,549.969387755102,372.0,0.0,6,6,0,0.0,392,6.533333333333333,,,graph_ml,Subject_003,Session_004
19,0,LEFT,True,False,hit,False,60.0,0.0,278.2161172161172,0.0,0.7252747252747253,8,2,6,340.0,546,9.1,0.0,0.0,graph_ml,Subject_003,Session_004
20,0,LEFT,False,False,wrong_paddle,True,740.0,680.0,539.3969465648855,336.0,0.0057251908396946565,17,16,1,4.0,524,8.733333333333333,0.0,0.0,graph_ml,Subject_003,Session_004
21,1,RIGHT,True,False,hit,False,740.0,30.0,232.02912621359224,30.0,0.8252427184466019,1,1,0,340.0,206,3.433333333333333,36.0,0.6,graph_ml,Subject_003,Session_004
22,1,RIGHT,False,True,timeout_close_strong,False,642.0,128.0,263.8441127694859,112.0,0.8839137645107794,16,2,14,258.0,603,10.05,0.0,0.0,graph_ml,Subject_003,Session_004
23,1,RIGHT,True,False,hit,False,740.0,30.0,206.046875,30.0,1.0,4,0,4,340.0,256,4.266666666666667,0.0,0.0,graph_ml,Subject_003,Session_004
24,0,LEFT,False,True,timeout_wrong,False,536.0,476.0,381.3708609271523,252.0,0.38079470198675497,16,10,6,88.0,604,10.066666666666666,0.0,0.0,graph_ml,Subject_003,Session_004
25,1,RIGHT,True,False,hit,False,740.0,30.0,199.0,30.0,1.0,0,0,0,340.0,170,2.8333333333333335,0.0,0.0,graph_ml,Subject_003,Session_004
26,0,LEFT,True,False,hit,False,60.0,0.0,145.8595041322314,0.0,1.0,10,0,10,340.0,242,4.033333333333333,0.0,0.0,graph_ml,Subject_003,Session_004
27,1,RIGHT,False,False,wrong_paddle,False,60.0,710.0,577.5595238095239,372.0,0.0,2,2,0,0.0,336,5.6,,,graph_ml,Subject_003,Session_004
28,1,RIGHT,False,True,timeout_close_strong,False,694.0,76.0,326.9685950413223,76.0,0.6809917355371901,15,6,9,294.0,605,10.083333333333334,36.0,0.6,graph_ml,Subject_003,Session_004
29,1,RIGHT,False,True,timeout_close_weak,False,534.0,236.0,389.0381426202322,226.0,0.46434494195688225,16,7,9,144.0,603,10.05,0.0,0.0,graph_ml,Subject_003,Session_004
30,0,LEFT,False,False,wrong_paddle,False,740.0,680.0,511.0,342.0,0.0,0,0,0,0.0,170,2.8333333333333335,,,graph_ml,Subject_003,Session_004
31,0,LEFT,False,False,wrong_paddle,False,740.0,680.0,511.0,342.0,0.0,0,0,0,0.0,170,2.8333333333333335,,,graph_ml,Subject_003,Session_004
32,1,RIGHT,True,False,hit,False,740.0,30.0,199.0,30.0,1.0,0,0,0,340.0,170,2.8333333333333335,0.0,0.0,graph_ml,Subject_003,Session_004
33,0,LEFT,True,False,hit,False,60.0,0.0,236.72368421052633,0.0,0.8651315789473685,7,4,3,340.0,304,5.066666666666666,4.0,0.06666666666666667,graph_ml,Subject_003,Session_004
34,1,RIGHT,False,True,timeout_close_weak,False,532.0,238.0,234.10596026490066,98.0,1.0,15,0,15,272.0,604,10.066666666666666,0.0,0.0,graph_ml,Subject_003,Session_004
35,0,LEFT,True,False,hit,False,60.0,0.0,320.42446043165467,0.0,0.45143884892086333,9,4,5,340.0,556,9.266666666666667,114.0,1.9,graph_ml,Subject_003,Session_004
36,0,LEFT,True,False,hit,False,60.0,0.0,223.83333333333334,0.0,0.7791666666666667,2,1,1,340.0,240,4.0,0.0,0.0,graph_ml,Subject_003,Session_004
37,1,RIGHT,True,False,hit,False,740.0,30.0,284.92391304347825,30.0,0.7364130434782609,16,11,5,340.0,368,6.133333333333334,0.0,0.0,graph_ml,Subject_003,Session_004
38,0,LEFT,False,True,timeout_close_weak,False,290.0,230.0,169.89421487603306,26.0,1.0,11,0,11,314.0,605,10.083333333333334,0.0,0.0,graph_ml,Subject_003,Session_004
39,0,LEFT,False,True,timeout_wrong,False,422.0,362.0,300.92892561983473,170.0,0.7421487603305785,12,3,9,170.0,605,10.083333333333334,0.0,0.0,graph_ml,Subject_003,Session_004
40,0,LEFT,False,True,timeout_close_weak,True,358.0,298.0,472.91570247933885,298.0,0.03471074380165289,15,15,0,42.0,605,10.083333333333334,584.0,9.733333333333333,graph_ml,Subject_003,Session_004
41,0,LEFT,True,False,hit,False,60.0,0.0,377.41004184100416,0.0,0.35564853556485354,3,3,0,340.0,478,7.966666666666667,308.0,5.133333333333334,graph_ml,Subject_003,Session_004
42,1,RIGHT,True,False,hit,False,740.0,30.0,221.66071428571428,30.0,1.0,2,0,2,340.0,224,3.7333333333333334,0.0,0.0,graph_ml,Subject_003,Session_004
43,0,LEFT,False,False,wrong_paddle,False,740.0,680.0,459.6896551724138,288.0,0.21982758620689655,2,1,1,52.0,232,3.8666666666666667,10.0,0.16666666666666666,graph_ml,Subject_003,Session_004
44,1,RIGHT,True,False,hit,False,740.0,30.0,211.6127744510978,30.0,0.8223552894211577,10,2,8,340.0,501,8.35,89.0,1.4833333333333334,graph_ml,Subject_003,Session_004
45,0,LEFT,False,False,wrong_paddle,False,740.0,680.0,406.76740237691,202.0,0.31239388794567063,16,10,6,138.0,589,9.816666666666666,27.0,0.45,graph_ml,Subject_003,Session_004
46,0,LEFT,False,False,wrong_paddle,False,740.0,680.0,511.0,342.0,0.0,0,0,0,0.0,170,2.8333333333333335,,,graph_ml,Subject_003,Session_004
47,1,RIGHT,True,False,hit,False,740.0,30.0,199.0,30.0,1.0,0,0,0,340.0,170,2.8333333333333335,0.0,0.0,graph_ml,Subject_003,Session_004
48,0,LEFT,False,False,wrong_paddle,False,740.0,680.0,466.1829268292683,286.0,0.21341463414634146,11,5,6,54.0,328,5.466666666666667,0.0,0.0,graph_ml,Subject_003,Session_004
49,1,RIGHT,True,False,hit,False,740.0,30.0,306.98850574712645,30.0,0.432183908045977,8,4,4,340.0,435,7.25,247.0,4.116666666666666,graph_ml,Subject_003,Session_004
50,1,RIGHT,True,False,hit,False,740.0,30.0,185.0581395348837,30.0,0.9476744186046512,5,1,4,340.0,344,5.733333333333333,18.0,0.3,graph_ml,Subject_003,Session_004
51,1,RIGHT,False,True,timeout_wrong,False,400.0,370.0,370.0,370.0,0.0,0,0,0,0.0,605,10.083333333333334,,,graph_ml,Subject_003,Session_004
52,0,LEFT,False,False,wrong_paddle,False,740.0,680.0,501.1060606060606,342.0,0.0,6,6,0,0.0,264,4.4,,,graph_ml,Subject_003,Session_004
53,1,RIGHT,False,True,timeout_wrong,False,360.0,410.0,288.6225165562914,50.0,0.6870860927152318,12,3,9,320.0,604,10.066666666666666,0.0,0.0,graph_ml,Subject_003,Session_004
54,0,LEFT,False,False,wrong_paddle,False,740.0,680.0,535.8673469387755,342.0,0.0,8,8,0,0.0,392,6.533333333333333,,,graph_ml,Subject_003,Session_004
55,0,LEFT,False,False,wrong_paddle,False,740.0,680.0,494.4788732394366,342.0,0.0,8,8,0,0.0,284,4.733333333333333,,,graph_ml,Subject_003,Session_004
56,0,LEFT,False,False,wrong_paddle,False,740.0,680.0,498.26,342.0,0.0,8,8,0,0.0,200,3.3333333333333335,,,graph_ml,Subject_003,Session_004
57,1,RIGHT,True,False,hit,False,740.0,30.0,288.1666666666667,30.0,0.5448717948717948,8,8,0,340.0,312,5.2,142.0,2.3666666666666667,graph_ml,Subject_003,Session_004
58,1,RIGHT,True,False,hit,False,740.0,30.0,218.32394366197184,30.0,1.0,12,0,12,340.0,426,7.1,0.0,0.0,graph_ml,Subject_003,Session_004
59,1,RIGHT,True,False,hit,False,740.0,30.0,303.74429223744295,30.0,0.3881278538812785,2,2,0,340.0,438,7.3,268.0,4.466666666666667,graph_ml,Subject_003,Session_004
60,0,LEFT,False,True,timeout_wrong,False,528.0,468.0,322.96013289036546,202.0,0.6976744186046512,21,7,14,138.0,602,10.033333333333333,0.0,0.0,graph_ml,Subject_003,Session_004
61,0,LEFT,False,True,timeout_wrong,False,550.0,490.0,430.1426202321725,198.0,0.2935323383084577,11,6,5,142.0,603,10.05,76.0,1.2666666666666666,graph_ml,Subject_003,Session_004
62,1,RIGHT,True,False,hit,False,740.0,30.0,303.3209549071618,30.0,0.5862068965517241,11,6,5,340.0,377,6.283333333333333,43.0,0.7166666666666667,graph_ml,Subject_003,Session_004
63,1,RIGHT,True,False,hit,False,740.0,30.0,240.8682634730539,30.0,0.9970059880239521,4,1,3,340.0,334,5.566666666666666,0.0,0.0,graph_ml,Subject_003,Session_004
64,1,RIGHT,True,False,hit,False,740.0,30.0,267.85714285714283,30.0,0.7664092664092664,8,1,7,340.0,518,8.633333333333333,0.0,0.0,graph_ml,Subject_003,Session_004
65,1,RIGHT,True,False,hit,False,740.0,30.0,294.58620689655174,30.0,0.5862068965517241,1,1,0,340.0,290,4.833333333333333,120.0,2.0,graph_ml,Subject_003,Session_004
66,0,LEFT,True,False,hit,False,60.0,0.0,245.07883817427387,0.0,0.7634854771784232,7,1,6,340.0,482,8.033333333333333,114.0,1.9,graph_ml,Subject_003,Session_004
67,0,LEFT,False,True,timeout_close_strong,False,224.0,164.0,416.3377483443709,136.0,0.30960264900662254,11,5,6,204.0,604,10.066666666666666,0.0,0.0,graph_ml,Subject_003,Session_004
68,1,RIGHT,False,True,timeout_close_strong,False,674.0,96.0,373.57545605306797,96.0,0.4361525704809287,19,11,8,274.0,603,10.05,10.0,0.16666666666666666,graph_ml,Subject_003,Session_004
69,0,LEFT,False,False,wrong_paddle,False,740.0,680.0,496.9433962264151,342.0,0.0,4,4,0,0.0,212,3.533333333333333,,,graph_ml,Subject_003,Session_004
70,1,RIGHT,False,True,timeout_close_strong,False,596.0,174.0,367.2059800664452,92.0,0.44019933554817275,13,7,6,278.0,602,10.033333333333333,0.0,0.0,graph_ml,Subject_003,Session_004
71,1,RIGHT,True,False,hit,False,740.0,30.0,308.2919254658385,30.0,0.5279503105590062,3,3,0,340.0,322,5.366666666666666,152.0,2.533333333333333,graph_ml,Subject_003,Session_004
72,1,RIGHT,False,True,timeout_wrong,True,304.0,466.0,457.57142857142856,298.0,0.11794019933554817,18,17,1,72.0,602,10.033333333333333,74.0,1.2333333333333334,graph_ml,Subject_003,Session_004
73,0,LEFT,False,False,wrong_paddle,False,740.0,680.0,511.0,342.0,0.0,0,0,0,0.0,170,2.8333333333333335,,,graph_ml,Subject_003,Session_004
74,0,LEFT,False,False,wrong_paddle,False,740.0,680.0,520.16,326.0,0.0325,7,6,1,14.0,400,6.666666666666667,0.0,0.0,graph_ml,Subject_003,Session_004
75,0,LEFT,False,False,wrong_paddle,False,740.0,680.0,356.0618556701031,136.0,0.5592783505154639,3,0,3,204.0,388,6.466666666666667,0.0,0.0,graph_ml,Subject_003,Session_004
76,1,RIGHT,True,False,hit,False,740.0,30.0,199.0,30.0,1.0,0,0,0,340.0,170,2.8333333333333335,0.0,0.0,graph_ml,Subject_003,Session_004
77,0,LEFT,True,False,hit,False,60.0,0.0,159.52830188679246,0.0,1.0,4,0,4,340.0,318,5.3,0.0,0.0,graph_ml,Subject_003,Session_004
78,0,LEFT,False,True,timeout_wrong,False,562.0,502.0,474.40132669983416,272.0,0.11774461028192372,13,10,3,68.0,603,10.05,4.0,0.06666666666666667,graph_ml,Subject_003,Session_004
79,1,RIGHT,False,True,timeout_wrong,False,306.0,464.0,518.2762063227954,372.0,0.0,11,11,0,0.0,601,10.016666666666667,,,graph_ml,Subject_003,Session_004
80,0,LEFT,True,False,hit,False,60.0,0.0,269.0581818181818,0.0,0.7018181818181818,13,1,12,340.0,550,9.166666666666666,164.0,2.7333333333333334,graph_ml,Subject_003,Session_004
81,0,LEFT,True,False,hit,False,60.0,0.0,253.64615384615385,0.0,0.7435897435897436,10,4,6,340.0,390,6.5,0.0,0.0,graph_ml,Subject_003,Session_004
82,0,LEFT,True,False,hit,False,60.0,0.0,229.1095890410959,0.0,0.8904109589041096,4,2,2,340.0,292,4.866666666666666,0.0,0.0,graph_ml,Subject_003,Session_004
83,1,RIGHT,False,False,wrong_paddle,False,60.0,710.0,541.0,372.0,0.0,0,0,0,0.0,170,2.8333333333333335,,,graph_ml,Subject_003,Session_004
84,1,RIGHT,True,False,hit,False,740.0,30.0,241.55299539170508,30.0,0.9262672811059908,7,1,6,340.0,434,7.233333333333333,32.0,0.5333333333333333,graph_ml,Subject_003,Session_004
85,0,LEFT,True,True,hit,False,60.0,0.0,274.4086378737542,0.0,0.6943521594684385,8,2,6,340.0,602,10.033333333333333,0.0,0.0,graph_ml,Subject_003,Session_004
86,0,LEFT,True,False,hit,False,60.0,0.0,169.0,0.0,1.0,0,0,0,340.0,170,2.8333333333333335,0.0,0.0,graph_ml,Subject_003,Session_004
87,1,RIGHT,True,False,hit,False,740.0,30.0,269.62773722627736,30.0,0.7043795620437956,3,2,1,340.0,274,4.566666666666666,56.0,0.9333333333333333,graph_ml,Subject_003,Session_004
88,1,RIGHT,True,False,hit,False,740.0,30.0,199.0,30.0,1.0,0,0,0,340.0,170,2.8333333333333335,0.0,0.0,graph_ml,Subject_003,Session_004
89,1,RIGHT,True,False,hit,False,740.0,30.0,197.6341463414634,30.0,1.0,6,0,6,340.0,246,4.1,0.0,0.0,graph_ml,Subject_003,Session_004
90,1,RIGHT,True,False,hit,False,740.0,30.0,258.6561085972851,30.0,0.8733031674208145,15,3,12,340.0,442,7.366666666666666,6.0,0.1,graph_ml,Subject_003,Session_004
91,1,RIGHT,True,False,hit,False,740.0,30.0,258.46031746031747,30.0,0.7142857142857143,3,1,2,340.0,252,4.2,72.0,1.2,graph_ml,Subject_003,Session_004
92,0,LEFT,True,False,hit,False,60.0,0.0,169.0,0.0,1.0,0,0,0,340.0,170,2.8333333333333335,0.0,0.0,graph_ml,Subject_003,Session_004
93,1,RIGHT,True,False,hit,False,740.0,30.0,223.3975155279503,30.0,1.0,8,0,8,340.0,322,5.366666666666666,0.0,0.0,graph_ml,Subject_003,Session_004
94,0,LEFT,False,True,timeout_close_weak,False,356.0,296.0,443.62666666666667,296.0,0.095,5,4,1,44.0,600,10.0,490.0,8.166666666666666,graph_ml,Subject_003,Session_004
95,0,LEFT,False,False,wrong_paddle,False,740.0,680.0,489.07207207207205,342.0,0.0,4,4,0,0.0,222,3.7,,,graph_ml,Subject_003,Session_004
96,0,LEFT,False,True,timeout_wrong,False,574.0,514.0,404.75540765391014,202.0,0.22961730449251247,13,11,2,138.0,601,10.016666666666667,20.0,0.3333333333333333,graph_ml,Subject_003,Session_004
97,0,LEFT,False,False,wrong_paddle,False,740.0,680.0,421.67336683417085,206.0,0.3542713567839196,9,6,3,134.0,398,6.633333333333334,0.0,0.0,graph_ml,Subject_003,Session_004
98,1,RIGHT,False,True,timeout_close_strong,False,662.0,108.0,294.43189368770766,108.0,0.446843853820598,8,2,6,262.0,602,10.033333333333333,333.0,5.55,graph_ml,Subject_003,Session_004
99,1,RIGHT,True,False,hit,False,740.0,30.0,195.659793814433,30.0,1.0,2,0,2,340.0,194,3.2333333333333334,0.0,0.0,graph_ml,Subject_003,Session_004
0,0,LEFT,False,False,wrong_paddle,False,740.0,680.0,350.82640586797066,118.0,0.5403422982885085,2,1,1,222.0,409,6.816666666666666,17.0,0.2833333333333333,graph_ml,Subject_005,Session_002
1,1,RIGHT,True,False,hit,False,740.0,30.0,212.54347826086956,30.0,0.9239130434782609,1,1,0,340.0,184,3.066666666666667,14.0,0.23333333333333334,graph_ml,Subject_005,Session_002
2,1,RIGHT,True,False,hit,False,740.0,30.0,214.3978494623656,30.0,0.9139784946236559,1,1,0,340.0,186,3.1,16.0,0.26666666666666666,graph_ml,Subject_005,Session_002
3,0,LEFT,False,True,timeout_wrong,False,574.0,514.0,342.83194675540767,50.0,0.49417637271214643,8,5,3,290.0,601,10.016666666666667,0.0,0.0,graph_ml,Subject_005,Session_002
4,1,RIGHT,True,False,hit,False,740.0,30.0,220.28378378378378,30.0,1.0,2,0,2,340.0,296,4.933333333333334,0.0,0.0,graph_ml,Subject_005,Session_002
5,0,LEFT,True,False,hit,False,60.0,0.0,191.68817204301075,0.0,0.8172043010752689,14,2,12,340.0,372,6.2,0.0,0.0,graph_ml,Subject_005,Session_002
6,0,LEFT,False,True,timeout_wrong,False,476.0,416.0,289.6046511627907,48.0,0.5830564784053156,10,3,7,292.0,602,10.033333333333333,212.0,3.533333333333333,graph_ml,Subject_005,Session_002
7,0,LEFT,False,False,wrong_paddle,False,740.0,680.0,497.1682242990654,318.0,0.11682242990654206,9,6,3,22.0,214,3.566666666666667,0.0,0.0,graph_ml,Subject_005,Session_002
8,1,RIGHT,True,False,hit,False,740.0,30.0,196.26436781609195,30.0,1.0,2,0,2,340.0,174,2.9,0.0,0.0,graph_ml,Subject_005,Session_002
9,0,LEFT,False,False,wrong_paddle,False,740.0,680.0,511.0,342.0,0.0,0,0,0,0.0,170,2.8333333333333335,,,graph_ml,Subject_005,Session_002
10,0,LEFT,False,True,wrong_paddle,False,646.0,586.0,350.216306156406,176.0,0.3843594009983361,12,9,3,164.0,601,10.016666666666667,82.0,1.3666666666666667,graph_ml,Subject_005,Session_002
11,0,LEFT,False,False,wrong_paddle,False,740.0,680.0,319.60869565217394,70.0,0.6620553359683794,9,0,9,270.0,506,8.433333333333334,0.0,0.0,graph_ml,Subject_005,Session_002
12,0,LEFT,False,False,wrong_paddle,False,740.0,680.0,462.7741935483871,342.0,0.0,8,8,0,0.0,372,6.2,,,graph_ml,Subject_005,Session_002
13,0,LEFT,False,True,timeout_wrong,False,532.0,472.0,344.90033222591364,166.0,0.4568106312292359,13,10,3,174.0,602,10.033333333333333,0.0,0.0,graph_ml,Subject_005,Session_002
14,1,RIGHT,False,True,timeout_wrong,False,244.0,526.0,444.0033222591362,246.0,0.20431893687707642,15,14,1,124.0,602,10.033333333333333,110.0,1.8333333333333333,graph_ml,Subject_005,Session_002
15,1,RIGHT,True,False,hit,False,740.0,30.0,271.2350746268657,30.0,0.6716417910447762,6,2,4,340.0,536,8.933333333333334,176.0,2.933333333333333,graph_ml,Subject_005,Session_002
16,1,RIGHT,False,False,wrong_paddle,False,60.0,710.0,539.0,368.0,0.005813953488372093,0,0,0,2.0,172,2.8666666666666667,0.0,0.0,graph_ml,Subject_005,Session_002
17,1,RIGHT,True,False,hit,False,740.0,30.0,339.22330097087377,30.0,0.46601941747572817,5,3,2,340.0,412,6.866666666666666,220.0,3.6666666666666665,graph_ml,Subject_005,Session_002
18,1,RIGHT,False,True,timeout_close_strong,False,664.0,106.0,342.35157545605307,106.0,0.27197346600331673,6,2,4,264.0,603,10.05,439.0,7.316666666666666,graph_ml,Subject_005,Session_002
19,1,RIGHT,True,False,hit,False,740.0,30.0,204.93962264150943,30.0,0.8981132075471698,5,1,4,340.0,530,8.833333333333334,54.0,0.9,graph_ml,Subject_005,Session_002
20,1,RIGHT,False,True,timeout_close_weak,False,514.0,256.0,174.7820299500832,74.0,1.0,22,0,22,296.0,601,10.016666666666667,0.0,0.0,graph_ml,Subject_005,Session_002
21,1,RIGHT,True,False,hit,False,740.0,30.0,177.46268656716418,30.0,1.0,6,0,6,340.0,268,4.466666666666667,0.0,0.0,graph_ml,Subject_005,Session_002
22,0,LEFT,False,False,wrong_paddle,False,740.0,680.0,498.2631578947368,342.0,0.0,2,2,0,0.0,190,3.1666666666666665,,,graph_ml,Subject_005,Session_002
23,0,LEFT,False,False,wrong_paddle,False,740.0,680.0,475.225988700565,290.0,0.1384180790960452,11,10,1,50.0,354,5.9,2.0,0.03333333333333333,graph_ml,Subject_005,Session_002
24,0,LEFT,True,False,hit,False,60.0,0.0,144.86666666666667,0.0,1.0,8,0,8,340.0,450,7.5,0.0,0.0,graph_ml,Subject_005,Session_002
25,0,LEFT,False,False,wrong_paddle,False,740.0,680.0,458.05,312.0,0.23333333333333334,5,1,4,28.0,240,4.0,0.0,0.0,graph_ml,Subject_005,Session_002
26,1,RIGHT,False,True,timeout_close_weak,False,432.0,338.0,417.1794019933555,206.0,0.4634551495016611,9,3,6,164.0,602,10.033333333333333,0.0,0.0,graph_ml,Subject_005,Session_002
27,1,RIGHT,False,True,timeout_close_strong,False,664.0,106.0,360.2956810631229,106.0,0.4601328903654485,17,10,7,264.0,602,10.033333333333333,92.0,1.5333333333333334,graph_ml,Subject_005,Session_002
28,1,RIGHT,True,False,hit,False,740.0,30.0,244.3139534883721,30.0,0.7732558139534884,8,2,6,340.0,344,5.733333333333333,78.0,1.3,graph_ml,Subject_005,Session_002
29,0,LEFT,False,False,wrong_paddle,False,740.0,680.0,441.80645161290323,262.0,0.21774193548387097,9,6,3,78.0,372,6.2,0.0,0.0,graph_ml,Subject_005,Session_002
30,0,LEFT,False,False,wrong_paddle,False,740.0,680.0,533.0958083832336,342.0,0.0,2,2,0,0.0,334,5.566666666666666,,,graph_ml,Subject_005,Session_002
31,0,LEFT,False,True,timeout_wrong,False,424.0,364.0,370.13953488372096,212.0,0.29900332225913623,9,5,4,128.0,602,10.033333333333333,74.0,1.2333333333333334,graph_ml,Subject_005,Session_002
32,0,LEFT,False,False,wrong_paddle,False,740.0,680.0,432.84982935153585,230.0,0.2713310580204778,16,13,3,110.0,586,9.766666666666667,12.0,0.2,graph_ml,Subject_005,Session_002
33,1,RIGHT,False,False,wrong_paddle,False,60.0,710.0,544.6136363636364,372.0,0.0,2,2,0,0.0,176,2.933333333333333,,,graph_ml,Subject_005,Session_002
34,1,RIGHT,True,False,hit,False,740.0,30.0,280.85185185185185,30.0,0.6296296296296297,1,1,0,340.0,270,4.5,100.0,1.6666666666666667,graph_ml,Subject_005,Session_002
35,1,RIGHT,False,False,wrong_paddle,False,60.0,710.0,539.0,368.0,0.005813953488372093,0,0,0,2.0,172,2.8666666666666667,0.0,0.0,graph_ml,Subject_005,Session_002
36,1,RIGHT,False,False,wrong_paddle,False,60.0,710.0,531.2222222222222,360.0,0.05,1,0,1,10.0,180,3.0,0.0,0.0,graph_ml,Subject_005,Session_002
37,0,LEFT,False,True,timeout_close_weak,False,374.0,314.0,274.04,54.0,0.47,9,5,4,286.0,600,10.0,257.0,4.283333333333333,graph_ml,Subject_005,Session_002
38,1,RIGHT,False,True,timeout_wrong,False,306.0,464.0,375.7308970099668,244.0,0.23421926910299004,11,8,3,126.0,602,10.033333333333333,193.0,3.216666666666667,graph_ml,Subject_005,Session_002
39,0,LEFT,False,True,wrong_paddle,True,638.0,578.0,434.153078202995,268.0,0.11813643926788686,20,19,1,72.0,601,10.016666666666667,0.0,0.0,graph_ml,Subject_005,Session_002
40,0,LEFT,False,True,timeout_wrong,False,576.0,516.0,336.1066666666667,148.0,0.5583333333333333,17,12,5,192.0,600,10.0,0.0,0.0,graph_ml,Subject_005,Session_002
41,1,RIGHT,True,False,hit,False,740.0,30.0,191.2074074074074,30.0,1.0,8,0,8,340.0,270,4.5,0.0,0.0,graph_ml,Subject_005,Session_002
42,0,LEFT,False,False,wrong_paddle,False,740.0,680.0,471.31775700934577,296.0,0.20093457943925233,1,0,1,44.0,214,3.566666666666667,0.0,0.0,graph_ml,Subject_005,Session_002
43,0,LEFT,True,False,hit,False,60.0,0.0,217.9075630252101,0.0,0.9012605042016807,6,1,5,340.0,476,7.933333333333334,0.0,0.0,graph_ml,Subject_005,Session_002
44,1,RIGHT,True,False,hit,False,740.0,30.0,244.640625,30.0,0.83203125,13,3,10,340.0,512,8.533333333333333,86.0,1.4333333333333333,graph_ml,Subject_005,Session_002
45,1,RIGHT,True,False,hit,False,740.0,30.0,196.74311926605503,30.0,1.0,10,0,10,340.0,218,3.6333333333333333,0.0,0.0,graph_ml,Subject_005,Session_002
46,1,RIGHT,False,True,timeout_close_weak,False,554.0,216.0,359.2678868552413,138.0,0.4209650582362729,11,6,5,232.0,601,10.016666666666667,232.0,3.8666666666666667,graph_ml,Subject_005,Session_002
47,0,LEFT,False,False,wrong_paddle,False,740.0,680.0,546.0806451612904,342.0,0.0,6,6,0,0.0,496,8.266666666666667,,,graph_ml,Subject_005,Session_002
48,0,LEFT,False,False,wrong_paddle,False,740.0,680.0,442.0281124497992,236.0,0.22690763052208834,16,11,5,104.0,498,8.3,80.0,1.3333333333333333,graph_ml,Subject_005,Session_002
49,1,RIGHT,False,True,timeout_close_weak,False,528.0,242.0,427.44,242.0,0.32,10,6,4,128.0,600,10.0,0.0,0.0,graph_ml,Subject_005,Session_002
50,0,LEFT,False,False,wrong_paddle,False,740.0,680.0,451.6263736263736,342.0,0.0,8,8,0,0.0,364,6.066666666666666,,,graph_ml,Subject_005,Session_002
51,0,LEFT,False,True,timeout_wrong,False,524.0,464.0,320.08666666666664,168.0,0.525,23,14,9,172.0,600,10.0,0.0,0.0,graph_ml,Subject_005,Session_002
52,1,RIGHT,False,False,wrong_paddle,False,60.0,710.0,536.5555555555555,372.0,0.0,2,2,0,0.0,180,3.0,,,graph_ml,Subject_005,Session_002
53,1,RIGHT,False,True,timeout_close_strong,False,694.0,76.0,361.338898163606,76.0,0.4707846410684474,14,9,5,294.0,599,9.983333333333333,0.0,0.0,graph_ml,Subject_005,Session_002
54,0,LEFT,True,False,hit,False,60.0,0.0,218.74269005847952,0.0,1.0,10,0,10,340.0,342,5.7,0.0,0.0,graph_ml,Subject_005,Session_002
55,1,RIGHT,False,False,wrong_paddle,False,60.0,710.0,509.62076749435664,322.0,0.11963882618510158,8,5,3,48.0,443,7.383333333333334,35.0,0.5833333333333334,graph_ml,Subject_005,Session_002
56,1,RIGHT,True,False,hit,False,740.0,30.0,224.61764705882354,30.0,0.8823529411764706,7,5,2,340.0,272,4.533333333333333,32.0,0.5333333333333333,graph_ml,Subject_005,Session_002
57,0,LEFT,False,True,wrong_paddle,False,604.0,544.0,321.75083056478405,68.0,0.5514950166112956,14,6,8,272.0,602,10.033333333333333,0.0,0.0,graph_ml,Subject_005,Session_002
58,0,LEFT,True,False,hit,False,60.0,0.0,202.4181818181818,0.0,0.9636363636363636,5,1,4,340.0,220,3.6666666666666665,8.0,0.13333333333333333,graph_ml,Subject_005,Session_002
59,1,RIGHT,True,False,hit,False,740.0,30.0,230.68,30.0,1.0,2,0,2,340.0,250,4.166666666666667,0.0,0.0,graph_ml,Subject_005,Session_002
60,0,LEFT,False,True,timeout_close_weak,False,306.0,246.0,367.23128119800333,206.0,0.41264559068219636,13,2,11,134.0,601,10.016666666666667,144.0,2.4,graph_ml,Subject_005,Session_002
61,0,LEFT,False,False,wrong_paddle,False,740.0,680.0,420.09774436090225,196.0,0.32142857142857145,18,13,5,144.0,532,8.866666666666667,38.0,0.6333333333333333,graph_ml,Subject_005,Session_002
62,0,LEFT,False,False,wrong_paddle,False,740.0,680.0,404.6380952380952,232.0,0.39285714285714285,18,9,9,108.0,420,7.0,4.0,0.06666666666666667,graph_ml,Subject_005,Session_002
63,1,RIGHT,True,False,hit,False,740.0,30.0,188.3861386138614,30.0,1.0,4,0,4,340.0,202,3.3666666666666667,0.0,0.0,graph_ml,Subject_005,Session_002
64,1,RIGHT,True,False,hit,False,740.0,30.0,295.3757225433526,30.0,0.5722543352601156,4,2,2,340.0,346,5.766666666666667,148.0,2.466666666666667,graph_ml,Subject_005,Session_002
65,1,RIGHT,True,False,hit,False,740.0,30.0,202.97701149425288,30.0,0.9770114942528736,1,1,0,340.0,174,2.9,4.0,0.06666666666666667,graph_ml,Subject_005,Session_002
66,0,LEFT,False,True,timeout_close_weak,False,348.0,288.0,296.38666666666666,206.0,0.8566666666666667,18,4,14,134.0,600,10.0,0.0,0.0,graph_ml,Subject_005,Session_002
67,0,LEFT,False,True,timeout_close_weak,False,232.0,172.0,345.04,172.0,0.465,20,13,7,168.0,600,10.0,0.0,0.0,graph_ml,Subject_005,Session_002
68,1,RIGHT,True,False,hit,False,740.0,30.0,303.14232209737827,30.0,0.602996254681648,17,9,8,340.0,534,8.9,212.0,3.533333333333333,graph_ml,Subject_005,Session_002
69,0,LEFT,False,False,wrong_paddle,False,740.0,680.0,461.5,256.0,0.20833333333333334,15,11,4,84.0,480,8.0,0.0,0.0,graph_ml,Subject_005,Session_002
70,0,LEFT,False,True,timeout_close_weak,False,262.0,202.0,314.8452579034942,180.0,0.6206322795341098,14,10,4,160.0,601,10.016666666666667,2.0,0.03333333333333333,graph_ml,Subject_005,Session_002
71,0,LEFT,False,True,wrong_paddle,False,614.0,554.0,233.37437603993345,56.0,0.8202995008319468,7,0,7,284.0,601,10.016666666666667,0.0,0.0,graph_ml,Subject_005,Session_002
72,1,RIGHT,True,False,hit,False,740.0,30.0,199.0,30.0,1.0,0,0,0,340.0,170,2.8333333333333335,0.0,0.0,graph_ml,Subject_005,Session_002
73,0,LEFT,False,True,timeout_close_weak,False,368.0,308.0,289.86,180.0,0.8066666666666666,13,4,9,160.0,600,10.0,0.0,0.0,graph_ml,Subject_005,Session_002
74,1,RIGHT,True,False,hit,False,740.0,30.0,299.45762711864404,30.0,0.75,10,2,8,340.0,472,7.866666666666666,0.0,0.0,graph_ml,Subject_005,Session_002
75,1,RIGHT,False,True,timeout_wrong,False,278.0,492.0,301.07154742096503,100.0,0.6838602329450915,26,5,21,270.0,601,10.016666666666667,52.0,0.8666666666666667,graph_ml,Subject_005,Session_002
76,0,LEFT,False,True,wrong_paddle,False,696.0,636.0,274.4266666666667,36.0,0.7416666666666667,10,1,9,304.0,600,10.0,0.0,0.0,graph_ml,Subject_005,Session_002
77,1,RIGHT,False,True,timeout_close_weak,False,476.0,294.0,365.4717607973422,112.0,0.47840531561461797,12,6,6,258.0,602,10.033333333333333,0.0,0.0,graph_ml,Subject_005,Session_002
78,1,RIGHT,True,False,hit,False,740.0,30.0,376.9239543726236,30.0,0.34220532319391633,11,9,2,340.0,526,8.766666666666667,346.0,5.766666666666667,graph_ml,Subject_005,Session_002
79,1,RIGHT,True,False,hit,False,740.0,30.0,197.6304347826087,30.0,1.0,2,0,2,340.0,184,3.066666666666667,0.0,0.0,graph_ml,Subject_005,Session_002
80,0,LEFT,False,False,wrong_paddle,False,740.0,680.0,519.2173913043479,342.0,0.0,2,2,0,0.0,184,3.066666666666667,,,graph_ml,Subject_005,Session_002
81,0,LEFT,False,False,wrong_paddle,False,740.0,680.0,450.6681614349776,186.0,0.3430493273542601,7,6,1,154.0,446,7.433333333333334,2.0,0.03333333333333333,graph_ml,Subject_005,Session_002
82,0,LEFT,False,False,wrong_paddle,False,740.0,680.0,434.40425531914894,266.0,0.2730496453900709,4,1,3,74.0,282,4.7,34.0,0.5666666666666667,graph_ml,Subject_005,Session_002
83,1,RIGHT,False,False,wrong_paddle,False,60.0,710.0,534.4257425742575,372.0,0.0,4,4,0,0.0,202,3.3666666666666667,,,graph_ml,Subject_005,Session_002
84,0,LEFT,False,True,timeout_close_strong,False,210.0,150.0,245.1608623548922,8.0,0.6053067993366501,18,7,11,332.0,603,10.05,238.0,3.966666666666667,graph_ml,Subject_005,Session_002
85,0,LEFT,False,True,timeout_close_weak,False,250.0,190.0,223.00664451827242,30.0,0.8438538205980066,9,4,5,310.0,602,10.033333333333333,45.0,0.75,graph_ml,Subject_005,Session_002
86,0,LEFT,True,False,hit,False,60.0,0.0,158.57894736842104,0.0,1.0,2,0,2,340.0,190,3.1666666666666665,0.0,0.0,graph_ml,Subject_005,Session_002
87,1,RIGHT,False,False,wrong_paddle,False,60.0,710.0,467.6666666666667,282.0,0.3372093023255814,1,0,1,88.0,258,4.3,0.0,0.0,graph_ml,Subject_005,Session_002
88,0,LEFT,False,True,wrong_paddle,False,632.0,572.0,384.3820598006645,248.0,0.34219269102990035,15,7,8,92.0,602,10.033333333333333,0.0,0.0,graph_ml,Subject_005,Session_002
89,1,RIGHT,True,False,hit,False,740.0,30.0,199.0,30.0,1.0,0,0,0,340.0,170,2.8333333333333335,0.0,0.0,graph_ml,Subject_005,Session_002
90,1,RIGHT,False,False,wrong_paddle,False,60.0,710.0,515.5979381443299,300.0,0.17783505154639176,8,7,1,70.0,388,6.466666666666667,8.0,0.13333333333333333,graph_ml,Subject_005,Session_002
91,0,LEFT,False,False,wrong_paddle,False,740.0,680.0,411.4537037037037,264.0,0.3449074074074074,10,3,7,76.0,432,7.2,88.0,1.4666666666666666,graph_ml,Subject_005,Session_002
92,0,LEFT,False,True,wrong_paddle,False,604.0,544.0,337.45847176079735,186.0,0.6345514950166113,12,4,8,154.0,602,10.033333333333333,12.0,0.2,graph_ml,Subject_005,Session_002
93,1,RIGHT,False,False,wrong_paddle,False,60.0,710.0,363.3356643356643,130.0,0.5979020979020979,11,1,10,240.0,572,9.533333333333333,0.0,0.0,graph_ml,Subject_005,Session_002
94,1,RIGHT,False,False,wrong_paddle,False,60.0,710.0,516.948275862069,364.0,0.021551724137931036,3,2,1,6.0,232,3.8666666666666667,0.0,0.0,graph_ml,Subject_005,Session_002
95,1,RIGHT,False,True,timeout_wrong,False,328.0,442.0,412.2292358803987,226.0,0.3438538205980066,12,9,3,144.0,602,10.033333333333333,262.0,4.366666666666666,graph_ml,Subject_005,Session_002
96,1,RIGHT,False,True,timeout_wrong,False,324.0,446.0,405.49169435215947,216.0,0.42857142857142855,12,6,6,154.0,602,10.033333333333333,0.0,0.0,graph_ml,Subject_005,Session_002
97,1,RIGHT,True,False,hit,False,740.0,30.0,235.17142857142858,30.0,0.8785714285714286,9,1,8,340.0,280,4.666666666666667,34.0,0.5666666666666667,graph_ml,Subject_005,Session_002
98,1,RIGHT,True,False,hit,False,740.0,30.0,316.3020833333333,30.0,0.4427083333333333,2,2,0,340.0,384,6.4,214.0,3.566666666666667,graph_ml,Subject_005,Session_002
99,0,LEFT,False,False,wrong_paddle,False,740.0,680.0,447.64516129032256,294.0,0.14516129032258066,3,2,1,46.0,310,5.166666666666667,0.0,0.0,graph_ml,Subject_005,Session_002
0,0,LEFT,True,False,hit,False,60.0,0.0,222.1061224489796,0.0,0.7877551020408163,19,10,9,340.0,245,4.083333333333333,19.0,0.31666666666666665,graph_ml,Subject_006,Session_002
1,0,LEFT,True,False,hit,False,60.0,0.0,173.26,0.0,1.0,4,0,4,340.0,200,3.3333333333333335,0.0,0.0,graph_ml,Subject_006,Session_002
2,1,RIGHT,False,True,timeout_wrong,True,368.0,402.0,427.6754966887417,304.0,0.2913907284768212,24,18,6,66.0,604,10.066666666666666,14.0,0.23333333333333334,graph_ml,Subject_006,Session_002
3,1,RIGHT,False,True,wrong_paddle,True,186.0,584.0,465.1314475873544,228.0,0.2978369384359401,25,20,5,142.0,601,10.016666666666667,0.0,0.0,graph_ml,Subject_006,Session_002
4,1,RIGHT,True,False,hit,False,740.0,30.0,167.11724137931034,30.0,1.0,38,0,38,340.0,580,9.666666666666666,0.0,0.0,graph_ml,Subject_006,Session_002
5,1,RIGHT,False,True,timeout_close_strong,False,628.0,142.0,246.9933774834437,74.0,0.9884105960264901,17,1,16,296.0,604,10.066666666666666,0.0,0.0,graph_ml,Subject_006,Session_002
6,1,RIGHT,False,True,timeout_wrong,False,294.0,476.0,408.17578772802653,182.0,0.3648424543946932,13,8,5,188.0,603,10.05,0.0,0.0,graph_ml,Subject_006,Session_002
7,1,RIGHT,True,False,hit,False,740.0,30.0,248.91304347826087,30.0,0.8881987577639752,10,2,8,340.0,322,5.366666666666666,0.0,0.0,graph_ml,Subject_006,Session_002
8,0,LEFT,False,True,wrong_paddle,True,676.0,616.0,535.1125827814569,342.0,0.0,22,22,0,0.0,604,10.066666666666666,,,graph_ml,Subject_006,Session_002
9,1,RIGHT,False,False,wrong_paddle,True,60.0,710.0,531.8555555555556,368.0,0.002777777777777778,23,22,1,2.0,360,6.0,2.0,0.03333333333333333,graph_ml,Subject_006,Session_002
10,1,RIGHT,True,False,hit,False,740.0,30.0,240.22608695652173,30.0,1.0,18,0,18,340.0,460,7.666666666666667,0.0,0.0,graph_ml,Subject_006,Session_002
11,1,RIGHT,False,False,wrong_paddle,False,60.0,710.0,532.0782608695653,370.0,0.0,8,8,0,0.0,230,3.8333333333333335,,,graph_ml,Subject_006,Session_002
12,0,LEFT,False,True,timeout_wrong,True,478.0,418.0,374.0396694214876,216.0,0.3834710743801653,26,18,8,124.0,605,10.083333333333334,30.0,0.5,graph_ml,Subject_006,Session_002
13,0,LEFT,False,False,wrong_paddle,False,740.0,680.0,441.98728813559325,244.0,0.22033898305084745,12,10,2,96.0,472,7.866666666666666,34.0,0.5666666666666667,graph_ml,Subject_006,Session_002
14,0,LEFT,True,False,hit,False,60.0,0.0,210.41666666666666,0.0,1.0,12,0,12,340.0,384,6.4,0.0,0.0,graph_ml,Subject_006,Session_002
15,0,LEFT,False,False,wrong_paddle,False,740.0,680.0,500.51020408163265,338.0,0.003401360544217687,8,7,1,2.0,294,4.9,18.0,0.3,graph_ml,Subject_006,Session_002
16,0,LEFT,False,False,wrong_paddle,False,740.0,680.0,446.9850746268657,286.0,0.23507462686567165,10,5,5,54.0,268,4.466666666666667,18.0,0.3,graph_ml,Subject_006,Session_002
17,0,LEFT,False,False,wrong_paddle,False,740.0,680.0,511.0,342.0,0.0,0,0,0,0.0,170,2.8333333333333335,,,graph_ml,Subject_006,Session_002
18,1,RIGHT,True,False,hit,False,740.0,30.0,196.12727272727273,30.0,0.9681818181818181,4,1,3,340.0,220,3.6666666666666665,0.0,0.0,graph_ml,Subject_006,Session_002
19,0,LEFT,False,False,wrong_paddle,False,740.0,680.0,503.2736842105263,338.0,0.005263157894736842,4,4,0,2.0,190,3.1666666666666665,0.0,0.0,graph_ml,Subject_006,Session_002
20,1,RIGHT,False,True,timeout_close_weak,True,578.0,192.0,381.2437810945274,190.0,0.3333333333333333,31,20,11,180.0,603,10.05,0.0,0.0,graph_ml,Subject_006,Session_002
21,0,LEFT,False,True,wrong_paddle,True,688.0,628.0,448.8675496688742,304.0,0.06291390728476821,24,22,2,36.0,604,10.066666666666666,24.0,0.4,graph_ml,Subject_006,Session_002
22,1,RIGHT,True,False,hit,False,740.0,30.0,333.45871559633025,30.0,0.5114678899082569,18,7,11,340.0,436,7.266666666666667,0.0,0.0,graph_ml,Subject_006,Session_002
23,0,LEFT,False,True,wrong_paddle,False,664.0,604.0,454.97350993377484,330.0,0.014900662251655629,10,9,1,10.0,604,10.066666666666666,170.0,2.8333333333333335,graph_ml,Subject_006,Session_002
24,0,LEFT,False,False,wrong_paddle,False,740.0,680.0,532.0674846625767,342.0,0.0,4,4,0,0.0,326,5.433333333333334,,,graph_ml,Subject_006,Session_002
25,1,RIGHT,False,True,timeout_close_weak,False,540.0,230.0,328.49006622516555,214.0,0.7864238410596026,33,7,26,156.0,604,10.066666666666666,0.0,0.0,graph_ml,Subject_006,Session_002
26,1,RIGHT,True,False,hit,False,740.0,30.0,238.10526315789474,30.0,0.944078947368421,8,1,7,340.0,304,5.066666666666666,0.0,0.0,graph_ml,Subject_006,Session_002
27,1,RIGHT,True,False,hit,False,740.0,30.0,268.27945205479455,30.0,0.7123287671232876,14,2,12,340.0,365,6.083333333333333,105.0,1.75,graph_ml,Subject_006,Session_002
28,1,RIGHT,False,False,wrong_paddle,False,60.0,710.0,541.0,372.0,0.0,0,0,0,0.0,170,2.8333333333333335,,,graph_ml,Subject_006,Session_002
29,0,LEFT,True,False,hit,False,60.0,0.0,176.04920913884007,0.0,0.81195079086116,36,8,28,340.0,569,9.483333333333333,59.0,0.9833333333333333,graph_ml,Subject_006,Session_002
30,1,RIGHT,False,True,timeout_close_weak,True,532.0,238.0,474.3156146179402,238.0,0.11129568106312292,25,24,1,132.0,602,10.033333333333333,476.0,7.933333333333334,graph_ml,Subject_006,Session_002
31,0,LEFT,False,True,timeout_close_weak,False,304.0,244.0,377.27242524916943,184.0,0.44518272425249167,19,10,9,156.0,602,10.033333333333333,0.0,0.0,graph_ml,Subject_006,Session_002
32,0,LEFT,True,False,hit,False,60.0,0.0,169.0,0.0,1.0,0,0,0,340.0,170,2.8333333333333335,0.0,0.0,graph_ml,Subject_006,Session_002
33,0,LEFT,True,False,hit,False,60.0,0.0,178.08695652173913,0.0,0.9728260869565217,4,1,3,340.0,184,3.066666666666667,0.0,0.0,graph_ml,Subject_006,Session_002
34,1,RIGHT,False,False,wrong_paddle,False,60.0,710.0,469.0246913580247,296.0,0.30246913580246915,12,6,6,74.0,324,5.4,18.0,0.3,graph_ml,Subject_006,Session_002
35,0,LEFT,False,True,timeout_wrong,False,516.0,456.0,227.46357615894038,56.0,0.8576158940397351,13,3,10,284.0,604,10.066666666666666,0.0,0.0,graph_ml,Subject_006,Session_002
36,0,LEFT,False,True,timeout_wrong,True,564.0,504.0,522.5083056478405,334.0,0.008305647840531562,35,34,1,6.0,602,10.033333333333333,0.0,0.0,graph_ml,Subject_006,Session_002
37,1,RIGHT,False,False,wrong_paddle,False,60.0,710.0,548.8444444444444,372.0,0.0,4,4,0,0.0,180,3.0,,,graph_ml,Subject_006,Session_002
38,1,RIGHT,False,True,timeout_close_weak,False,466.0,304.0,381.43760399334445,228.0,0.4841930116472546,14,8,6,142.0,601,10.016666666666667,0.0,0.0,graph_ml,Subject_006,Session_002
39,0,LEFT,False,True,timeout_close_weak,False,358.0,298.0,319.6372712146423,162.0,0.5440931780366056,21,12,9,178.0,601,10.016666666666667,0.0,0.0,graph_ml,Subject_006,Session_002
40,1,RIGHT,True,False,hit,False,740.0,30.0,172.98305084745763,30.0,1.0,6,0,6,340.0,236,3.933333333333333,0.0,0.0,graph_ml,Subject_006,Session_002
41,0,LEFT,False,True,wrong_paddle,True,700.0,640.0,516.7275747508305,342.0,0.0,20,20,0,0.0,602,10.033333333333333,,,graph_ml,Subject_006,Session_002
42,0,LEFT,False,True,timeout_close_weak,True,258.0,198.0,424.4891846921797,158.0,0.22961730449251247,29,23,6,182.0,601,10.016666666666667,0.0,0.0,graph_ml,Subject_006,Session_002
43,1,RIGHT,False,True,timeout_wrong,True,240.0,530.0,520.4701986754967,344.0,0.054635761589403975,30,25,5,26.0,604,10.066666666666666,0.0,0.0,graph_ml,Subject_006,Session_002
44,0,LEFT,False,True,wrong_paddle,False,628.0,568.0,351.03986710963454,230.0,0.6445182724252492,27,5,22,110.0,602,10.033333333333333,0.0,0.0,graph_ml,Subject_006,Session_002
45,0,LEFT,False,True,timeout_close_weak,False,306.0,246.0,307.6638935108153,144.0,0.6173044925124792,13,6,7,196.0,601,10.016666666666667,0.0,0.0,graph_ml,Subject_006,Session_002
46,1,RIGHT,True,False,hit,False,740.0,30.0,237.7642276422764,30.0,0.9634146341463414,13,2,11,340.0,246,4.1,6.0,0.1,graph_ml,Subject_006,Session_002
47,1,RIGHT,True,False,hit,False,740.0,30.0,167.5072463768116,30.0,1.0,12,0,12,340.0,276,4.6,0.0,0.0,graph_ml,Subject_006,Session_002
48,1,RIGHT,False,True,wrong_paddle,True,178.0,592.0,507.48752079866887,320.0,0.08153078202995008,22,21,1,50.0,601,10.016666666666667,0.0,0.0,graph_ml,Subject_006,Session_002
49,0,LEFT,False,True,timeout_wrong,True,572.0,512.0,433.04651162790697,326.0,0.03322259136212625,25,23,2,14.0,602,10.033333333333333,400.0,6.666666666666667,graph_ml,Subject_006,Session_002
50,0,LEFT,False,True,timeout_close_strong,True,184.0,124.0,462.91333333333336,124.0,0.22166666666666668,24,19,5,216.0,600,10.0,0.0,0.0,graph_ml,Subject_006,Session_002
51,1,RIGHT,False,False,wrong_paddle,True,60.0,710.0,528.2121212121212,372.0,0.0,20,20,0,0.0,528,8.8,,,graph_ml,Subject_006,Session_002
52,0,LEFT,True,False,hit,False,60.0,0.0,206.82142857142858,0.0,0.8571428571428571,7,3,4,340.0,224,3.7333333333333334,32.0,0.5333333333333333,graph_ml,Subject_006,Session_002
53,1,RIGHT,False,False,wrong_paddle,True,60.0,710.0,482.97833935018053,334.0,0.0631768953068592,24,23,1,36.0,554,9.233333333333333,302.0,5.033333333333333,graph_ml,Subject_006,Session_002
54,1,RIGHT,False,False,wrong_paddle,False,60.0,710.0,579.2428571428571,372.0,0.0,10,10,0,0.0,280,4.666666666666667,,,graph_ml,Subject_006,Session_002
55,0,LEFT,False,True,timeout_close_strong,False,188.0,128.0,264.6455906821963,128.0,0.8951747088186356,28,2,26,212.0,601,10.016666666666667,63.0,1.05,graph_ml,Subject_006,Session_002
56,1,RIGHT,False,False,wrong_paddle,True,60.0,710.0,516.8752327746741,352.0,0.09124767225325885,18,15,3,18.0,537,8.95,9.0,0.15,graph_ml,Subject_006,Session_002
57,0,LEFT,True,False,hit,False,60.0,0.0,139.5222222222222,0.0,0.9611111111111111,7,1,6,340.0,360,6.0,14.0,0.23333333333333334,graph_ml,Subject_006,Session_002
58,0,LEFT,False,True,timeout_close_strong,False,86.0,26.0,281.9667221297837,26.0,0.6855241264559068,28,7,21,314.0,601,10.016666666666667,0.0,0.0,graph_ml,Subject_006,Session_002
59,1,RIGHT,True,False,hit,False,740.0,30.0,299.7027027027027,30.0,0.6644144144144144,12,5,7,340.0,444,7.4,0.0,0.0,graph_ml,Subject_006,Session_002
60,0,LEFT,True,False,hit,False,60.0,0.0,314.73333333333335,0.0,0.44285714285714284,14,12,2,340.0,420,7.0,0.0,0.0,graph_ml,Subject_006,Session_002
61,1,RIGHT,False,True,wrong_paddle,True,118.0,652.0,507.1613976705491,334.0,0.1064891846921797,22,18,4,36.0,601,10.016666666666667,0.0,0.0,graph_ml,Subject_006,Session_002
62,1,RIGHT,False,False,wrong_paddle,False,60.0,710.0,533.5826771653543,372.0,0.0,12,12,0,0.0,254,4.233333333333333,,,graph_ml,Subject_006,Session_002
63,0,LEFT,False,True,timeout_close_weak,False,398.0,338.0,418.38602329450913,256.0,0.17970049916805325,16,14,2,84.0,601,10.016666666666667,228.0,3.8,graph_ml,Subject_006,Session_002
64,0,LEFT,False,False,wrong_paddle,False,740.0,680.0,452.9307692307692,330.0,0.046153846153846156,6,4,2,10.0,260,4.333333333333333,62.0,1.0333333333333334,graph_ml,Subject_006,Session_002
65,0,LEFT,False,True,timeout_close_weak,True,298.0,238.0,452.661101836394,238.0,0.11185308848080133,24,22,2,102.0,599,9.983333333333333,0.0,0.0,graph_ml,Subject_006,Session_002
66,0,LEFT,False,False,wrong_paddle,False,740.0,680.0,468.95437262357416,284.0,0.10646387832699619,12,10,2,56.0,526,8.766666666666667,212.0,3.533333333333333,graph_ml,Subject_006,Session_002
67,1,RIGHT,True,False,hit,False,740.0,30.0,267.7304347826087,30.0,0.9217391304347826,22,2,20,340.0,460,7.666666666666667,0.0,0.0,graph_ml,Subject_006,Session_002
68,0,LEFT,False,False,wrong_paddle,True,740.0,680.0,456.74054054054056,286.0,0.14324324324324325,16,15,1,54.0,370,6.166666666666667,108.0,1.8,graph_ml,Subject_006,Session_002
69,0,LEFT,False,False,wrong_paddle,False,740.0,680.0,395.873840445269,196.0,0.3432282003710575,16,9,7,144.0,539,8.983333333333333,71.0,1.1833333333333333,graph_ml,Subject_006,Session_002
70,1,RIGHT,True,False,hit,False,740.0,30.0,294.45765765765765,30.0,0.5081081081081081,24,14,10,340.0,555,9.25,273.0,4.55,graph_ml,Subject_006,Session_002
71,1,RIGHT,True,False,hit,True,740.0,30.0,389.1684210526316,30.0,0.2982456140350877,17,17,0,340.0,570,9.5,400.0,6.666666666666667,graph_ml,Subject_006,Session_002
72,0,LEFT,False,False,wrong_paddle,False,740.0,680.0,503.9878048780488,332.0,0.021341463414634148,3,2,1,8.0,328,5.466666666666667,0.0,0.0,graph_ml,Subject_006,Session_002
73,1,RIGHT,True,False,hit,False,740.0,30.0,290.16849816849816,30.0,0.575091575091575,18,8,10,340.0,546,9.1,232.0,3.8666666666666667,graph_ml,Subject_006,Session_002
74,0,LEFT,False,False,wrong_paddle,False,740.0,680.0,456.8,264.0,0.20172413793103447,16,11,5,76.0,580,9.666666666666666,8.0,0.13333333333333333,graph_ml,Subject_006,Session_002
75,1,RIGHT,True,False,hit,False,740.0,30.0,252.01724137931035,30.0,0.7327586206896551,5,5,0,340.0,232,3.8666666666666667,62.0,1.0333333333333334,graph_ml,Subject_006,Session_002
76,1,RIGHT,True,False,hit,False,740.0,30.0,180.71900826446281,30.0,0.9504132231404959,7,1,6,340.0,242,4.033333333333333,12.0,0.2,graph_ml,Subject_006,Session_002
77,1,RIGHT,True,False,hit,False,740.0,30.0,220.26153846153846,30.0,0.9980769230769231,16,1,15,340.0,520,8.666666666666666,0.0,0.0,graph_ml,Subject_006,Session_002
78,1,RIGHT,True,False,hit,False,740.0,30.0,254.32530120481928,30.0,0.6596385542168675,17,10,7,340.0,332,5.533333333333333,14.0,0.23333333333333334,graph_ml,Subject_006,Session_002
79,0,LEFT,True,False,hit,False,60.0,0.0,189.91286307053943,0.0,0.9543568464730291,19,1,18,340.0,482,8.033333333333333,22.0,0.36666666666666664,graph_ml,Subject_006,Session_002
80,1,RIGHT,True,False,hit,True,740.0,30.0,319.94160583941607,30.0,0.4489051094890511,32,20,12,340.0,548,9.133333333333333,0.0,0.0,graph_ml,Subject_006,Session_002
81,1,RIGHT,True,False,hit,False,740.0,30.0,199.0,30.0,1.0,0,0,0,340.0,170,2.8333333333333335,0.0,0.0,graph_ml,Subject_006,Session_002
82,1,RIGHT,True,False,hit,False,740.0,30.0,224.6778523489933,30.0,0.9798657718120806,19,1,18,340.0,298,4.966666666666667,6.0,0.1,graph_ml,Subject_006,Session_002
83,1,RIGHT,False,True,wrong_paddle,True,212.0,558.0,427.8666666666667,270.0,0.4216666666666667,28,17,11,100.0,600,10.0,0.0,0.0,graph_ml,Subject_006,Session_002
84,0,LEFT,False,False,wrong_paddle,False,740.0,680.0,447.58947368421053,278.0,0.1631578947368421,12,10,2,62.0,380,6.333333333333333,26.0,0.43333333333333335,graph_ml,Subject_006,Session_002
85,1,RIGHT,True,False,hit,False,740.0,30.0,172.89115646258503,30.0,1.0,12,0,12,340.0,294,4.9,0.0,0.0,graph_ml,Subject_006,Session_002
86,1,RIGHT,True,False,hit,False,740.0,30.0,272.1744186046512,30.0,0.6366279069767442,15,8,7,340.0,344,5.733333333333333,102.0,1.7,graph_ml,Subject_006,Session_002
87,0,LEFT,False,True,timeout_wrong,False,476.0,416.0,364.52666666666664,168.0,0.445,19,8,11,172.0,600,10.0,0.0,0.0,graph_ml,Subject_006,Session_002
88,0,LEFT,False,False,wrong_paddle,False,740.0,680.0,512.7894736842105,342.0,0.0,2,2,0,0.0,190,3.1666666666666665,,,graph_ml,Subject_006,Session_002
89,1,RIGHT,True,False,hit,False,740.0,30.0,169.16988416988417,30.0,1.0,34,0,34,340.0,518,8.633333333333333,0.0,0.0,graph_ml,Subject_006,Session_002
90,0,LEFT,True,False,hit,False,60.0,0.0,148.5818181818182,0.0,0.9272727272727272,19,1,18,340.0,440,7.333333333333333,32.0,0.5333333333333333,graph_ml,Subject_006,Session_002
91,0,LEFT,False,True,wrong_paddle,True,630.0,570.0,451.77703826955076,288.0,0.09317803660565724,29,27,2,52.0,601,10.016666666666667,0.0,0.0,graph_ml,Subject_006,Session_002
92,0,LEFT,False,False,wrong_paddle,False,740.0,680.0,472.4594594594595,342.0,0.0,8,8,0,0.0,296,4.933333333333334,,,graph_ml,Subject_006,Session_002
93,1,RIGHT,False,True,timeout_close_weak,True,578.0,192.0,361.59068219633946,180.0,0.39267886855241263,32,22,10,190.0,601,10.016666666666667,232.0,3.8666666666666667,graph_ml,Subject_006,Session_002
94,1,RIGHT,False,True,timeout_wrong,True,370.0,400.0,448.1597337770383,270.0,0.16472545757071547,21,20,1,100.0,601,10.016666666666667,390.0,6.5,graph_ml,Subject_006,Session_002
95,0,LEFT,False,False,wrong_paddle,False,740.0,680.0,456.86619718309856,266.0,0.34507042253521125,26,12,14,74.0,568,9.466666666666667,6.0,0.1,graph_ml,Subject_006,Session_002
96,0,LEFT,False,False,wrong_paddle,False,740.0,680.0,504.46938775510205,342.0,0.0,10,10,0,0.0,196,3.2666666666666666,,,graph_ml,Subject_006,Session_002
97,0,LEFT,False,False,wrong_paddle,False,740.0,680.0,524.5,342.0,0.0,4,4,0,0.0,200,3.3333333333333335,,,graph_ml,Subject_006,Session_002
98,1,RIGHT,True,False,hit,False,740.0,30.0,245.8100358422939,30.0,0.8602150537634409,21,5,16,340.0,558,9.3,78.0,1.3,graph_ml,Subject_006,Session_002
99,0,LEFT,False,True,timeout_wrong,False,516.0,456.0,318.2,160.0,0.6416666666666667,26,7,19,180.0,600,10.0,0.0,0.0,graph_ml,Subject_006,Session_002
0,1,RIGHT,False,True,wrong_paddle,True,112.0,658.0,557.8422818791946,370.0,0.0,52,52,0,0.0,596,9.933333333333334,,,graph_ml,Subject_006,Session_003
1,1,RIGHT,False,True,timeout_close_weak,False,420.0,350.0,330.7009966777409,158.0,0.659468438538206,39,20,19,212.0,602,10.033333333333333,12.0,0.2,graph_ml,Subject_006,Session_003
2,1,RIGHT,True,False,hit,False,740.0,30.0,199.0,30.0,1.0,0,0,0,340.0,170,2.8333333333333335,0.0,0.0,graph_ml,Subject_006,Session_003
3,0,LEFT,False,False,wrong_paddle,False,740.0,680.0,511.0,342.0,0.0,0,0,0,0.0,170,2.8333333333333335,,,graph_ml,Subject_006,Session_003
4,0,LEFT,False,True,timeout_close_weak,False,396.0,336.0,275.15806988352745,86.0,0.7254575707154742,11,5,6,254.0,601,10.016666666666667,75.0,1.25,graph_ml,Subject_006,Session_003
5,1,RIGHT,True,False,hit,False,740.0,30.0,284.20388349514565,30.0,0.6601941747572816,11,5,6,340.0,412,6.866666666666666,140.0,2.3333333333333335,graph_ml,Subject_006,Session_003
6,0,LEFT,False,True,timeout_wrong,False,512.0,452.0,384.202657807309,288.0,0.26578073089701,23,11,12,52.0,602,10.033333333333333,0.0,0.0,graph_ml,Subject_006,Session_003
7,1,RIGHT,False,False,wrong_paddle,False,60.0,710.0,396.35135135135135,202.0,0.4983108108108108,15,8,7,168.0,592,9.866666666666667,0.0,0.0,graph_ml,Subject_006,Session_003
8,1,RIGHT,True,False,hit,False,740.0,30.0,219.69333333333333,30.0,0.8666666666666667,11,1,10,340.0,300,5.0,40.0,0.6666666666666666,graph_ml,Subject_006,Session_003
9,0,LEFT,False,False,wrong_paddle,False,740.0,680.0,415.76576576576576,236.0,0.3310810810810811,21,14,7,104.0,444,7.4,0.0,0.0,graph_ml,Subject_006,Session_003
10,0,LEFT,True,False,hit,False,60.0,0.0,151.53472222222223,0.0,0.8975694444444444,16,3,13,340.0,576,9.6,0.0,0.0,graph_ml,Subject_006,Session_003
11,0,LEFT,True,False,hit,False,60.0,0.0,143.5391304347826,0.0,1.0,4,0,4,340.0,230,3.8333333333333335,0.0,0.0,graph_ml,Subject_006,Session_003
12,0,LEFT,True,False,hit,False,60.0,0.0,169.0,0.0,1.0,0,0,0,340.0,170,2.8333333333333335,0.0,0.0,graph_ml,Subject_006,Session_003
13,0,LEFT,True,False,hit,False,60.0,0.0,189.56944444444446,0.0,0.9444444444444444,3,1,2,340.0,288,4.8,16.0,0.26666666666666666,graph_ml,Subject_006,Session_003
14,1,RIGHT,False,True,timeout_close_weak,False,434.0,336.0,301.81031613976705,194.0,0.9201331114808652,11,2,9,176.0,601,10.016666666666667,0.0,0.0,graph_ml,Subject_006,Session_003
15,1,RIGHT,False,True,timeout_wrong,False,358.0,412.0,228.69217970049917,68.0,0.9068219633943427,20,3,17,302.0,601,10.016666666666667,0.0,0.0,graph_ml,Subject_006,Session_003
16,0,LEFT,False,False,wrong_paddle,False,740.0,680.0,460.3573333333333,316.0,0.12,13,10,3,24.0,375,6.25,1.0,0.016666666666666666,graph_ml,Subject_006,Session_003
17,1,RIGHT,False,True,wrong_paddle,False,228.0,542.0,505.75083056478405,334.0,0.05813953488372093,14,13,1,36.0,602,10.033333333333333,20.0,0.3333333333333333,graph_ml,Subject_006,Session_003
18,1,RIGHT,True,False,hit,False,740.0,30.0,182.26027397260273,30.0,1.0,16,0,16,340.0,292,4.866666666666666,0.0,0.0,graph_ml,Subject_006,Session_003
19,0,LEFT,False,True,timeout_wrong,False,418.0,358.0,385.06156405990015,130.0,0.34775374376039936,11,10,1,210.0,601,10.016666666666667,78.0,1.3,graph_ml,Subject_006,Session_003
20,1,RIGHT,False,False,wrong_paddle,False,60.0,710.0,428.2355212355212,252.0,0.3030888030888031,11,6,5,118.0,518,8.633333333333333,0.0,0.0,graph_ml,Subject_006,Session_003
21,0,LEFT,False,False,wrong_paddle,False,740.0,680.0,523.4328358208955,342.0,0.0,2,2,0,0.0,268,4.466666666666667,,,graph_ml,Subject_006,Session_003
22,0,LEFT,False,False,wrong_paddle,False,740.0,680.0,511.0,342.0,0.0,0,0,0,0.0,170,2.8333333333333335,,,graph_ml,Subject_006,Session_003
23,0,LEFT,True,False,hit,False,60.0,0.0,184.22429906542055,0.0,0.8598130841121495,5,1,4,340.0,214,3.566666666666667,30.0,0.5,graph_ml,Subject_006,Session_003
24,1,RIGHT,True,False,hit,False,740.0,30.0,182.76119402985074,30.0,1.0,4,0,4,340.0,268,4.466666666666667,0.0,0.0,graph_ml,Subject_006,Session_003
25,1,RIGHT,True,False,hit,False,740.0,30.0,335.68989547038325,30.0,0.4634146341463415,7,3,4,340.0,574,9.566666666666666,308.0,5.133333333333334,graph_ml,Subject_006,Session_003
26,1,RIGHT,True,False,hit,False,740.0,30.0,320.55506607929516,30.0,0.4669603524229075,8,4,4,340.0,454,7.566666666666666,168.0,2.8,graph_ml,Subject_006,Session_003
27,1,RIGHT,False,True,timeout_close_weak,False,476.0,294.0,215.54,130.0,1.0,33,0,33,240.0,600,10.0,0.0,0.0,graph_ml,Subject_006,Session_003
28,0,LEFT,False,False,wrong_paddle,False,740.0,680.0,503.314606741573,340.0,0.0,1,1,0,0.0,178,2.966666666666667,,,graph_ml,Subject_006,Session_003
29,1,RIGHT,True,False,hit,False,740.0,30.0,266.158273381295,30.0,0.8075539568345323,11,4,7,340.0,556,9.266666666666667,96.0,1.6,graph_ml,Subject_006,Session_003
30,0,LEFT,False,False,wrong_paddle,False,740.0,680.0,511.0,342.0,0.0,0,0,0,0.0,170,2.8333333333333335,,,graph_ml,Subject_006,Session_003
31,0,LEFT,True,False,hit,False,60.0,0.0,248.51612903225808,0.0,0.771505376344086,7,2,5,340.0,372,6.2,12.0,0.2,graph_ml,Subject_006,Session_003
32,1,RIGHT,False,True,wrong_paddle,False,224.0,546.0,359.0933333333333,216.0,0.625,18,7,11,154.0,600,10.0,0.0,0.0,graph_ml,Subject_006,Session_003
33,1,RIGHT,False,False,wrong_paddle,False,60.0,710.0,559.3653846153846,372.0,0.0,4,4,0,0.0,208,3.466666666666667,,,graph_ml,Subject_006,Session_003
34,0,LEFT,False,True,timeout_close_strong,False,190.0,130.0,312.10016694490815,94.0,0.5709515859766278,21,9,12,246.0,599,9.983333333333333,0.0,0.0,graph_ml,Subject_006,Session_003
35,0,LEFT,True,False,hit,False,60.0,0.0,252.4485294117647,0.0,0.6194852941176471,11,2,9,340.0,544,9.066666666666666,136.0,2.2666666666666666,graph_ml,Subject_006,Session_003
36,0,LEFT,False,True,timeout_close_strong,False,202.0,142.0,291.77,142.0,0.7666666666666667,14,7,7,198.0,600,10.0,111.0,1.85,graph_ml,Subject_006,Session_003
37,1,RIGHT,False,True,wrong_paddle,False,190.0,580.0,489.9332220367279,326.0,0.07178631051752922,13,12,1,44.0,599,9.983333333333333,0.0,0.0,graph_ml,Subject_006,Session_003
38,0,LEFT,False,True,timeout_close_strong,True,154.0,94.0,397.008347245409,94.0,0.20534223706176963,19,19,0,246.0,599,9.983333333333333,476.0,7.933333333333334,graph_ml,Subject_006,Session_003
39,1,RIGHT,False,True,timeout_close_strong,False,598.0,172.0,245.15191986644408,88.0,0.9515859766277128,17,1,16,282.0,599,9.983333333333333,0.0,0.0,graph_ml,Subject_006,Session_003
40,1,RIGHT,False,False,wrong_paddle,False,60.0,710.0,463.5028571428571,334.0,0.18285714285714286,11,9,2,36.0,350,5.833333333333333,0.0,0.0,graph_ml,Subject_006,Session_003
41,0,LEFT,False,True,timeout_wrong,True,458.0,398.0,426.3238731218698,252.0,0.20868113522537562,20,17,3,88.0,599,9.983333333333333,388.0,6.466666666666667,graph_ml,Subject_006,Session_003
42,0,LEFT,True,False,hit,False,60.0,0.0,171.71698113207546,0.0,1.0,4,0,4,340.0,212,3.533333333333333,0.0,0.0,graph_ml,Subject_006,Session_003
43,1,RIGHT,False,False,wrong_paddle,False,60.0,710.0,541.0,372.0,0.0,0,0,0,0.0,170,2.8333333333333335,,,graph_ml,Subject_006,Session_003
44,0,LEFT,True,False,hit,False,60.0,0.0,256.5,0.0,0.6858108108108109,22,8,14,340.0,592,9.866666666666667,0.0,0.0,graph_ml,Subject_006,Session_003
45,0,LEFT,False,True,timeout_close_weak,False,250.0,190.0,246.32387312186978,78.0,0.8380634390651085,27,2,25,262.0,599,9.983333333333333,8.0,0.13333333333333333,graph_ml,Subject_006,Session_003
46,1,RIGHT,False,False,wrong_paddle,False,60.0,710.0,487.2173913043478,366.0,0.010869565217391304,8,7,1,4.0,276,4.6,42.0,0.7,graph_ml,Subject_006,Session_003
47,1,RIGHT,False,False,wrong_paddle,False,60.0,710.0,509.9830508474576,288.0,0.2288135593220339,9,8,1,82.0,354,5.9,0.0,0.0,graph_ml,Subject_006,Session_003
48,0,LEFT,False,True,timeout_close_weak,False,358.0,298.0,306.97829716193655,146.0,0.659432387312187,17,2,15,194.0,599,9.983333333333333,0.0,0.0,graph_ml,Subject_006,Session_003
49,1,RIGHT,True,False,hit,False,740.0,30.0,220.93243243243242,30.0,0.9054054054054054,7,1,6,340.0,296,4.933333333333334,28.0,0.4666666666666667,graph_ml,Subject_006,Session_003
50,1,RIGHT,False,True,timeout_close_weak,False,432.0,338.0,345.2,142.0,0.535,23,17,6,228.0,600,10.0,0.0,0.0,graph_ml,Subject_006,Session_003
51,0,LEFT,True,False,hit,False,60.0,0.0,169.0,0.0,1.0,0,0,0,340.0,170,2.8333333333333335,0.0,0.0,graph_ml,Subject_006,Session_003
52,0,LEFT,False,True,timeout_close_weak,False,326.0,266.0,275.118530884808,24.0,0.5475792988313857,20,10,10,316.0,599,9.983333333333333,60.0,1.0,graph_ml,Subject_006,Session_003
53,1,RIGHT,False,True,wrong_paddle,False,218.0,552.0,371.3355592654424,210.0,0.5108514190317195,15,9,6,160.0,599,9.983333333333333,0.0,0.0,graph_ml,Subject_006,Session_003
54,0,LEFT,False,True,timeout_close_weak,False,270.0,210.0,268.89447236180905,136.0,0.9112227805695142,19,2,17,204.0,597,9.95,32.0,0.5333333333333333,graph_ml,Subject_006,Session_003
55,0,LEFT,True,False,hit,False,60.0,0.0,169.0,0.0,1.0,0,0,0,340.0,170,2.8333333333333335,0.0,0.0,graph_ml,Subject_006,Session_003
56,0,LEFT,False,True,timeout_wrong,False,568.0,508.0,365.2675585284281,212.0,0.27591973244147155,18,9,9,128.0,598,9.966666666666667,92.0,1.5333333333333334,graph_ml,Subject_006,Session_003
57,1,RIGHT,False,True,timeout_wrong,False,390.0,380.0,336.9582637729549,190.0,0.6911519198664441,12,4,8,180.0,599,9.983333333333333,0.0,0.0,graph_ml,Subject_006,Session_003
58,1,RIGHT,True,False,hit,False,740.0,30.0,217.66666666666666,30.0,0.9523809523809523,5,1,4,340.0,252,4.2,12.0,0.2,graph_ml,Subject_006,Session_003
59,1,RIGHT,False,True,timeout_close_weak,False,566.0,204.0,343.18864774624376,204.0,0.6210350584307178,7,2,5,166.0,599,9.983333333333333,94.0,1.5666666666666667,graph_ml,Subject_006,Session_003
60,1,RIGHT,True,False,hit,False,740.0,30.0,199.0,30.0,1.0,0,0,0,340.0,170,2.8333333333333335,0.0,0.0,graph_ml,Subject_006,Session_003
61,1,RIGHT,True,False,hit,False,740.0,30.0,224.0359712230216,30.0,0.935251798561151,7,1,6,340.0,278,4.633333333333334,18.0,0.3,graph_ml,Subject_006,Session_003
62,0,LEFT,False,False,wrong_paddle,False,740.0,680.0,461.20359281437123,334.0,0.014970059880239521,7,6,1,6.0,334,5.566666666666666,0.0,0.0,graph_ml,Subject_006,Session_003
63,0,LEFT,False,True,timeout_wrong,False,454.0,394.0,449.9163879598662,316.0,0.0451505016722408,15,12,3,24.0,598,9.966666666666667,41.0,0.6833333333333333,graph_ml,Subject_006,Session_003
64,0,LEFT,False,True,wrong_paddle,True,722.0,662.0,430.37061769616025,286.0,0.15025041736227046,23,19,4,54.0,599,9.983333333333333,18.0,0.3,graph_ml,Subject_006,Session_003
65,1,RIGHT,True,False,hit,False,740.0,30.0,200.45222929936307,30.0,1.0,8,0,8,340.0,314,5.233333333333333,0.0,0.0,graph_ml,Subject_006,Session_003
66,1,RIGHT,False,False,wrong_paddle,False,60.0,710.0,523.3140495867768,372.0,0.0,6,6,0,0.0,242,4.033333333333333,,,graph_ml,Subject_006,Session_003
67,0,LEFT,False,True,timeout_close_strong,False,172.0,112.0,193.34782608695653,94.0,1.0,18,0,18,246.0,598,9.966666666666667,0.0,0.0,graph_ml,Subject_006,Session_003
68,0,LEFT,True,False,hit,False,60.0,0.0,295.4920634920635,0.0,0.5456349206349206,9,5,4,340.0,504,8.4,0.0,0.0,graph_ml,Subject_006,Session_003
69,1,RIGHT,False,False,wrong_paddle,False,60.0,710.0,541.0,372.0,0.0,0,0,0,0.0,170,2.8333333333333335,,,graph_ml,Subject_006,Session_003
70,1,RIGHT,True,False,hit,False,740.0,30.0,269.8484848484849,30.0,0.6818181818181818,5,3,2,340.0,264,4.4,84.0,1.4,graph_ml,Subject_006,Session_003
71,1,RIGHT,False,False,wrong_paddle,False,60.0,710.0,440.69348659003833,268.0,0.210727969348659,17,13,4,102.0,522,8.7,0.0,0.0,graph_ml,Subject_006,Session_003
72,0,LEFT,False,False,wrong_paddle,False,740.0,680.0,465.6545454545454,240.0,0.225,12,11,1,100.0,440,7.333333333333333,32.0,0.5333333333333333,graph_ml,Subject_006,Session_003
73,1,RIGHT,False,False,wrong_paddle,True,60.0,710.0,557.7389830508474,338.0,0.05254237288135593,24,23,1,32.0,590,9.833333333333334,38.0,0.6333333333333333,graph_ml,Subject_006,Session_003
74,1,RIGHT,True,False,hit,False,740.0,30.0,306.8471337579618,30.0,0.5414012738853503,7,7,0,340.0,314,5.233333333333333,144.0,2.4,graph_ml,Subject_006,Session_003
75,1,RIGHT,False,True,timeout_wrong,True,394.0,376.0,460.771285475793,324.0,0.15191986644407346,24,21,3,46.0,599,9.983333333333333,394.0,6.566666666666666,graph_ml,Subject_006,Session_003
76,0,LEFT,False,True,timeout_wrong,False,502.0,442.0,433.44816053511704,318.0,0.06020066889632107,15,13,2,22.0,598,9.966666666666667,51.0,0.85,graph_ml,Subject_006,Session_003
77,0,LEFT,True,False,hit,False,60.0,0.0,153.078125,0.0,1.0,14,0,14,340.0,512,8.533333333333333,0.0,0.0,graph_ml,Subject_006,Session_003
78,0,LEFT,True,False,hit,False,60.0,0.0,201.98445595854923,0.0,0.8911917098445595,13,5,8,340.0,386,6.433333333333334,42.0,0.7,graph_ml,Subject_006,Session_003
79,0,LEFT,False,False,wrong_paddle,False,740.0,680.0,494.4421768707483,314.0,0.08503401360544217,5,4,1,26.0,294,4.9,0.0,0.0,graph_ml,Subject_006,Session_003
80,1,RIGHT,False,False,wrong_paddle,False,60.0,710.0,532.6666666666666,372.0,0.0,12,12,0,0.0,288,4.8,,,graph_ml,Subject_006,Session_003
81,0,LEFT,True,False,hit,False,60.0,0.0,335.41975308641975,0.0,0.4444444444444444,11,1,10,340.0,486,8.1,270.0,4.5,graph_ml,Subject_006,Session_003
82,1,RIGHT,False,True,timeout_close_strong,False,620.0,150.0,312.19397993311037,150.0,0.5535117056856187,17,2,15,220.0,598,9.966666666666667,250.0,4.166666666666667,graph_ml,Subject_006,Session_003
83,0,LEFT,True,False,hit,False,60.0,0.0,218.30434782608697,0.0,0.7869565217391304,2,1,1,340.0,230,3.8333333333333335,0.0,0.0,graph_ml,Subject_006,Session_003
84,1,RIGHT,True,False,hit,False,740.0,30.0,236.45736434108528,30.0,0.9224806201550387,14,4,10,340.0,258,4.3,0.0,0.0,graph_ml,Subject_006,Session_003
85,0,LEFT,False,True,timeout_wrong,False,414.0,354.0,385.8230383973289,284.0,0.34390651085141904,21,10,11,56.0,599,9.983333333333333,0.0,0.0,graph_ml,Subject_006,Session_003
86,1,RIGHT,True,False,hit,False,740.0,30.0,197.1969696969697,30.0,1.0,6,0,6,340.0,264,4.4,0.0,0.0,graph_ml,Subject_006,Session_003
87,1,RIGHT,False,False,wrong_paddle,False,60.0,710.0,541.0,372.0,0.0,0,0,0,0.0,170,2.8333333333333335,,,graph_ml,Subject_006,Session_003
88,0,LEFT,True,False,hit,False,60.0,0.0,183.7669172932331,0.0,1.0,8,0,8,340.0,266,4.433333333333334,0.0,0.0,graph_ml,Subject_006,Session_003
89,1,RIGHT,True,False,hit,False,740.0,30.0,255.098814229249,30.0,0.6719367588932806,1,1,0,340.0,253,4.216666666666667,83.0,1.3833333333333333,graph_ml,Subject_006,Session_003
90,0,LEFT,False,True,timeout_wrong,False,532.0,472.0,261.5819397993311,144.0,0.8779264214046822,18,1,17,196.0,598,9.966666666666667,0.0,0.0,graph_ml,Subject_006,Session_003
91,0,LEFT,False,True,wrong_paddle,True,664.0,604.0,431.81333333333333,268.0,0.11833333333333333,18,17,1,72.0,600,10.0,4.0,0.06666666666666667,graph_ml,Subject_006,Session_003
92,1,RIGHT,False,True,wrong_paddle,False,216.0,554.0,394.31772575250835,216.0,0.36622073578595316,16,13,3,154.0,598,9.966666666666667,30.0,0.5,graph_ml,Subject_006,Session_003
93,0,LEFT,False,False,wrong_paddle,False,740.0,680.0,485.13235294117646,342.0,0.0,6,6,0,0.0,272,4.533333333333333,,,graph_ml,Subject_006,Session_003
94,1,RIGHT,False,True,wrong_paddle,True,222.0,548.0,513.7929883138564,338.0,0.05843071786310518,25,22,3,32.0,599,9.983333333333333,54.0,0.9,graph_ml,Subject_006,Session_003
95,1,RIGHT,False,False,wrong_paddle,False,60.0,710.0,519.1607142857143,372.0,0.0,6,6,0,0.0,224,3.7333333333333334,,,graph_ml,Subject_006,Session_003
96,0,LEFT,True,False,hit,False,60.0,0.0,187.69230769230768,0.0,1.0,8,0,8,340.0,208,3.466666666666667,0.0,0.0,graph_ml,Subject_006,Session_003
97,1,RIGHT,False,False,wrong_paddle,False,60.0,710.0,488.74721189591077,320.0,0.22304832713754646,8,4,4,50.0,538,8.966666666666667,28.0,0.4666666666666667,graph_ml,Subject_006,Session_003
98,0,LEFT,True,False,hit,False,60.0,0.0,162.34831460674158,0.0,1.0,4,0,4,340.0,178,2.966666666666667,0.0,0.0,graph_ml,Subject_006,Session_003
99,0,LEFT,False,False,wrong_paddle,False,740.0,680.0,511.0,342.0,0.0,0,0,0,0.0,170,2.8333333333333335,,,graph_ml,Subject_006,Session_003
