trial_id,label,label_name,hit,timed_out,outcome,fighting,final_x,dist_final,mean_dist,min_dist,frac_correct_side,n_reversals,n_reversals_wrong,n_reversals_correct,peak_excursion,n_frames,trial_duration_s,reaction_frames,reaction_s,game,subject,session
0,0,LEFT,False,False,wrong_paddle,False,740.0,680.0,452.2393822393822,340.0,0.0,1,1,0,0.0,259,4.316666666666666,,,neurofeedback,Subject_000,Session_001
1,0,LEFT,False,False,wrong_paddle,False,740.0,680.0,511.0,342.0,0.0,0,0,0,0.0,170,2.8333333333333335,,,neurofeedback,Subject_000,Session_001
2,1,RIGHT,False,False,wrong_paddle,False,60.0,710.0,470.5590551181102,286.0,0.32677165354330706,1,0,1,84.0,254,4.233333333333333,0.0,0.0,neurofeedback,Subject_000,Session_001
3,0,LEFT,False,False,wrong_paddle,False,740.0,680.0,412.7959183673469,220.0,0.41836734693877553,5,0,5,120.0,294,4.9,0.0,0.0,neurofeedback,Subject_000,Session_001
4,0,LEFT,False,False,wrong_paddle,False,740.0,680.0,511.0,342.0,0.0,0,0,0,0.0,170,2.8333333333333335,,,neurofeedback,Subject_000,Session_001
5,1,RIGHT,True,False,hit,False,740.0,30.0,199.0,30.0,1.0,0,0,0,340.0,170,2.8333333333333335,0.0,0.0,neurofeedback,Subject_000,Session_001
6,0,LEFT,False,False,wrong_paddle,False,740.0,680.0,511.0,342.0,0.0,0,0,0,0.0,170,2.8333333333333335,,,neurofeedback,Subject_000,Session_001
7,0,LEFT,False,False,wrong_paddle,False,740.0,680.0,511.0,342.0,0.0,0,0,0,0.0,170,2.8333333333333335,,,neurofeedback,Subject_000,Session_001
8,1,RIGHT,True,False,hit,False,740.0,30.0,183.43939393939394,30.0,1.0,16,0,16,340.0,264,4.4,0.0,0.0,neurofeedback,Subject_000,Session_001
9,1,RIGHT,False,False,wrong_paddle,False,60.0,710.0,368.86324786324786,106.0,0.5790598290598291,17,12,5,264.0,468,7.8,0.0,0.0,neurofeedback,Subject_000,Session_001
10,1,RIGHT,True,False,hit,False,740.0,30.0,244.15315315315314,30.0,0.7657657657657657,8,8,0,340.0,222,3.7,52.0,0.8666666666666667,neurofeedback,Subject_000,Session_001
11,0,LEFT,False,False,wrong_paddle,False,740.0,680.0,507.02197802197804,342.0,0.0,8,8,0,0.0,182,3.033333333333333,,,neurofeedback,Subject_000,Session_001
12,1,RIGHT,True,False,hit,False,740.0,30.0,224.13725490196077,30.0,1.0,20,0,20,340.0,204,3.4,0.0,0.0,neurofeedback,Subject_000,Session_001
13,1,RIGHT,True,False,hit,False,740.0,30.0,199.0,30.0,1.0,0,0,0,340.0,170,2.8333333333333335,0.0,0.0,neurofeedback,Subject_000,Session_001
14,0,LEFT,False,False,wrong_paddle,False,740.0,680.0,511.0,342.0,0.0,0,0,0,0.0,170,2.8333333333333335,,,neurofeedback,Subject_000,Session_001
15,1,RIGHT,True,False,hit,False,740.0,30.0,190.8923076923077,30.0,1.0,18,0,18,340.0,260,4.333333333333333,0.0,0.0,neurofeedback,Subject_000,Session_001
16,0,LEFT,False,False,wrong_paddle,False,740.0,680.0,511.0,342.0,0.0,0,0,0,0.0,170,2.8333333333333335,,,neurofeedback,Subject_000,Session_001
17,1,RIGHT,True,False,hit,False,740.0,30.0,202.95604395604394,30.0,1.0,6,0,6,340.0,182,3.033333333333333,0.0,0.0,neurofeedback,Subject_000,Session_001
18,1,RIGHT,False,False,wrong_paddle,False,60.0,710.0,470.2027972027972,288.0,0.2902097902097902,11,8,3,82.0,286,4.766666666666667,0.0,0.0,neurofeedback,Subject_000,Session_001
19,0,LEFT,False,False,close_weak_early,False,356.0,296.0,231.4505119453925,46.0,0.8549488054607508,40,11,29,294.0,586,9.766666666666667,0.0,0.0,neurofeedback,Subject_000,Session_001
20,1,RIGHT,False,False,wrong_paddle,False,60.0,710.0,538.3829787234042,372.0,0.0,4,4,0,0.0,188,3.1333333333333333,,,neurofeedback,Subject_000,Session_001
21,1,RIGHT,True,False,hit,False,740.0,30.0,241.43103448275863,30.0,0.8017241379310345,5,1,4,340.0,232,3.8666666666666667,46.0,0.7666666666666667,neurofeedback,Subject_000,Session_001
22,0,LEFT,False,False,close_weak_early,True,280.0,220.0,457.36301369863014,220.0,0.10273972602739725,35,35,0,120.0,584,9.733333333333333,524.0,8.733333333333333,neurofeedback,Subject_000,Session_001
23,0,LEFT,True,False,hit,False,60.0,0.0,243.35220125786162,0.0,0.789308176100629,28,5,23,340.0,318,5.3,0.0,0.0,neurofeedback,Subject_000,Session_001
24,0,LEFT,True,False,hit,False,60.0,0.0,289.19354838709677,0.0,0.6013824884792627,24,15,9,340.0,434,7.233333333333333,0.0,0.0,neurofeedback,Subject_000,Session_001
25,1,RIGHT,False,False,wrong_paddle,False,60.0,710.0,541.0,372.0,0.0,0,0,0,0.0,170,2.8333333333333335,,,neurofeedback,Subject_000,Session_001
26,1,RIGHT,False,False,wrong_paddle,False,60.0,710.0,541.0,372.0,0.0,0,0,0,0.0,170,2.8333333333333335,,,neurofeedback,Subject_000,Session_001
27,1,RIGHT,False,False,wrong_paddle,False,60.0,710.0,537.7586206896551,372.0,0.0,4,4,0,0.0,174,2.9,,,neurofeedback,Subject_000,Session_001
28,1,RIGHT,False,False,wrong_early,False,358.0,412.0,380.592082616179,160.0,0.4802065404475043,28,13,15,210.0,581,9.683333333333334,276.0,4.6,neurofeedback,Subject_000,Session_001
0,0,LEFT,False,False,wrong_paddle,False,740.0,680.0,466.94323144104806,340.0,0.0,1,1,0,0.0,229,3.816666666666667,,,neurofeedback,Subject_000,Session_002
1,0,LEFT,False,False,wrong_paddle,False,740.0,680.0,511.0,342.0,0.0,0,0,0,0.0,170,2.8333333333333335,,,neurofeedback,Subject_000,Session_002
2,0,LEFT,True,False,hit,False,60.0,0.0,298.8804347826087,0.0,0.46195652173913043,7,7,0,340.0,368,6.133333333333334,198.0,3.3,neurofeedback,Subject_000,Session_002
3,1,RIGHT,True,False,hit,True,740.0,30.0,401.156378600823,30.0,0.3497942386831276,19,19,0,340.0,486,8.1,316.0,5.266666666666667,neurofeedback,Subject_000,Session_002
4,0,LEFT,False,False,wrong_paddle,False,740.0,680.0,511.0,342.0,0.0,0,0,0,0.0,170,2.8333333333333335,,,neurofeedback,Subject_000,Session_002
5,1,RIGHT,True,False,hit,False,740.0,30.0,199.0,30.0,1.0,0,0,0,340.0,170,2.8333333333333335,0.0,0.0,neurofeedback,Subject_000,Session_002
6,1,RIGHT,False,False,close_weak_early,False,502.0,268.0,180.06239168110918,52.0,1.0,39,0,39,318.0,577,9.616666666666667,0.0,0.0,neurofeedback,Subject_000,Session_002
7,0,LEFT,True,False,hit,False,60.0,0.0,169.0,0.0,1.0,0,0,0,340.0,170,2.8333333333333335,0.0,0.0,neurofeedback,Subject_000,Session_002
8,1,RIGHT,True,False,hit,False,740.0,30.0,383.9672131147541,30.0,0.4016393442622951,11,1,10,340.0,488,8.133333333333333,292.0,4.866666666666666,neurofeedback,Subject_000,Session_002
9,0,LEFT,False,False,wrong_paddle,False,740.0,680.0,488.1111111111111,342.0,0.0,10,10,0,0.0,216,3.6,,,neurofeedback,Subject_000,Session_002
10,0,LEFT,False,False,wrong_paddle,False,740.0,680.0,511.48275862068965,342.0,0.0,2,2,0,0.0,174,2.9,,,neurofeedback,Subject_000,Session_002
11,0,LEFT,False,False,wrong_paddle,False,740.0,680.0,511.0,342.0,0.0,0,0,0,0.0,170,2.8333333333333335,,,neurofeedback,Subject_000,Session_002
12,1,RIGHT,True,False,hit,False,740.0,30.0,199.0,30.0,1.0,0,0,0,340.0,170,2.8333333333333335,0.0,0.0,neurofeedback,Subject_000,Session_002
13,1,RIGHT,False,False,wrong_paddle,False,60.0,710.0,395.4512820512821,218.0,0.5615384615384615,17,0,17,152.0,390,6.5,0.0,0.0,neurofeedback,Subject_000,Session_002
14,1,RIGHT,False,False,wrong_paddle,True,60.0,710.0,542.4018691588785,372.0,0.0,16,16,0,0.0,214,3.566666666666667,,,neurofeedback,Subject_000,Session_002
15,0,LEFT,True,False,hit,False,60.0,0.0,169.0,0.0,1.0,0,0,0,340.0,170,2.8333333333333335,0.0,0.0,neurofeedback,Subject_000,Session_002
16,1,RIGHT,False,False,wrong_paddle,True,60.0,710.0,557.8070175438596,372.0,0.0,32,32,0,0.0,342,5.7,,,neurofeedback,Subject_000,Session_002
17,1,RIGHT,False,False,wrong_paddle,False,60.0,710.0,536.6666666666666,372.0,0.0,10,10,0,0.0,180,3.0,,,neurofeedback,Subject_000,Session_002
18,0,LEFT,False,False,wrong_paddle,True,740.0,680.0,445.59166666666664,228.0,0.2520833333333333,43,36,7,112.0,480,8.0,0.0,0.0,neurofeedback,Subject_000,Session_002
19,1,RIGHT,True,False,hit,False,740.0,30.0,247.9579831932773,30.0,0.8445378151260504,30,13,17,340.0,238,3.966666666666667,0.0,0.0,neurofeedback,Subject_000,Session_002
20,0,LEFT,True,False,hit,True,60.0,0.0,401.4790874524715,0.0,0.3231939163498099,31,31,0,340.0,526,8.766666666666667,356.0,5.933333333333334,neurofeedback,Subject_000,Session_002
21,1,RIGHT,False,False,wrong_paddle,False,60.0,710.0,423.20588235294116,228.0,0.36519607843137253,14,9,5,142.0,408,6.8,88.0,1.4666666666666666,neurofeedback,Subject_000,Session_002
22,1,RIGHT,True,False,hit,False,740.0,30.0,374.75,30.0,0.42424242424242425,21,9,12,340.0,528,8.8,304.0,5.066666666666666,neurofeedback,Subject_000,Session_002
23,1,RIGHT,True,False,hit,False,740.0,30.0,336.1138211382114,30.0,0.4796747967479675,41,31,10,340.0,492,8.2,6.0,0.1,neurofeedback,Subject_000,Session_002
24,1,RIGHT,False,False,wrong_paddle,False,60.0,710.0,443.3151515151515,282.0,0.42727272727272725,17,4,13,88.0,330,5.5,0.0,0.0,neurofeedback,Subject_000,Session_002
25,0,LEFT,True,False,hit,False,60.0,0.0,179.7337278106509,0.0,0.9142011834319527,28,9,19,340.0,338,5.633333333333334,0.0,0.0,neurofeedback,Subject_000,Session_002
26,1,RIGHT,False,False,wrong_paddle,False,60.0,710.0,541.3908045977012,372.0,0.0,2,2,0,0.0,174,2.9,,,neurofeedback,Subject_000,Session_002
27,0,LEFT,True,False,hit,False,60.0,0.0,182.03846153846155,0.0,1.0,14,0,14,340.0,208,3.466666666666667,0.0,0.0,neurofeedback,Subject_000,Session_002
28,0,LEFT,True,False,hit,False,60.0,0.0,214.13636363636363,0.0,1.0,8,0,8,340.0,264,4.4,0.0,0.0,neurofeedback,Subject_000,Session_002
29,1,RIGHT,False,False,close_strong_early,False,604.0,166.0,335.8982456140351,54.0,0.49122807017543857,37,21,16,316.0,570,9.5,290.0,4.833333333333333,neurofeedback,Subject_000,Session_002
30,0,LEFT,True,False,hit,False,60.0,0.0,197.15686274509804,0.0,0.8529411764705882,8,6,2,340.0,204,3.4,30.0,0.5,neurofeedback,Subject_000,Session_002
31,0,LEFT,True,False,hit,False,60.0,0.0,186.96296296296296,0.0,1.0,10,0,10,340.0,216,3.6,0.0,0.0,neurofeedback,Subject_000,Session_002
32,1,RIGHT,True,False,hit,False,740.0,30.0,285.7482014388489,30.0,0.6115107913669064,9,9,0,340.0,278,4.633333333333334,108.0,1.8,neurofeedback,Subject_000,Session_002
33,1,RIGHT,False,False,wrong_paddle,False,60.0,710.0,458.8382352941176,278.0,0.3713235294117647,5,0,5,92.0,272,4.533333333333333,0.0,0.0,neurofeedback,Subject_000,Session_002
34,0,LEFT,True,False,hit,False,60.0,0.0,169.0,0.0,1.0,0,0,0,340.0,170,2.8333333333333335,0.0,0.0,neurofeedback,Subject_000,Session_002
35,1,RIGHT,False,False,wrong_paddle,True,186.0,584.0,401.98579040852576,226.0,0.37122557726465366,46,27,19,144.0,563,9.383333333333333,112.0,1.8666666666666667,neurofeedback,Subject_000,Session_002
36,1,RIGHT,False,False,wrong_paddle,False,226.0,544.0,292.0353982300885,66.0,0.672566371681416,24,6,18,304.0,565,9.416666666666666,16.0,0.26666666666666666,neurofeedback,Subject_000,Session_002
37,0,LEFT,True,False,hit,False,60.0,0.0,170.4418604651163,0.0,1.0,2,0,2,340.0,172,2.8666666666666667,0.0,0.0,neurofeedback,Subject_000,Session_002
38,0,LEFT,True,False,hit,False,60.0,0.0,292.34222222222223,0.0,0.6288888888888889,12,1,11,340.0,450,7.5,0.0,0.0,neurofeedback,Subject_000,Session_002
39,0,LEFT,True,False,hit,False,60.0,0.0,165.38095238095238,0.0,1.0,2,0,2,340.0,210,3.5,0.0,0.0,neurofeedback,Subject_000,Session_002
40,0,LEFT,True,False,hit,False,60.0,0.0,186.04854368932038,0.0,1.0,16,0,16,340.0,206,3.433333333333333,0.0,0.0,neurofeedback,Subject_000,Session_002
41,0,LEFT,True,False,hit,False,60.0,0.0,169.0,0.0,1.0,0,0,0,340.0,170,2.8333333333333335,0.0,0.0,neurofeedback,Subject_000,Session_002
42,0,LEFT,True,False,hit,False,60.0,0.0,169.3953488372093,0.0,1.0,2,0,2,340.0,172,2.8666666666666667,0.0,0.0,neurofeedback,Subject_000,Session_002
43,0,LEFT,True,False,hit,False,60.0,0.0,170.6888888888889,0.0,1.0,4,0,4,340.0,180,3.0,0.0,0.0,neurofeedback,Subject_000,Session_002
44,0,LEFT,True,False,hit,False,60.0,0.0,158.1578947368421,0.0,1.0,16,0,16,340.0,228,3.8,0.0,0.0,neurofeedback,Subject_000,Session_002
45,1,RIGHT,False,False,wrong_paddle,False,60.0,710.0,539.1379310344828,372.0,0.0,2,2,0,0.0,174,2.9,,,neurofeedback,Subject_000,Session_002
46,1,RIGHT,False,False,wrong_paddle,False,60.0,710.0,552.3814432989691,372.0,0.0,8,8,0,0.0,194,3.2333333333333334,,,neurofeedback,Subject_000,Session_002
47,1,RIGHT,False,False,close_strong_early,False,606.0,164.0,359.20781527531085,150.0,0.566607460035524,21,9,12,220.0,563,9.383333333333333,244.0,4.066666666666666,neurofeedback,Subject_000,Session_002
48,0,LEFT,True,False,hit,False,60.0,0.0,266.68831168831167,0.0,0.5681818181818182,21,17,4,340.0,308,5.133333333333334,0.0,0.0,neurofeedback,Subject_000,Session_002
49,1,RIGHT,False,False,wrong_paddle,False,60.0,710.0,538.68345323741,372.0,0.0,6,6,0,0.0,278,4.633333333333334,,,neurofeedback,Subject_000,Session_002
50,1,RIGHT,False,False,wrong_paddle,False,60.0,710.0,541.0,372.0,0.0,0,0,0,0.0,170,2.8333333333333335,,,neurofeedback,Subject_000,Session_002
51,0,LEFT,True,False,hit,False,60.0,0.0,169.0,0.0,1.0,0,0,0,340.0,170,2.8333333333333335,0.0,0.0,neurofeedback,Subject_000,Session_002
52,0,LEFT,True,False,hit,False,60.0,0.0,182.26605504587155,0.0,1.0,10,0,10,340.0,218,3.6333333333333333,0.0,0.0,neurofeedback,Subject_000,Session_002
53,1,RIGHT,False,False,wrong_paddle,False,60.0,710.0,540.5348837209302,372.0,0.0,2,2,0,0.0,172,2.8666666666666667,,,neurofeedback,Subject_000,Session_002
54,0,LEFT,True,False,hit,False,60.0,0.0,186.35849056603774,0.0,1.0,14,0,14,340.0,212,3.533333333333333,0.0,0.0,neurofeedback,Subject_000,Session_002
55,1,RIGHT,False,False,wrong_paddle,False,60.0,710.0,510.5304347826087,372.0,0.0,8,8,0,0.0,230,3.8333333333333335,,,neurofeedback,Subject_000,Session_002
56,1,RIGHT,False,False,wrong_paddle,False,60.0,710.0,540.8681318681319,372.0,0.0,6,6,0,0.0,182,3.033333333333333,,,neurofeedback,Subject_000,Session_002
57,0,LEFT,True,False,hit,False,60.0,0.0,196.47663551401868,0.0,0.9485981308411215,21,3,18,340.0,214,3.566666666666667,0.0,0.0,neurofeedback,Subject_000,Session_002
58,1,RIGHT,False,False,wrong_paddle,False,60.0,710.0,554.5409836065573,372.0,0.0,10,10,0,0.0,366,6.1,,,neurofeedback,Subject_000,Session_002
59,1,RIGHT,False,False,wrong_paddle,False,60.0,710.0,497.95477386934675,352.0,0.04271356783919598,4,3,1,18.0,398,6.633333333333334,210.0,3.5,neurofeedback,Subject_000,Session_002
60,1,RIGHT,False,False,wrong_paddle,True,60.0,710.0,552.9097744360902,372.0,0.0,24,24,0,0.0,266,4.433333333333334,,,neurofeedback,Subject_000,Session_002
61,1,RIGHT,False,False,wrong_paddle,False,60.0,710.0,541.0,372.0,0.0,0,0,0,0.0,170,2.8333333333333335,,,neurofeedback,Subject_000,Session_002
62,1,RIGHT,False,False,close_strong_early,False,698.0,72.0,296.98395721925135,58.0,0.6292335115864528,44,25,19,312.0,561,9.35,40.0,0.6666666666666666,neurofeedback,Subject_000,Session_002
63,0,LEFT,True,False,hit,False,60.0,0.0,169.0,0.0,1.0,0,0,0,340.0,170,2.8333333333333335,0.0,0.0,neurofeedback,Subject_000,Session_002
64,0,LEFT,True,False,hit,False,60.0,0.0,202.0909090909091,0.0,1.0,20,0,20,340.0,220,3.6666666666666665,0.0,0.0,neurofeedback,Subject_000,Session_002
65,0,LEFT,True,False,hit,False,60.0,0.0,170.71428571428572,0.0,1.0,10,0,10,340.0,196,3.2666666666666666,0.0,0.0,neurofeedback,Subject_000,Session_002
66,1,RIGHT,False,False,wrong_paddle,False,60.0,710.0,475.698224852071,326.0,0.12721893491124261,6,5,1,44.0,338,5.633333333333334,124.0,2.066666666666667,neurofeedback,Subject_000,Session_002
67,1,RIGHT,False,False,wrong_paddle,True,60.0,710.0,560.3575129533679,372.0,0.0,44,44,0,0.0,386,6.433333333333334,,,neurofeedback,Subject_000,Session_002
68,1,RIGHT,False,False,wrong_paddle,False,60.0,710.0,535.8297872340426,372.0,0.0,10,10,0,0.0,188,3.1333333333333333,,,neurofeedback,Subject_000,Session_002
69,1,RIGHT,False,False,wrong_paddle,False,60.0,710.0,541.0,372.0,0.0,0,0,0,0.0,170,2.8333333333333335,,,neurofeedback,Subject_000,Session_002
70,0,LEFT,True,False,hit,False,60.0,0.0,196.57627118644066,0.0,1.0,12,0,12,340.0,236,3.933333333333333,0.0,0.0,neurofeedback,Subject_000,Session_002
71,0,LEFT,True,False,hit,False,60.0,0.0,169.0,0.0,1.0,0,0,0,340.0,170,2.8333333333333335,0.0,0.0,neurofeedback,Subject_000,Session_002
72,0,LEFT,True,False,hit,False,60.0,0.0,182.63793103448276,0.0,1.0,10,0,10,340.0,232,3.8666666666666667,0.0,0.0,neurofeedback,Subject_000,Session_002
73,0,LEFT,True,False,hit,False,60.0,0.0,170.0,0.0,1.0,2,0,2,340.0,172,2.8666666666666667,0.0,0.0,neurofeedback,Subject_000,Session_002
74,1,RIGHT,False,False,wrong_paddle,False,60.0,710.0,541.0,372.0,0.0,0,0,0,0.0,170,2.8333333333333335,,,neurofeedback,Subject_000,Session_002
75,0,LEFT,True,False,hit,False,60.0,0.0,181.0,0.0,1.0,20,0,20,340.0,204,3.4,0.0,0.0,neurofeedback,Subject_000,Session_002
76,1,RIGHT,False,False,wrong_paddle,False,60.0,710.0,545.6666666666666,372.0,0.0,14,14,0,0.0,210,3.5,,,neurofeedback,Subject_000,Session_002
77,0,LEFT,True,False,hit,False,60.0,0.0,169.0,0.0,1.0,0,0,0,340.0,170,2.8333333333333335,0.0,0.0,neurofeedback,Subject_000,Session_002
78,0,LEFT,True,False,hit,False,60.0,0.0,169.0,0.0,1.0,0,0,0,340.0,170,2.8333333333333335,0.0,0.0,neurofeedback,Subject_000,Session_002
79,1,RIGHT,False,False,close_weak_early,False,468.0,302.0,470.99298245614034,224.0,0.19649122807017544,14,13,1,146.0,570,9.5,458.0,7.633333333333334,neurofeedback,Subject_000,Session_002
0,0,LEFT,True,False,hit,False,60.0,0.0,212.11353711790392,0.0,0.759825327510917,3,1,2,340.0,229,3.816666666666667,55.0,0.9166666666666666,neurofeedback,Subject_000,Session_003
1,1,RIGHT,True,False,hit,False,740.0,30.0,241.91743119266056,30.0,0.7798165137614679,3,3,0,340.0,218,3.6333333333333333,48.0,0.8,neurofeedback,Subject_000,Session_003
2,0,LEFT,False,False,wrong_paddle,False,740.0,680.0,511.0,342.0,0.0,0,0,0,0.0,170,2.8333333333333335,,,neurofeedback,Subject_000,Session_003
3,1,RIGHT,True,False,hit,False,740.0,30.0,199.0,30.0,1.0,0,0,0,340.0,170,2.8333333333333335,0.0,0.0,neurofeedback,Subject_000,Session_003
4,0,LEFT,False,False,wrong_paddle,False,740.0,680.0,511.0,342.0,0.0,0,0,0,0.0,170,2.8333333333333335,,,neurofeedback,Subject_000,Session_003
5,1,RIGHT,True,False,hit,False,740.0,30.0,199.0,30.0,1.0,0,0,0,340.0,170,2.8333333333333335,0.0,0.0,neurofeedback,Subject_000,Session_003
6,1,RIGHT,True,False,hit,False,740.0,30.0,199.0,30.0,1.0,0,0,0,340.0,170,2.8333333333333335,0.0,0.0,neurofeedback,Subject_000,Session_003
7,0,LEFT,True,False,hit,False,60.0,0.0,285.6951219512195,0.0,0.5182926829268293,13,13,0,340.0,328,5.466666666666667,158.0,2.6333333333333333,neurofeedback,Subject_000,Session_003
8,1,RIGHT,True,False,hit,False,740.0,30.0,255.6271186440678,30.0,0.7203389830508474,11,11,0,340.0,236,3.933333333333333,66.0,1.1,neurofeedback,Subject_000,Session_003
9,0,LEFT,False,False,wrong_paddle,False,740.0,680.0,432.18367346938777,286.0,0.2755102040816326,20,5,15,54.0,294,4.9,34.0,0.5666666666666667,neurofeedback,Subject_000,Session_003
10,0,LEFT,False,False,wrong_paddle,False,740.0,680.0,511.0,342.0,0.0,0,0,0,0.0,170,2.8333333333333335,,,neurofeedback,Subject_000,Session_003
11,0,LEFT,False,False,wrong_paddle,False,740.0,680.0,511.0,342.0,0.0,0,0,0,0.0,170,2.8333333333333335,,,neurofeedback,Subject_000,Session_003
12,1,RIGHT,True,False,hit,False,740.0,30.0,195.38709677419354,30.0,1.0,6,0,6,340.0,186,3.1,0.0,0.0,neurofeedback,Subject_000,Session_003
13,1,RIGHT,True,False,hit,False,740.0,30.0,199.0,30.0,1.0,0,0,0,340.0,170,2.8333333333333335,0.0,0.0,neurofeedback,Subject_000,Session_003
14,1,RIGHT,True,False,hit,False,740.0,30.0,203.61363636363637,30.0,1.0,6,0,6,340.0,176,2.933333333333333,0.0,0.0,neurofeedback,Subject_000,Session_003
15,0,LEFT,True,False,hit,False,60.0,0.0,278.97435897435895,0.0,0.5448717948717948,5,5,0,340.0,312,5.2,142.0,2.3666666666666667,neurofeedback,Subject_000,Session_003
16,1,RIGHT,False,False,close_weak_early,False,482.0,288.0,387.61552680221814,166.0,0.49353049907578556,19,3,16,204.0,541,9.016666666666667,274.0,4.566666666666666,neurofeedback,Subject_000,Session_003
17,1,RIGHT,True,False,hit,False,740.0,30.0,202.5056179775281,30.0,1.0,4,0,4,340.0,178,2.966666666666667,0.0,0.0,neurofeedback,Subject_000,Session_003
18,0,LEFT,False,False,wrong_early,False,550.0,490.0,303.65085388994305,70.0,0.5332068311195446,12,5,7,270.0,527,8.783333333333333,170.0,2.8333333333333335,neurofeedback,Subject_000,Session_003
19,0,LEFT,False,False,wrong_paddle,True,740.0,680.0,502.8019801980198,342.0,0.0,24,24,0,0.0,202,3.3666666666666667,,,neurofeedback,Subject_000,Session_003
0,1,RIGHT,True,False,hit,False,740.0,30.0,243.05676855895197,30.0,0.74235807860262,1,1,0,340.0,229,3.816666666666667,59.0,0.9833333333333333,neurofeedback,Subject_000,Session_004
1,1,RIGHT,False,False,wrong_paddle,False,60.0,710.0,329.43153526970957,62.0,0.6452282157676349,3,0,3,308.0,482,8.033333333333333,0.0,0.0,neurofeedback,Subject_000,Session_004
2,0,LEFT,False,False,wrong_paddle,False,740.0,680.0,455.7521367521368,284.0,0.2692307692307692,9,0,9,56.0,234,3.9,0.0,0.0,neurofeedback,Subject_000,Session_004
3,1,RIGHT,True,False,hit,False,740.0,30.0,199.0,30.0,1.0,0,0,0,340.0,170,2.8333333333333335,0.0,0.0,neurofeedback,Subject_000,Session_004
4,1,RIGHT,True,False,hit,False,740.0,30.0,199.0,30.0,1.0,0,0,0,340.0,170,2.8333333333333335,0.0,0.0,neurofeedback,Subject_000,Session_004
5,0,LEFT,False,False,wrong_paddle,False,740.0,680.0,511.0,342.0,0.0,0,0,0,0.0,170,2.8333333333333335,,,neurofeedback,Subject_000,Session_004
6,0,LEFT,False,False,wrong_paddle,False,740.0,680.0,511.0,342.0,0.0,0,0,0,0.0,170,2.8333333333333335,,,neurofeedback,Subject_000,Session_004
7,1,RIGHT,True,False,hit,False,740.0,30.0,199.0,30.0,1.0,0,0,0,340.0,170,2.8333333333333335,0.0,0.0,neurofeedback,Subject_000,Session_004
8,1,RIGHT,False,False,wrong_paddle,False,60.0,710.0,499.75925925925924,326.0,0.20833333333333334,3,0,3,44.0,216,3.6,0.0,0.0,neurofeedback,Subject_000,Session_004
9,1,RIGHT,True,False,hit,False,740.0,30.0,317.0365853658537,30.0,0.5182926829268293,9,9,0,340.0,328,5.466666666666667,158.0,2.6333333333333333,neurofeedback,Subject_000,Session_004
10,1,RIGHT,False,False,close_weak_early,False,558.0,212.0,455.1992110453649,212.0,0.3431952662721893,20,13,7,158.0,507,8.45,0.0,0.0,neurofeedback,Subject_000,Session_004
11,0,LEFT,False,False,wrong_paddle,False,740.0,680.0,511.0,342.0,0.0,0,0,0,0.0,170,2.8333333333333335,,,neurofeedback,Subject_000,Session_004
12,1,RIGHT,True,False,hit,False,740.0,30.0,248.8655462184874,30.0,0.9558823529411765,12,1,11,340.0,476,7.933333333333334,0.0,0.0,neurofeedback,Subject_000,Session_004
13,0,LEFT,False,False,wrong_paddle,False,740.0,680.0,511.97727272727275,342.0,0.0,6,6,0,0.0,176,2.933333333333333,,,neurofeedback,Subject_000,Session_004
14,0,LEFT,True,False,hit,False,60.0,0.0,270.38853503184714,0.0,0.5414012738853503,19,19,0,340.0,314,5.233333333333333,144.0,2.4,neurofeedback,Subject_000,Session_004
15,0,LEFT,True,False,hit,False,60.0,0.0,166.45098039215685,0.0,1.0,12,0,12,340.0,204,3.4,0.0,0.0,neurofeedback,Subject_000,Session_004
16,0,LEFT,False,False,wrong_paddle,True,698.0,638.0,440.147572815534,244.0,0.1883495145631068,50,47,3,96.0,515,8.583333333333334,66.0,1.1,neurofeedback,Subject_000,Session_004
17,0,LEFT,False,False,wrong_paddle,False,740.0,680.0,445.9230769230769,272.0,0.23426573426573427,6,5,1,68.0,286,4.766666666666667,36.0,0.6,neurofeedback,Subject_000,Session_004
18,0,LEFT,False,False,wrong_paddle,True,594.0,534.0,462.559686888454,282.0,0.1232876712328767,22,17,5,58.0,511,8.516666666666667,180.0,3.0,neurofeedback,Subject_000,Session_004
19,1,RIGHT,False,False,wrong_paddle,True,60.0,710.0,475.5021645021645,248.0,0.2878787878787879,27,16,11,122.0,462,7.7,0.0,0.0,neurofeedback,Subject_000,Session_004
20,0,LEFT,True,False,hit,False,60.0,0.0,263.21800947867297,0.0,0.8056872037914692,36,10,26,340.0,422,7.033333333333333,0.0,0.0,neurofeedback,Subject_000,Session_004
21,1,RIGHT,False,False,wrong_early,False,324.0,446.0,320.8359375,184.0,0.7421875,36,2,34,186.0,512,8.533333333333333,72.0,1.2,neurofeedback,Subject_000,Session_004
22,1,RIGHT,False,False,close_weak_early,False,432.0,338.0,442.5719844357977,228.0,0.3852140077821012,20,3,17,142.0,514,8.566666666666666,316.0,5.266666666666667,neurofeedback,Subject_000,Session_004
23,0,LEFT,True,False,hit,False,60.0,0.0,192.24,0.0,0.95,12,4,8,340.0,200,3.3333333333333335,4.0,0.06666666666666667,neurofeedback,Subject_000,Session_004
24,1,RIGHT,False,False,wrong_paddle,False,60.0,710.0,534.5434782608696,372.0,0.0,4,4,0,0.0,184,3.066666666666667,,,neurofeedback,Subject_000,Session_004
25,1,RIGHT,False,False,wrong_paddle,False,60.0,710.0,555.0408163265306,372.0,0.0,8,8,0,0.0,196,3.2666666666666666,,,neurofeedback,Subject_000,Session_004
26,0,LEFT,True,False,hit,False,60.0,0.0,152.4351145038168,0.0,1.0,16,0,16,340.0,262,4.366666666666666,0.0,0.0,neurofeedback,Subject_000,Session_004
27,0,LEFT,True,False,hit,False,60.0,0.0,168.19101123595505,0.0,1.0,4,0,4,340.0,178,2.966666666666667,0.0,0.0,neurofeedback,Subject_000,Session_004
28,0,LEFT,True,False,hit,False,60.0,0.0,186.52542372881356,0.0,1.0,14,0,14,340.0,236,3.933333333333333,0.0,0.0,neurofeedback,Subject_000,Session_004
29,0,LEFT,True,False,hit,False,60.0,0.0,261.56353591160223,0.0,0.6602209944751382,22,17,5,340.0,362,6.033333333333333,0.0,0.0,neurofeedback,Subject_000,Session_004
30,1,RIGHT,False,False,wrong_paddle,True,60.0,710.0,456.4644351464435,306.0,0.14435146443514643,50,45,5,64.0,478,7.966666666666667,234.0,3.9,neurofeedback,Subject_000,Session_004
31,1,RIGHT,False,False,wrong_paddle,False,60.0,710.0,541.0,372.0,0.0,0,0,0,0.0,170,2.8333333333333335,,,neurofeedback,Subject_000,Session_004
32,0,LEFT,True,False,hit,False,60.0,0.0,169.0,0.0,1.0,0,0,0,340.0,170,2.8333333333333335,0.0,0.0,neurofeedback,Subject_000,Session_004
33,1,RIGHT,False,False,wrong_paddle,True,190.0,580.0,518.9551656920078,372.0,0.0,29,29,0,0.0,513,8.55,,,neurofeedback,Subject_000,Session_004
34,0,LEFT,True,False,hit,False,60.0,0.0,257.03921568627453,0.0,0.6666666666666666,21,9,12,340.0,306,5.1,102.0,1.7,neurofeedback,Subject_000,Session_004
35,0,LEFT,True,False,hit,False,60.0,0.0,177.73469387755102,0.0,1.0,14,0,14,340.0,196,3.2666666666666666,0.0,0.0,neurofeedback,Subject_000,Session_004
36,1,RIGHT,False,False,wrong_paddle,False,60.0,710.0,465.83720930232556,318.0,0.2441860465116279,18,10,8,52.0,344,5.733333333333333,80.0,1.3333333333333333,neurofeedback,Subject_000,Session_004
37,1,RIGHT,False,False,wrong_paddle,False,60.0,710.0,488.5897435897436,322.0,0.2264957264957265,7,2,5,48.0,234,3.9,2.0,0.03333333333333333,neurofeedback,Subject_000,Session_004
38,1,RIGHT,False,False,wrong_paddle,False,60.0,710.0,541.0,372.0,0.0,0,0,0,0.0,170,2.8333333333333335,,,neurofeedback,Subject_000,Session_004
39,0,LEFT,True,False,hit,False,60.0,0.0,197.11009174311926,0.0,1.0,16,0,16,340.0,218,3.6333333333333333,0.0,0.0,neurofeedback,Subject_000,Session_004
0,0,LEFT,True,False,hit,False,60.0,0.0,216.82203389830508,0.0,0.7203389830508474,1,1,0,340.0,236,3.933333333333333,66.0,1.1,neurofeedback,Subject_000,Session_005
1,0,LEFT,True,False,hit,False,60.0,0.0,169.0,0.0,1.0,0,0,0,340.0,170,2.8333333333333335,0.0,0.0,neurofeedback,Subject_000,Session_005
2,1,RIGHT,True,False,hit,False,740.0,30.0,390.26573426573424,30.0,0.34440559440559443,11,4,7,340.0,572,9.533333333333333,110.0,1.8333333333333333,neurofeedback,Subject_000,Session_005
3,0,LEFT,True,False,hit,True,60.0,0.0,335.728624535316,0.0,0.3940520446096654,25,21,4,340.0,538,8.966666666666667,326.0,5.433333333333334,neurofeedback,Subject_000,Session_005
4,1,RIGHT,True,False,hit,False,740.0,30.0,329.43023255813955,30.0,0.4941860465116279,5,5,0,340.0,344,5.733333333333333,174.0,2.9,neurofeedback,Subject_000,Session_005
5,0,LEFT,False,True,timeout_close_weak,False,360.0,300.0,237.4496644295302,22.0,0.8221476510067114,39,23,16,318.0,596,9.933333333333334,56.0,0.9333333333333333,neurofeedback,Subject_000,Session_005
6,1,RIGHT,True,False,hit,False,740.0,30.0,294.58620689655174,30.0,0.5862068965517241,1,1,0,340.0,290,4.833333333333333,120.0,2.0,neurofeedback,Subject_000,Session_005
7,0,LEFT,True,False,hit,False,60.0,0.0,186.45454545454547,0.0,0.9949494949494949,15,1,14,340.0,198,3.3,0.0,0.0,neurofeedback,Subject_000,Session_005
8,1,RIGHT,True,False,hit,False,740.0,30.0,272.14728682170545,30.0,0.6589147286821705,7,7,0,340.0,258,4.3,88.0,1.4666666666666666,neurofeedback,Subject_000,Session_005
9,0,LEFT,True,False,hit,True,60.0,0.0,385.8075471698113,0.0,0.32075471698113206,35,35,0,340.0,530,8.833333333333334,360.0,6.0,neurofeedback,Subject_000,Session_005
10,1,RIGHT,True,False,hit,False,740.0,30.0,233.38144329896906,30.0,0.7164948453608248,15,1,14,340.0,388,6.466666666666667,110.0,1.8333333333333333,neurofeedback,Subject_000,Session_005
11,0,LEFT,True,False,hit,False,60.0,0.0,244.27941176470588,0.0,0.625,15,15,0,340.0,272,4.533333333333333,102.0,1.7,neurofeedback,Subject_000,Session_005
12,0,LEFT,True,False,hit,False,60.0,0.0,225.3370786516854,0.0,0.9410112359550562,16,1,15,340.0,356,5.933333333333334,0.0,0.0,neurofeedback,Subject_000,Session_005
13,0,LEFT,True,False,hit,False,60.0,0.0,170.77011494252875,0.0,1.0,2,0,2,340.0,174,2.9,0.0,0.0,neurofeedback,Subject_000,Session_005
14,1,RIGHT,True,False,hit,False,740.0,30.0,282.8243243243243,30.0,0.6283783783783784,11,7,4,340.0,296,4.933333333333334,110.0,1.8333333333333333,neurofeedback,Subject_000,Session_005
15,1,RIGHT,True,False,hit,False,740.0,30.0,205.52554744525548,30.0,1.0,22,0,22,340.0,274,4.566666666666666,0.0,0.0,neurofeedback,Subject_000,Session_005
16,1,RIGHT,True,False,hit,False,740.0,30.0,199.0,30.0,1.0,0,0,0,340.0,170,2.8333333333333335,0.0,0.0,neurofeedback,Subject_000,Session_005
17,1,RIGHT,True,False,hit,False,740.0,30.0,199.6046511627907,30.0,1.0,2,0,2,340.0,172,2.8666666666666667,0.0,0.0,neurofeedback,Subject_000,Session_005
18,1,RIGHT,True,False,hit,False,740.0,30.0,270.20652173913044,30.0,0.9103260869565217,26,5,21,340.0,368,6.133333333333334,0.0,0.0,neurofeedback,Subject_000,Session_005
19,0,LEFT,True,False,hit,False,60.0,0.0,301.89772727272725,0.0,0.48295454545454547,5,5,0,340.0,352,5.866666666666666,182.0,3.033333333333333,neurofeedback,Subject_000,Session_005
20,1,RIGHT,True,False,hit,False,740.0,30.0,258.55555555555554,30.0,0.7063492063492064,9,3,6,340.0,252,4.2,74.0,1.2333333333333334,neurofeedback,Subject_000,Session_005
21,1,RIGHT,True,False,hit,False,740.0,30.0,293.43023255813955,30.0,0.6656976744186046,18,17,1,340.0,344,5.733333333333333,0.0,0.0,neurofeedback,Subject_000,Session_005
22,0,LEFT,True,False,hit,False,60.0,0.0,259.6027397260274,0.0,0.5821917808219178,15,15,0,340.0,292,4.866666666666666,122.0,2.033333333333333,neurofeedback,Subject_000,Session_005
23,0,LEFT,True,False,hit,False,60.0,0.0,183.24242424242425,0.0,1.0,14,0,14,340.0,198,3.3,0.0,0.0,neurofeedback,Subject_000,Session_005
24,0,LEFT,True,False,hit,False,60.0,0.0,175.06451612903226,0.0,1.0,6,0,6,340.0,186,3.1,0.0,0.0,neurofeedback,Subject_000,Session_005
25,1,RIGHT,True,False,hit,False,740.0,30.0,299.94674556213016,30.0,0.6094674556213018,11,7,4,340.0,338,5.633333333333334,132.0,2.2,neurofeedback,Subject_000,Session_005
26,1,RIGHT,True,False,hit,False,740.0,30.0,199.0,30.0,1.0,0,0,0,340.0,170,2.8333333333333335,0.0,0.0,neurofeedback,Subject_000,Session_005
27,1,RIGHT,True,False,hit,False,740.0,30.0,195.20689655172413,30.0,1.0,2,0,2,340.0,174,2.9,0.0,0.0,neurofeedback,Subject_000,Session_005
28,0,LEFT,True,False,hit,False,60.0,0.0,249.9111111111111,0.0,0.6185185185185185,19,7,12,340.0,540,9.0,206.0,3.433333333333333,neurofeedback,Subject_000,Session_005
29,0,LEFT,True,False,hit,False,60.0,0.0,154.79268292682926,0.0,1.0,32,0,32,340.0,328,5.466666666666667,0.0,0.0,neurofeedback,Subject_000,Session_005
30,0,LEFT,True,False,hit,False,60.0,0.0,169.58139534883722,0.0,1.0,2,0,2,340.0,172,2.8666666666666667,0.0,0.0,neurofeedback,Subject_000,Session_005
31,0,LEFT,True,False,hit,False,60.0,0.0,169.0,0.0,1.0,0,0,0,340.0,170,2.8333333333333335,0.0,0.0,neurofeedback,Subject_000,Session_005
32,1,RIGHT,True,False,hit,False,740.0,30.0,286.41007194244605,30.0,0.6115107913669064,1,1,0,340.0,278,4.633333333333334,108.0,1.8,neurofeedback,Subject_000,Session_005
33,1,RIGHT,True,False,hit,False,740.0,30.0,247.87878787878788,30.0,0.9659090909090909,8,1,7,340.0,264,4.4,0.0,0.0,neurofeedback,Subject_000,Session_005
34,0,LEFT,True,False,hit,False,60.0,0.0,257.74285714285713,0.0,0.6071428571428571,3,3,0,340.0,280,4.666666666666667,110.0,1.8333333333333333,neurofeedback,Subject_000,Session_005
35,1,RIGHT,True,False,hit,False,740.0,30.0,292.724907063197,30.0,0.7118959107806692,7,6,1,340.0,538,8.966666666666667,144.0,2.4,neurofeedback,Subject_000,Session_005
36,0,LEFT,True,False,hit,False,60.0,0.0,238.75572519083968,0.0,0.6641221374045801,3,1,2,340.0,262,4.366666666666666,88.0,1.4666666666666666,neurofeedback,Subject_000,Session_005
37,0,LEFT,True,False,hit,False,60.0,0.0,235.57954545454547,0.0,0.8494318181818182,48,7,41,340.0,352,5.866666666666666,0.0,0.0,neurofeedback,Subject_000,Session_005
38,1,RIGHT,True,False,hit,False,740.0,30.0,287.37142857142857,30.0,0.6071428571428571,7,7,0,340.0,280,4.666666666666667,110.0,1.8333333333333333,neurofeedback,Subject_000,Session_005
39,1,RIGHT,False,True,timeout_close_strong,False,680.0,90.0,236.88590604026845,52.0,0.860738255033557,22,3,19,318.0,596,9.933333333333334,0.0,0.0,neurofeedback,Subject_000,Session_005
40,0,LEFT,True,False,hit,True,60.0,0.0,369.92490118577075,0.0,0.38735177865612647,31,27,4,340.0,506,8.433333333333334,310.0,5.166666666666667,neurofeedback,Subject_000,Session_005
41,1,RIGHT,False,True,timeout_close_strong,False,702.0,68.0,314.94117647058823,68.0,0.6033613445378151,57,31,26,302.0,595,9.916666666666666,188.0,3.1333333333333333,neurofeedback,Subject_000,Session_005
42,0,LEFT,False,False,wrong_paddle,True,740.0,680.0,435.56370656370655,260.0,0.1525096525096525,40,39,1,80.0,518,8.633333333333333,220.0,3.6666666666666665,neurofeedback,Subject_000,Session_005
43,1,RIGHT,True,False,hit,False,740.0,30.0,309.212962962963,30.0,0.6643518518518519,15,6,9,340.0,432,7.2,4.0,0.06666666666666667,neurofeedback,Subject_000,Session_005
44,1,RIGHT,False,False,wrong_paddle,False,60.0,710.0,434.638418079096,220.0,0.4548022598870056,15,4,11,150.0,354,5.9,0.0,0.0,neurofeedback,Subject_000,Session_005
45,0,LEFT,True,False,hit,False,60.0,0.0,169.0,0.0,1.0,0,0,0,340.0,170,2.8333333333333335,0.0,0.0,neurofeedback,Subject_000,Session_005
46,0,LEFT,False,False,wrong_early,False,424.0,364.0,402.8787878787879,248.0,0.4478114478114478,46,2,44,92.0,594,9.9,0.0,0.0,neurofeedback,Subject_000,Session_005
47,1,RIGHT,True,False,hit,False,740.0,30.0,305.28387096774196,30.0,0.5483870967741935,9,9,0,340.0,310,5.166666666666667,140.0,2.3333333333333335,neurofeedback,Subject_000,Session_005
48,1,RIGHT,True,False,hit,False,740.0,30.0,213.8080808080808,30.0,1.0,10,0,10,340.0,198,3.3,0.0,0.0,neurofeedback,Subject_000,Session_005
49,1,RIGHT,True,False,hit,False,740.0,30.0,206.48979591836735,30.0,1.0,8,0,8,340.0,196,3.2666666666666666,0.0,0.0,neurofeedback,Subject_000,Session_005
50,1,RIGHT,True,False,hit,False,740.0,30.0,215.67549668874173,30.0,1.0,24,0,24,340.0,302,5.033333333333333,0.0,0.0,neurofeedback,Subject_000,Session_005
51,0,LEFT,False,False,wrong_paddle,False,740.0,680.0,492.2692307692308,342.0,0.0,12,12,0,0.0,208,3.466666666666667,,,neurofeedback,Subject_000,Session_005
52,0,LEFT,True,False,hit,False,60.0,0.0,233.73684210526315,0.0,0.7443609022556391,18,10,8,340.0,266,4.433333333333334,0.0,0.0,neurofeedback,Subject_000,Session_005
53,1,RIGHT,True,False,hit,False,740.0,30.0,263.13168724279836,30.0,0.7860082304526749,51,21,30,340.0,486,8.1,104.0,1.7333333333333334,neurofeedback,Subject_000,Session_005
54,0,LEFT,True,False,hit,False,60.0,0.0,190.858407079646,0.0,1.0,14,0,14,340.0,226,3.7666666666666666,0.0,0.0,neurofeedback,Subject_000,Session_005
55,1,RIGHT,False,False,wrong_paddle,True,60.0,710.0,446.3867924528302,274.0,0.24764150943396226,18,15,3,96.0,424,7.066666666666666,148.0,2.466666666666667,neurofeedback,Subject_000,Session_005
56,1,RIGHT,False,False,wrong_paddle,True,60.0,710.0,533.8468468468468,372.0,0.0,16,16,0,0.0,222,3.7,,,neurofeedback,Subject_000,Session_005
57,0,LEFT,True,False,hit,False,60.0,0.0,169.72093023255815,0.0,1.0,2,0,2,340.0,172,2.8666666666666667,0.0,0.0,neurofeedback,Subject_000,Session_005
58,0,LEFT,True,False,hit,False,60.0,0.0,169.0,0.0,1.0,0,0,0,340.0,170,2.8333333333333335,0.0,0.0,neurofeedback,Subject_000,Session_005
59,0,LEFT,True,False,hit,False,60.0,0.0,169.0,0.0,1.0,0,0,0,340.0,170,2.8333333333333335,0.0,0.0,neurofeedback,Subject_000,Session_005
60,0,LEFT,True,False,hit,False,60.0,0.0,179.6909090909091,0.0,1.0,20,0,20,340.0,220,3.6666666666666665,0.0,0.0,neurofeedback,Subject_000,Session_005
61,1,RIGHT,True,False,hit,False,740.0,30.0,286.60526315789474,30.0,0.618421052631579,9,3,6,340.0,304,5.066666666666666,116.0,1.9333333333333333,neurofeedback,Subject_000,Session_005
62,1,RIGHT,True,False,hit,False,740.0,30.0,213.1010101010101,30.0,1.0,14,0,14,340.0,198,3.3,0.0,0.0,neurofeedback,Subject_000,Session_005
63,1,RIGHT,True,False,hit,False,740.0,30.0,192.74672489082968,30.0,1.0,52,0,52,340.0,458,7.633333333333334,0.0,0.0,neurofeedback,Subject_000,Session_005
64,1,RIGHT,True,False,hit,False,740.0,30.0,209.02061855670104,30.0,1.0,10,0,10,340.0,194,3.2333333333333334,0.0,0.0,neurofeedback,Subject_000,Session_005
65,0,LEFT,True,False,hit,False,60.0,0.0,290.4218009478673,0.0,0.504739336492891,9,2,7,340.0,422,7.033333333333333,76.0,1.2666666666666666,neurofeedback,Subject_000,Session_005
66,0,LEFT,True,False,hit,False,60.0,0.0,184.1238095238095,0.0,1.0,12,0,12,340.0,210,3.5,0.0,0.0,neurofeedback,Subject_000,Session_005
67,0,LEFT,True,False,hit,False,60.0,0.0,169.0,0.0,1.0,0,0,0,340.0,170,2.8333333333333335,0.0,0.0,neurofeedback,Subject_000,Session_005
68,0,LEFT,True,False,hit,False,60.0,0.0,169.0,0.0,1.0,0,0,0,340.0,170,2.8333333333333335,0.0,0.0,neurofeedback,Subject_000,Session_005
69,0,LEFT,True,False,hit,False,60.0,0.0,173.02247191011236,0.0,1.0,6,0,6,340.0,178,2.966666666666667,0.0,0.0,neurofeedback,Subject_000,Session_005
70,0,LEFT,True,False,hit,False,60.0,0.0,207.01694915254237,0.0,1.0,14,0,14,340.0,236,3.933333333333333,0.0,0.0,neurofeedback,Subject_000,Session_005
71,1,RIGHT,True,False,hit,False,740.0,30.0,310.5061728395062,30.0,0.5246913580246914,15,15,0,340.0,324,5.4,154.0,2.566666666666667,neurofeedback,Subject_000,Session_005
72,1,RIGHT,True,False,hit,False,740.0,30.0,232.19117647058823,30.0,1.0,22,0,22,340.0,272,4.533333333333333,0.0,0.0,neurofeedback,Subject_000,Session_005
73,0,LEFT,True,False,hit,False,60.0,0.0,186.85507246376812,0.0,0.8442028985507246,37,19,18,340.0,552,9.2,86.0,1.4333333333333333,neurofeedback,Subject_000,Session_005
74,1,RIGHT,True,False,hit,False,740.0,30.0,229.7433628318584,30.0,0.8672566371681416,19,9,10,340.0,226,3.7666666666666666,30.0,0.5,neurofeedback,Subject_000,Session_005
75,1,RIGHT,True,False,hit,False,740.0,30.0,171.1578947368421,30.0,1.0,22,0,22,340.0,304,5.066666666666666,0.0,0.0,neurofeedback,Subject_000,Session_005
76,0,LEFT,True,False,hit,False,60.0,0.0,232.51612903225808,0.0,0.6854838709677419,15,15,0,340.0,248,4.133333333333334,78.0,1.3,neurofeedback,Subject_000,Session_005
77,0,LEFT,False,True,timeout_close_strong,False,226.0,166.0,310.2453781512605,104.0,0.5983193277310924,22,11,11,236.0,595,9.916666666666666,0.0,0.0,neurofeedback,Subject_000,Session_005
78,1,RIGHT,True,False,hit,False,740.0,30.0,268.5394736842105,30.0,0.6644736842105263,5,1,4,340.0,304,5.066666666666666,102.0,1.7,neurofeedback,Subject_000,Session_005
79,1,RIGHT,True,False,hit,False,740.0,30.0,269.11920529801324,30.0,0.7980132450331126,16,7,9,340.0,302,5.033333333333333,0.0,0.0,neurofeedback,Subject_000,Session_005
80,0,LEFT,True,False,hit,False,60.0,0.0,233.43410852713177,0.0,0.6976744186046512,17,11,6,340.0,258,4.3,78.0,1.3,neurofeedback,Subject_000,Session_005
81,1,RIGHT,False,False,wrong_paddle,True,60.0,710.0,523.9166666666666,372.0,0.0,16,16,0,0.0,528,8.8,,,neurofeedback,Subject_000,Session_005
82,0,LEFT,True,False,hit,False,60.0,0.0,134.64341085271317,0.0,1.0,6,0,6,340.0,258,4.3,0.0,0.0,neurofeedback,Subject_000,Session_005
83,1,RIGHT,False,True,wrong_paddle,True,184.0,586.0,401.8590604026846,294.0,0.3859060402684564,57,25,32,76.0,596,9.933333333333334,158.0,2.6333333333333333,neurofeedback,Subject_000,Session_005
84,1,RIGHT,False,True,timeout_close_weak,True,512.0,258.0,382.7046979865772,210.0,0.36577181208053694,23,21,2,160.0,596,9.933333333333334,86.0,1.4333333333333333,neurofeedback,Subject_000,Session_005
85,1,RIGHT,True,False,hit,False,740.0,30.0,201.04597701149424,30.0,1.0,4,0,4,340.0,174,2.9,0.0,0.0,neurofeedback,Subject_000,Session_005
86,0,LEFT,True,False,hit,False,60.0,0.0,249.92957746478874,0.0,0.6443661971830986,9,6,3,340.0,284,4.733333333333333,84.0,1.4,neurofeedback,Subject_000,Session_005
87,0,LEFT,True,False,hit,False,60.0,0.0,169.0,0.0,1.0,0,0,0,340.0,170,2.8333333333333335,0.0,0.0,neurofeedback,Subject_000,Session_005
88,0,LEFT,True,False,hit,False,60.0,0.0,300.368,0.0,0.61,8,3,5,340.0,500,8.333333333333334,0.0,0.0,neurofeedback,Subject_000,Session_005
89,1,RIGHT,False,False,wrong_paddle,True,60.0,710.0,423.2027027027027,230.0,0.36317567567567566,56,37,19,140.0,592,9.866666666666667,94.0,1.5666666666666667,neurofeedback,Subject_000,Session_005
90,0,LEFT,True,False,hit,False,60.0,0.0,250.97860962566844,0.0,0.7513368983957219,26,1,25,340.0,374,6.233333333333333,0.0,0.0,neurofeedback,Subject_000,Session_005
91,0,LEFT,False,False,close_strong_early,False,156.0,96.0,257.5743243243243,96.0,0.8834459459459459,26,1,25,244.0,592,9.866666666666667,0.0,0.0,neurofeedback,Subject_000,Session_005
92,0,LEFT,True,False,hit,False,60.0,0.0,219.21176470588236,0.0,0.9205882352941176,14,5,9,340.0,340,5.666666666666667,0.0,0.0,neurofeedback,Subject_000,Session_005
93,1,RIGHT,True,False,hit,False,740.0,30.0,222.42342342342343,30.0,0.9459459459459459,5,1,4,340.0,222,3.7,12.0,0.2,neurofeedback,Subject_000,Session_005
94,1,RIGHT,True,False,hit,False,740.0,30.0,208.9795918367347,30.0,1.0,12,0,12,340.0,196,3.2666666666666666,0.0,0.0,neurofeedback,Subject_000,Session_005
95,1,RIGHT,True,False,hit,False,740.0,30.0,199.0,30.0,1.0,0,0,0,340.0,170,2.8333333333333335,0.0,0.0,neurofeedback,Subject_000,Session_005
96,0,LEFT,True,False,hit,False,60.0,0.0,207.03773584905662,0.0,0.8018867924528302,1,1,0,340.0,212,3.533333333333333,42.0,0.7,neurofeedback,Subject_000,Session_005
97,1,RIGHT,False,False,wrong_paddle,False,60.0,710.0,428.11,234.0,0.3475,6,3,3,136.0,400,6.666666666666667,90.0,1.5,neurofeedback,Subject_000,Session_005
98,0,LEFT,True,False,hit,False,60.0,0.0,169.30232558139534,0.0,1.0,2,0,2,340.0,172,2.8666666666666667,0.0,0.0,neurofeedback,Subject_000,Session_005
99,1,RIGHT,False,False,wrong_paddle,False,60.0,710.0,548.0,372.0,0.0,6,6,0,0.0,196,3.2666666666666666,,,neurofeedback,Subject_000,Session_005
100,1,RIGHT,True,False,hit,False,740.0,30.0,251.1103448275862,30.0,0.8482758620689655,25,3,22,340.0,290,4.833333333333333,44.0,0.7333333333333333,neurofeedback,Subject_000,Session_005
101,1,RIGHT,False,False,wrong_paddle,False,60.0,710.0,496.984375,322.0,0.25,17,7,10,48.0,256,4.266666666666667,0.0,0.0,neurofeedback,Subject_000,Session_005
102,0,LEFT,True,False,hit,False,60.0,0.0,169.69811320754718,0.0,1.0,10,0,10,340.0,212,3.533333333333333,0.0,0.0,neurofeedback,Subject_000,Session_005
103,1,RIGHT,False,False,wrong_paddle,True,60.0,710.0,540.2689655172413,372.0,0.0,16,16,0,0.0,290,4.833333333333333,,,neurofeedback,Subject_000,Session_005
104,0,LEFT,True,False,hit,False,60.0,0.0,177.66666666666666,0.0,1.0,6,0,6,340.0,198,3.3,0.0,0.0,neurofeedback,Subject_000,Session_005
105,0,LEFT,True,False,hit,False,60.0,0.0,191.890625,0.0,1.0,26,0,26,340.0,256,4.266666666666667,0.0,0.0,neurofeedback,Subject_000,Session_005
106,0,LEFT,True,False,hit,False,60.0,0.0,180.79166666666666,0.0,1.0,6,0,6,340.0,192,3.2,0.0,0.0,neurofeedback,Subject_000,Session_005
107,0,LEFT,True,False,hit,False,60.0,0.0,289.375,0.0,0.6272321428571429,36,5,31,340.0,448,7.466666666666667,0.0,0.0,neurofeedback,Subject_000,Session_005
108,1,RIGHT,True,False,hit,False,740.0,30.0,314.25118483412325,30.0,0.5379146919431279,21,14,7,340.0,422,7.033333333333333,60.0,1.0,neurofeedback,Subject_000,Session_005
109,1,RIGHT,True,False,hit,False,740.0,30.0,227.84684684684686,30.0,1.0,8,0,8,340.0,222,3.7,0.0,0.0,neurofeedback,Subject_000,Session_005
110,1,RIGHT,True,False,hit,False,740.0,30.0,199.0,30.0,1.0,0,0,0,340.0,170,2.8333333333333335,0.0,0.0,neurofeedback,Subject_000,Session_005
111,0,LEFT,True,False,hit,False,60.0,0.0,272.69934640522877,0.0,0.5555555555555556,19,19,0,340.0,306,5.1,136.0,2.2666666666666666,neurofeedback,Subject_000,Session_005
112,0,LEFT,True,False,hit,False,60.0,0.0,207.08620689655172,0.0,1.0,16,0,16,340.0,232,3.8666666666666667,0.0,0.0,neurofeedback,Subject_000,Session_005
113,1,RIGHT,True,False,hit,False,740.0,30.0,319.5405405405405,30.0,0.4594594594594595,29,29,0,340.0,370,6.166666666666667,200.0,3.3333333333333335,neurofeedback,Subject_000,Session_005
114,0,LEFT,True,False,hit,False,60.0,0.0,223.76923076923077,0.0,0.7350427350427351,3,1,2,340.0,234,3.9,62.0,1.0333333333333334,neurofeedback,Subject_000,Session_005
115,1,RIGHT,True,False,hit,False,740.0,30.0,270.408,30.0,0.68,11,7,4,340.0,500,8.333333333333334,160.0,2.6666666666666665,neurofeedback,Subject_000,Session_005
116,0,LEFT,True,False,hit,False,60.0,0.0,220.2093023255814,0.0,0.7131782945736435,7,5,2,340.0,258,4.3,74.0,1.2333333333333334,neurofeedback,Subject_000,Session_005
117,1,RIGHT,True,False,hit,False,740.0,30.0,250.9,30.0,0.715,29,17,12,340.0,400,6.666666666666667,114.0,1.9,neurofeedback,Subject_000,Session_005
118,0,LEFT,True,False,hit,False,60.0,0.0,206.703125,0.0,0.86328125,31,11,20,340.0,512,8.533333333333333,70.0,1.1666666666666667,neurofeedback,Subject_000,Session_005
119,1,RIGHT,True,False,hit,False,740.0,30.0,280.3142857142857,30.0,0.7619047619047619,17,3,14,340.0,420,7.0,100.0,1.6666666666666667,neurofeedback,Subject_000,Session_005
120,1,RIGHT,False,False,close_strong_early,False,650.0,120.0,399.151103565365,120.0,0.47877758913412566,20,13,7,250.0,589,9.816666666666666,0.0,0.0,neurofeedback,Subject_000,Session_005
121,1,RIGHT,False,False,wrong_paddle,False,170.0,600.0,391.5548060708263,222.0,0.5733558178752108,42,8,34,148.0,593,9.883333333333333,0.0,0.0,neurofeedback,Subject_000,Session_005
122,0,LEFT,True,False,hit,False,60.0,0.0,217.38333333333333,0.0,0.7541666666666667,24,19,5,340.0,240,4.0,2.0,0.03333333333333333,neurofeedback,Subject_000,Session_005
123,1,RIGHT,True,False,hit,False,740.0,30.0,238.3644859813084,30.0,0.794392523364486,7,7,0,340.0,214,3.566666666666667,44.0,0.7333333333333333,neurofeedback,Subject_000,Session_005
124,1,RIGHT,True,False,hit,False,740.0,30.0,218.98373983739836,30.0,1.0,22,0,22,340.0,246,4.1,0.0,0.0,neurofeedback,Subject_000,Session_005
125,1,RIGHT,True,False,hit,False,740.0,30.0,203.06593406593407,30.0,1.0,6,0,6,340.0,182,3.033333333333333,0.0,0.0,neurofeedback,Subject_000,Session_005
126,0,LEFT,True,False,hit,False,60.0,0.0,189.43795620437956,0.0,0.8248175182481752,19,3,16,340.0,274,4.566666666666666,48.0,0.8,neurofeedback,Subject_000,Session_005
127,0,LEFT,True,False,hit,False,60.0,0.0,253.90322580645162,0.0,0.836405529953917,32,1,31,340.0,434,7.233333333333333,0.0,0.0,neurofeedback,Subject_000,Session_005
128,1,RIGHT,True,False,hit,False,740.0,30.0,261.42622950819674,30.0,0.6967213114754098,11,11,0,340.0,244,4.066666666666666,74.0,1.2333333333333334,neurofeedback,Subject_000,Session_005
129,1,RIGHT,True,False,hit,False,740.0,30.0,174.6986301369863,30.0,1.0,10,0,10,340.0,292,4.866666666666666,0.0,0.0,neurofeedback,Subject_000,Session_005
130,0,LEFT,True,False,hit,False,60.0,0.0,272.85526315789474,0.0,0.5592105263157895,5,5,0,340.0,304,5.066666666666666,134.0,2.2333333333333334,neurofeedback,Subject_000,Session_005
131,0,LEFT,True,False,hit,False,60.0,0.0,169.0,0.0,1.0,0,0,0,340.0,170,2.8333333333333335,0.0,0.0,neurofeedback,Subject_000,Session_005
132,0,LEFT,True,False,hit,False,60.0,0.0,177.03846153846155,0.0,1.0,10,0,10,340.0,208,3.466666666666667,0.0,0.0,neurofeedback,Subject_000,Session_005
133,1,RIGHT,True,False,hit,False,740.0,30.0,307.2830188679245,30.0,0.6061320754716981,36,15,21,340.0,424,7.066666666666666,0.0,0.0,neurofeedback,Subject_000,Session_005
134,0,LEFT,True,False,hit,False,60.0,0.0,248.46666666666667,0.0,0.6296296296296297,11,11,0,340.0,270,4.5,100.0,1.6666666666666667,neurofeedback,Subject_000,Session_005
135,0,LEFT,True,False,hit,False,60.0,0.0,176.67391304347825,0.0,1.0,8,0,8,340.0,184,3.066666666666667,0.0,0.0,neurofeedback,Subject_000,Session_005
136,0,LEFT,True,False,hit,False,60.0,0.0,170.5581395348837,0.0,1.0,2,0,2,340.0,172,2.8666666666666667,0.0,0.0,neurofeedback,Subject_000,Session_005
137,0,LEFT,True,False,hit,False,60.0,0.0,165.3448275862069,0.0,1.0,2,0,2,340.0,174,2.9,0.0,0.0,neurofeedback,Subject_000,Session_005
138,1,RIGHT,True,False,hit,False,740.0,30.0,331.390243902439,30.0,0.5995934959349594,41,16,25,340.0,492,8.2,24.0,0.4,neurofeedback,Subject_000,Session_005
139,1,RIGHT,True,False,hit,False,740.0,30.0,198.86013986013987,30.0,1.0,20,0,20,340.0,286,4.766666666666667,0.0,0.0,neurofeedback,Subject_000,Session_005
140,0,LEFT,True,False,hit,False,60.0,0.0,232.86885245901638,0.0,0.8142076502732241,35,1,34,340.0,366,6.1,68.0,1.1333333333333333,neurofeedback,Subject_000,Session_005
141,1,RIGHT,False,False,close_weak_early,False,450.0,320.0,292.14940577249575,102.0,0.8064516129032258,59,25,34,268.0,589,9.816666666666666,92.0,1.5333333333333334,neurofeedback,Subject_000,Session_005
142,0,LEFT,True,False,hit,True,60.0,0.0,311.3061224489796,0.0,0.4336734693877551,17,17,0,340.0,392,6.533333333333333,222.0,3.7,neurofeedback,Subject_000,Session_005
143,1,RIGHT,False,False,wrong_paddle,True,60.0,710.0,541.3698630136986,372.0,0.0,30,30,0,0.0,292,4.866666666666666,,,neurofeedback,Subject_000,Session_005
144,0,LEFT,True,False,hit,False,60.0,0.0,170.86206896551724,0.0,1.0,2,0,2,340.0,174,2.9,0.0,0.0,neurofeedback,Subject_000,Session_005
145,1,RIGHT,True,False,hit,True,740.0,30.0,370.40408163265306,30.0,0.3469387755102041,21,21,0,340.0,490,8.166666666666666,320.0,5.333333333333333,neurofeedback,Subject_000,Session_005
146,0,LEFT,True,False,hit,False,60.0,0.0,237.94366197183098,0.0,0.7816901408450704,19,11,8,340.0,284,4.733333333333333,62.0,1.0333333333333334,neurofeedback,Subject_000,Session_005
147,1,RIGHT,True,False,hit,False,740.0,30.0,246.1931818181818,30.0,0.75,19,2,17,340.0,352,5.866666666666666,0.0,0.0,neurofeedback,Subject_000,Session_005
148,1,RIGHT,False,False,wrong_paddle,True,60.0,710.0,533.2119815668203,364.0,0.016129032258064516,46,44,2,6.0,434,7.233333333333333,0.0,0.0,neurofeedback,Subject_000,Session_005
149,0,LEFT,True,False,hit,False,60.0,0.0,184.15555555555557,0.0,1.0,18,0,18,340.0,270,4.5,0.0,0.0,neurofeedback,Subject_000,Session_005
150,1,RIGHT,False,False,wrong_paddle,False,60.0,710.0,554.8811881188119,372.0,0.0,12,12,0,0.0,202,3.3666666666666667,,,neurofeedback,Subject_000,Session_005
151,0,LEFT,True,False,hit,False,60.0,0.0,197.19574468085105,0.0,0.9702127659574468,36,2,34,340.0,470,7.833333333333333,14.0,0.23333333333333334,neurofeedback,Subject_000,Session_005
152,0,LEFT,True,False,hit,False,60.0,0.0,172.9111111111111,0.0,1.0,6,0,6,340.0,180,3.0,0.0,0.0,neurofeedback,Subject_000,Session_005
153,0,LEFT,True,False,hit,False,60.0,0.0,169.58139534883722,0.0,1.0,2,0,2,340.0,172,2.8666666666666667,0.0,0.0,neurofeedback,Subject_000,Session_005
154,0,LEFT,True,False,hit,False,60.0,0.0,169.0,0.0,1.0,0,0,0,340.0,170,2.8333333333333335,0.0,0.0,neurofeedback,Subject_000,Session_005
155,1,RIGHT,False,True,timeout_close_weak,True,550.0,220.0,481.92605042016805,220.0,0.12605042016806722,49,49,0,150.0,595,9.916666666666666,520.0,8.666666666666666,neurofeedback,Subject_000,Session_005
156,1,RIGHT,True,False,hit,False,740.0,30.0,345.4155844155844,30.0,0.4025974025974026,13,12,1,340.0,462,7.7,0.0,0.0,neurofeedback,Subject_000,Session_005
157,1,RIGHT,True,False,hit,False,740.0,30.0,224.72972972972974,30.0,1.0,14,0,14,340.0,222,3.7,0.0,0.0,neurofeedback,Subject_000,Session_005
158,0,LEFT,True,False,hit,False,60.0,0.0,258.7588652482269,0.0,0.6028368794326241,5,5,0,340.0,282,4.7,112.0,1.8666666666666667,neurofeedback,Subject_000,Session_005
159,1,RIGHT,False,False,close_weak_early,False,534.0,236.0,244.0507614213198,76.0,0.871404399323181,38,9,29,294.0,591,9.85,76.0,1.2666666666666666,neurofeedback,Subject_000,Session_005
160,1,RIGHT,True,False,hit,False,740.0,30.0,267.94444444444446,30.0,0.71875,27,18,9,340.0,288,4.8,46.0,0.7666666666666667,neurofeedback,Subject_000,Session_005
161,0,LEFT,False,False,close_strong_early,False,202.0,142.0,396.80541455160744,142.0,0.2707275803722504,17,10,7,198.0,591,9.85,196.0,3.2666666666666666,neurofeedback,Subject_000,Session_005
162,1,RIGHT,True,False,hit,False,740.0,30.0,368.35460992907804,30.0,0.35815602836879434,11,7,4,340.0,564,9.4,362.0,6.033333333333333,neurofeedback,Subject_000,Session_005
163,0,LEFT,True,False,hit,False,60.0,0.0,272.64935064935065,0.0,0.551948051948052,15,15,0,340.0,308,5.133333333333334,138.0,2.3,neurofeedback,Subject_000,Session_005
164,0,LEFT,True,False,hit,False,60.0,0.0,199.5531914893617,0.0,1.0,22,0,22,340.0,282,4.7,0.0,0.0,neurofeedback,Subject_000,Session_005
165,1,RIGHT,False,False,wrong_early,False,320.0,450.0,341.4949152542373,98.0,0.5033898305084745,31,26,5,272.0,590,9.833333333333334,114.0,1.9,neurofeedback,Subject_000,Session_005
166,0,LEFT,True,False,hit,False,60.0,0.0,259.15602836879435,0.0,0.6028368794326241,1,1,0,340.0,282,4.7,112.0,1.8666666666666667,neurofeedback,Subject_000,Session_005
167,0,LEFT,True,False,hit,False,60.0,0.0,169.0,0.0,1.0,0,0,0,340.0,170,2.8333333333333335,0.0,0.0,neurofeedback,Subject_000,Session_005
168,1,RIGHT,False,False,wrong_paddle,False,60.0,710.0,520.1475409836065,372.0,0.0,12,12,0,0.0,244,4.066666666666666,,,neurofeedback,Subject_000,Session_005
169,1,RIGHT,False,False,wrong_paddle,False,60.0,710.0,541.8045977011494,372.0,0.0,2,2,0,0.0,174,2.9,,,neurofeedback,Subject_000,Session_005
170,1,RIGHT,False,False,wrong_paddle,False,60.0,710.0,545.8210526315789,372.0,0.0,8,8,0,0.0,190,3.1666666666666665,,,neurofeedback,Subject_000,Session_005
171,1,RIGHT,True,False,hit,False,740.0,30.0,216.36170212765958,30.0,0.9716312056737588,27,1,26,340.0,282,4.7,8.0,0.13333333333333333,neurofeedback,Subject_000,Session_005
172,1,RIGHT,False,False,wrong_paddle,True,102.0,668.0,488.8364249578415,302.0,0.1467116357504216,33,16,17,68.0,593,9.883333333333333,0.0,0.0,neurofeedback,Subject_000,Session_005
173,0,LEFT,True,False,hit,False,60.0,0.0,176.77777777777777,0.0,1.0,14,0,14,340.0,198,3.3,0.0,0.0,neurofeedback,Subject_000,Session_005
174,0,LEFT,True,False,hit,False,60.0,0.0,169.0,0.0,1.0,0,0,0,340.0,170,2.8333333333333335,0.0,0.0,neurofeedback,Subject_000,Session_005
175,0,LEFT,True,False,hit,False,60.0,0.0,176.93939393939394,0.0,1.0,12,0,12,340.0,198,3.3,0.0,0.0,neurofeedback,Subject_000,Session_005
176,1,RIGHT,True,False,hit,False,740.0,30.0,282.97080291970804,30.0,0.6204379562043796,5,5,0,340.0,274,4.566666666666666,104.0,1.7333333333333334,neurofeedback,Subject_000,Session_005
177,0,LEFT,True,False,hit,False,60.0,0.0,219.9016393442623,0.0,0.7786885245901639,15,5,10,340.0,244,4.066666666666666,54.0,0.9,neurofeedback,Subject_000,Session_005
178,0,LEFT,True,False,hit,False,60.0,0.0,181.71428571428572,0.0,1.0,14,0,14,340.0,196,3.2666666666666666,0.0,0.0,neurofeedback,Subject_000,Session_005
179,1,RIGHT,False,False,wrong_paddle,False,60.0,710.0,530.4038461538462,372.0,0.0,12,12,0,0.0,208,3.466666666666667,,,neurofeedback,Subject_000,Session_005
180,0,LEFT,True,False,hit,False,60.0,0.0,240.48466257668713,0.0,0.901840490797546,18,4,14,340.0,326,5.433333333333334,0.0,0.0,neurofeedback,Subject_000,Session_005
181,1,RIGHT,False,False,wrong_paddle,True,60.0,710.0,507.13861386138615,298.0,0.18564356435643564,18,15,3,72.0,404,6.733333333333333,58.0,0.9666666666666667,neurofeedback,Subject_000,Session_005
182,0,LEFT,True,False,hit,False,60.0,0.0,173.1098901098901,0.0,1.0,4,0,4,340.0,182,3.033333333333333,0.0,0.0,neurofeedback,Subject_000,Session_005
183,1,RIGHT,False,False,wrong_paddle,True,60.0,710.0,515.3142857142857,372.0,0.0,26,26,0,0.0,280,4.666666666666667,,,neurofeedback,Subject_000,Session_005
184,1,RIGHT,True,False,hit,True,740.0,30.0,405.94650205761315,30.0,0.35185185185185186,15,15,0,340.0,486,8.1,0.0,0.0,neurofeedback,Subject_000,Session_005
185,1,RIGHT,False,False,close_weak_early,True,542.0,228.0,469.9864636209814,228.0,0.17766497461928935,34,26,8,142.0,591,9.85,0.0,0.0,neurofeedback,Subject_000,Session_005
186,0,LEFT,True,False,hit,False,60.0,0.0,225.015503875969,0.0,0.8488372093023255,19,12,7,340.0,258,4.3,8.0,0.13333333333333333,neurofeedback,Subject_000,Session_005
187,1,RIGHT,True,False,hit,False,740.0,30.0,268.1023622047244,30.0,0.6692913385826772,11,11,0,340.0,254,4.233333333333333,84.0,1.4,neurofeedback,Subject_000,Session_005
188,0,LEFT,True,False,hit,False,60.0,0.0,200.09259259259258,0.0,0.8148148148148148,5,3,2,340.0,216,3.6,40.0,0.6666666666666666,neurofeedback,Subject_000,Session_005
189,1,RIGHT,True,False,hit,True,740.0,30.0,384.5267175572519,30.0,0.3244274809160305,41,41,0,340.0,524,8.733333333333333,354.0,5.9,neurofeedback,Subject_000,Session_005
190,0,LEFT,True,False,hit,False,60.0,0.0,261.52054794520546,0.0,0.5821917808219178,17,17,0,340.0,292,4.866666666666666,122.0,2.033333333333333,neurofeedback,Subject_000,Session_005
191,0,LEFT,False,False,wrong_early,False,468.0,408.0,255.4781144781145,26.0,0.7121212121212122,25,4,21,314.0,594,9.9,0.0,0.0,neurofeedback,Subject_000,Session_005
192,0,LEFT,False,False,wrong_paddle,False,740.0,680.0,511.0,342.0,0.0,0,0,0,0.0,170,2.8333333333333335,,,neurofeedback,Subject_000,Session_005
193,0,LEFT,False,False,wrong_early,False,554.0,494.0,312.38111298482295,154.0,0.612141652613828,20,1,19,186.0,593,9.883333333333333,152.0,2.533333333333333,neurofeedback,Subject_000,Session_005
194,1,RIGHT,True,False,hit,False,740.0,30.0,199.0,30.0,1.0,0,0,0,340.0,170,2.8333333333333335,0.0,0.0,neurofeedback,Subject_000,Session_005
195,1,RIGHT,True,False,hit,False,740.0,30.0,199.0,30.0,1.0,0,0,0,340.0,170,2.8333333333333335,0.0,0.0,neurofeedback,Subject_000,Session_005
196,0,LEFT,False,False,wrong_paddle,False,740.0,680.0,511.0,342.0,0.0,0,0,0,0.0,170,2.8333333333333335,,,neurofeedback,Subject_000,Session_005
197,0,LEFT,False,False,wrong_paddle,False,740.0,680.0,509.0,338.0,0.005813953488372093,0,0,0,2.0,172,2.8666666666666667,0.0,0.0,neurofeedback,Subject_000,Session_005
198,1,RIGHT,True,False,hit,False,740.0,30.0,199.0,30.0,1.0,0,0,0,340.0,170,2.8333333333333335,0.0,0.0,neurofeedback,Subject_000,Session_005
199,1,RIGHT,True,False,hit,False,740.0,30.0,199.0,30.0,1.0,0,0,0,340.0,170,2.8333333333333335,0.0,0.0,neurofeedback,Subject_000,Session_005
0,0,LEFT,True,False,hit,False,60.0,0.0,207.26027397260273,0.0,0.776255707762557,1,1,0,340.0,219,3.65,49.0,0.8166666666666667,neurofeedback,Subject_000,Session_006
1,1,RIGHT,False,False,wrong_paddle,False,60.0,710.0,541.0,372.0,0.0,0,0,0,0.0,170,2.8333333333333335,,,neurofeedback,Subject_000,Session_006
2,1,RIGHT,False,False,close_weak_early,False,518.0,252.0,277.247892074199,106.0,0.7571669477234402,28,3,25,264.0,593,9.883333333333333,144.0,2.4,neurofeedback,Subject_000,Session_006
3,0,LEFT,True,False,hit,False,60.0,0.0,178.9873417721519,0.0,1.0,36,0,36,340.0,316,5.266666666666667,0.0,0.0,neurofeedback,Subject_000,Session_006
4,1,RIGHT,True,False,hit,True,740.0,30.0,385.28125,30.0,0.33203125,49,49,0,340.0,512,8.533333333333333,342.0,5.7,neurofeedback,Subject_000,Session_006
5,0,LEFT,True,False,hit,False,60.0,0.0,263.65686274509807,0.0,0.7279411764705882,11,4,7,340.0,408,6.8,104.0,1.7333333333333334,neurofeedback,Subject_000,Session_006
6,0,LEFT,False,False,wrong_paddle,False,740.0,680.0,435.9172932330827,264.0,0.35714285714285715,11,0,11,76.0,266,4.433333333333334,0.0,0.0,neurofeedback,Subject_000,Session_006
7,0,LEFT,False,False,wrong_paddle,False,740.0,680.0,513.6862745098039,342.0,0.0,12,12,0,0.0,204,3.4,,,neurofeedback,Subject_000,Session_006
8,1,RIGHT,True,False,hit,False,740.0,30.0,287.7118644067797,30.0,0.7372881355932204,20,12,8,340.0,472,7.866666666666666,0.0,0.0,neurofeedback,Subject_000,Session_006
9,0,LEFT,False,False,wrong_paddle,False,740.0,680.0,511.0,342.0,0.0,0,0,0,0.0,170,2.8333333333333335,,,neurofeedback,Subject_000,Session_006
10,1,RIGHT,True,False,hit,False,740.0,30.0,216.51401869158877,30.0,1.0,8,0,8,340.0,214,3.566666666666667,0.0,0.0,neurofeedback,Subject_000,Session_006
11,0,LEFT,True,False,hit,False,60.0,0.0,384.25714285714287,0.0,0.3469387755102041,3,3,0,340.0,490,8.166666666666666,320.0,5.333333333333333,neurofeedback,Subject_000,Session_006
12,1,RIGHT,True,False,hit,False,740.0,30.0,293.17391304347825,30.0,0.6708074534161491,7,3,4,340.0,322,5.366666666666666,106.0,1.7666666666666666,neurofeedback,Subject_000,Session_006
13,0,LEFT,True,False,hit,True,60.0,0.0,364.9230769230769,0.0,0.3269230769230769,17,17,0,340.0,520,8.666666666666666,350.0,5.833333333333333,neurofeedback,Subject_000,Session_006
14,1,RIGHT,True,False,hit,False,740.0,30.0,318.15337423312883,30.0,0.5214723926380368,1,1,0,340.0,326,5.433333333333334,156.0,2.6,neurofeedback,Subject_000,Session_006
15,1,RIGHT,True,False,hit,False,740.0,30.0,199.0,30.0,1.0,0,0,0,340.0,170,2.8333333333333335,0.0,0.0,neurofeedback,Subject_000,Session_006
16,0,LEFT,True,False,hit,False,60.0,0.0,282.2830188679245,0.0,0.5345911949685535,7,7,0,340.0,318,5.3,148.0,2.466666666666667,neurofeedback,Subject_000,Session_006
17,1,RIGHT,True,False,hit,False,740.0,30.0,264.744,30.0,0.68,11,11,0,340.0,250,4.166666666666667,80.0,1.3333333333333333,neurofeedback,Subject_000,Session_006
18,0,LEFT,False,False,wrong_paddle,False,740.0,680.0,506.5208333333333,342.0,0.0,10,10,0,0.0,192,3.2,,,neurofeedback,Subject_000,Session_006
19,1,RIGHT,True,False,hit,False,740.0,30.0,199.0,30.0,1.0,0,0,0,340.0,170,2.8333333333333335,0.0,0.0,neurofeedback,Subject_000,Session_006
20,1,RIGHT,True,False,hit,False,740.0,30.0,216.31851851851852,30.0,1.0,16,0,16,340.0,270,4.5,0.0,0.0,neurofeedback,Subject_000,Session_006
21,1,RIGHT,True,False,hit,False,740.0,30.0,200.42528735632183,30.0,1.0,4,0,4,340.0,174,2.9,0.0,0.0,neurofeedback,Subject_000,Session_006
22,1,RIGHT,True,False,hit,False,740.0,30.0,217.61818181818182,30.0,1.0,14,0,14,340.0,220,3.6666666666666665,0.0,0.0,neurofeedback,Subject_000,Session_006
23,0,LEFT,False,False,close_weak_early,False,290.0,230.0,361.9320882852292,46.0,0.4159592529711375,16,13,3,294.0,589,9.816666666666666,344.0,5.733333333333333,neurofeedback,Subject_000,Session_006
24,0,LEFT,False,False,close_weak_early,False,306.0,246.0,335.36626916524705,124.0,0.5400340715502555,23,5,18,216.0,587,9.783333333333333,270.0,4.5,neurofeedback,Subject_000,Session_006
25,1,RIGHT,True,False,hit,False,740.0,30.0,292.64397905759165,30.0,0.680628272251309,7,1,6,340.0,382,6.366666666666666,122.0,2.033333333333333,neurofeedback,Subject_000,Session_006
26,1,RIGHT,True,False,hit,False,740.0,30.0,199.0,30.0,1.0,0,0,0,340.0,170,2.8333333333333335,0.0,0.0,neurofeedback,Subject_000,Session_006
27,0,LEFT,True,False,hit,False,60.0,0.0,331.0808080808081,0.0,0.4292929292929293,1,1,0,340.0,396,6.6,226.0,3.7666666666666666,neurofeedback,Subject_000,Session_006
28,0,LEFT,True,False,hit,False,60.0,0.0,230.24324324324326,0.0,0.8952702702702703,18,3,15,340.0,296,4.933333333333334,0.0,0.0,neurofeedback,Subject_000,Session_006
29,0,LEFT,False,False,wrong_paddle,False,740.0,680.0,450.95,272.0,0.2875,3,0,3,68.0,240,4.0,0.0,0.0,neurofeedback,Subject_000,Session_006
30,0,LEFT,False,False,close_weak_early,True,392.0,332.0,452.93898305084747,264.0,0.14576271186440679,22,17,5,76.0,590,9.833333333333334,504.0,8.4,neurofeedback,Subject_000,Session_006
31,0,LEFT,False,False,wrong_paddle,False,740.0,680.0,509.2022471910112,342.0,0.0,6,6,0,0.0,178,2.966666666666667,,,neurofeedback,Subject_000,Session_006
32,1,RIGHT,True,False,hit,False,740.0,30.0,214.69072164948454,30.0,1.0,10,0,10,340.0,194,3.2333333333333334,0.0,0.0,neurofeedback,Subject_000,Session_006
33,0,LEFT,False,False,wrong_paddle,True,740.0,680.0,515.1990950226244,342.0,0.0,28,28,0,0.0,442,7.366666666666666,,,neurofeedback,Subject_000,Session_006
34,1,RIGHT,True,False,hit,False,740.0,30.0,201.98850574712642,30.0,1.0,4,0,4,340.0,174,2.9,0.0,0.0,neurofeedback,Subject_000,Session_006
35,1,RIGHT,True,False,hit,False,740.0,30.0,181.97029702970298,30.0,1.0,6,0,6,340.0,202,3.3666666666666667,0.0,0.0,neurofeedback,Subject_000,Session_006
36,1,RIGHT,True,False,hit,False,740.0,30.0,214.24271844660194,30.0,0.8956310679611651,12,5,7,340.0,412,6.866666666666666,0.0,0.0,neurofeedback,Subject_000,Session_006
37,0,LEFT,False,False,wrong_paddle,True,740.0,680.0,479.75384615384615,338.0,0.0038461538461538464,28,28,0,2.0,260,4.333333333333333,0.0,0.0,neurofeedback,Subject_000,Session_006
38,1,RIGHT,True,False,hit,False,740.0,30.0,203.9438202247191,30.0,1.0,8,0,8,340.0,178,2.966666666666667,0.0,0.0,neurofeedback,Subject_000,Session_006
39,0,LEFT,False,False,wrong_paddle,True,740.0,680.0,521.3955223880597,342.0,0.0,34,34,0,0.0,536,8.933333333333334,,,neurofeedback,Subject_000,Session_006
40,1,RIGHT,True,False,hit,False,740.0,30.0,226.96521739130435,30.0,1.0,26,0,26,340.0,230,3.8333333333333335,0.0,0.0,neurofeedback,Subject_000,Session_006
41,0,LEFT,False,False,wrong_paddle,False,740.0,680.0,516.3398058252427,342.0,0.0,4,4,0,0.0,206,3.433333333333333,,,neurofeedback,Subject_000,Session_006
42,0,LEFT,False,False,wrong_paddle,True,594.0,534.0,346.52810902896084,196.0,0.44804088586030666,52,31,21,144.0,587,9.783333333333333,20.0,0.3333333333333333,neurofeedback,Subject_000,Session_006
43,0,LEFT,False,False,close_strong_early,True,176.0,116.0,407.09589041095893,116.0,0.2482876712328767,36,29,7,224.0,584,9.733333333333333,2.0,0.03333333333333333,neurofeedback,Subject_000,Session_006
44,1,RIGHT,True,False,hit,False,740.0,30.0,248.30973451327435,30.0,0.7522123893805309,1,1,0,340.0,226,3.7666666666666666,56.0,0.9333333333333333,neurofeedback,Subject_000,Session_006
45,1,RIGHT,True,False,hit,False,740.0,30.0,168.6036036036036,30.0,1.0,12,0,12,340.0,222,3.7,0.0,0.0,neurofeedback,Subject_000,Session_006
46,1,RIGHT,True,False,hit,False,740.0,30.0,215.5979381443299,30.0,1.0,10,0,10,340.0,194,3.2333333333333334,0.0,0.0,neurofeedback,Subject_000,Session_006
47,1,RIGHT,True,False,hit,False,740.0,30.0,199.0,30.0,1.0,0,0,0,340.0,170,2.8333333333333335,0.0,0.0,neurofeedback,Subject_000,Session_006
48,1,RIGHT,True,False,hit,False,740.0,30.0,289.53846153846155,30.0,0.7980769230769231,16,4,12,340.0,416,6.933333333333334,0.0,0.0,neurofeedback,Subject_000,Session_006
49,0,LEFT,True,False,hit,False,60.0,0.0,240.890625,0.0,0.6640625,1,1,0,340.0,256,4.266666666666667,86.0,1.4333333333333333,neurofeedback,Subject_000,Session_006
50,0,LEFT,False,False,wrong_paddle,False,740.0,680.0,487.8349514563107,316.0,0.13106796116504854,7,4,3,24.0,206,3.433333333333333,0.0,0.0,neurofeedback,Subject_000,Session_006
51,0,LEFT,False,False,wrong_paddle,False,740.0,680.0,511.0,342.0,0.0,0,0,0,0.0,170,2.8333333333333335,,,neurofeedback,Subject_000,Session_006
52,0,LEFT,True,False,hit,False,60.0,0.0,251.13235294117646,0.0,0.625,9,9,0,340.0,272,4.533333333333333,102.0,1.7,neurofeedback,Subject_000,Session_006
53,1,RIGHT,True,False,hit,False,740.0,30.0,249.859649122807,30.0,0.7456140350877193,3,3,0,340.0,228,3.8,58.0,0.9666666666666667,neurofeedback,Subject_000,Session_006
54,0,LEFT,False,False,close_strong_early,False,208.0,148.0,418.0952380952381,148.0,0.2602040816326531,13,8,5,192.0,588,9.8,106.0,1.7666666666666666,neurofeedback,Subject_000,Session_006
55,0,LEFT,True,False,hit,False,60.0,0.0,302.6820512820513,0.0,0.5461538461538461,6,3,3,340.0,390,6.5,0.0,0.0,neurofeedback,Subject_000,Session_006
56,1,RIGHT,True,False,hit,False,740.0,30.0,252.0,30.0,0.8560606060606061,25,3,22,340.0,264,4.4,38.0,0.6333333333333333,neurofeedback,Subject_000,Session_006
57,0,LEFT,True,False,hit,False,60.0,0.0,315.0,0.0,0.5431034482758621,11,7,4,340.0,464,7.733333333333333,212.0,3.533333333333333,neurofeedback,Subject_000,Session_006
58,1,RIGHT,False,False,close_strong_early,False,676.0,94.0,211.13745704467354,84.0,0.9329896907216495,50,7,43,286.0,582,9.7,2.0,0.03333333333333333,neurofeedback,Subject_000,Session_006
59,1,RIGHT,True,False,hit,False,740.0,30.0,218.72972972972974,30.0,1.0,24,0,24,340.0,296,4.933333333333334,0.0,0.0,neurofeedback,Subject_000,Session_006
60,0,LEFT,False,False,wrong_paddle,True,740.0,680.0,540.5155279503106,342.0,0.0,16,16,0,0.0,322,5.366666666666666,,,neurofeedback,Subject_000,Session_006
61,1,RIGHT,True,False,hit,False,740.0,30.0,190.8,30.0,1.0,8,0,8,340.0,280,4.666666666666667,0.0,0.0,neurofeedback,Subject_000,Session_006
62,0,LEFT,False,False,wrong_paddle,True,740.0,680.0,472.7142857142857,342.0,0.0,24,24,0,0.0,266,4.433333333333334,,,neurofeedback,Subject_000,Session_006
63,0,LEFT,False,False,wrong_paddle,False,740.0,680.0,400.4318181818182,198.0,0.2746212121212121,14,11,3,142.0,528,8.8,120.0,2.0,neurofeedback,Subject_000,Session_006
64,0,LEFT,False,False,wrong_paddle,False,740.0,680.0,486.76237623762376,342.0,0.0,2,2,0,0.0,202,3.3666666666666667,,,neurofeedback,Subject_000,Session_006
65,1,RIGHT,True,False,hit,False,740.0,30.0,199.0,30.0,1.0,0,0,0,340.0,170,2.8333333333333335,0.0,0.0,neurofeedback,Subject_000,Session_006
66,1,RIGHT,True,False,hit,False,740.0,30.0,176.1822222222222,30.0,1.0,22,0,22,340.0,450,7.5,0.0,0.0,neurofeedback,Subject_000,Session_006
67,1,RIGHT,True,False,hit,False,740.0,30.0,199.0,30.0,1.0,0,0,0,340.0,170,2.8333333333333335,0.0,0.0,neurofeedback,Subject_000,Session_006
68,1,RIGHT,True,False,hit,False,740.0,30.0,199.0,30.0,1.0,0,0,0,340.0,170,2.8333333333333335,0.0,0.0,neurofeedback,Subject_000,Session_006
69,0,LEFT,False,False,wrong_paddle,True,740.0,680.0,484.05882352941177,286.0,0.12629757785467127,28,21,7,54.0,578,9.633333333333333,198.0,3.3,neurofeedback,Subject_000,Session_006
70,0,LEFT,False,False,close_strong_early,True,148.0,88.0,348.8839590443686,88.0,0.29180887372013653,49,44,5,252.0,586,9.766666666666667,268.0,4.466666666666667,neurofeedback,Subject_000,Session_006
71,0,LEFT,False,False,wrong_paddle,False,740.0,680.0,443.0610687022901,300.0,0.3473282442748092,21,0,21,40.0,262,4.366666666666666,0.0,0.0,neurofeedback,Subject_000,Session_006
72,0,LEFT,False,False,wrong_paddle,True,740.0,680.0,482.9217877094972,342.0,0.0,22,22,0,0.0,358,5.966666666666667,,,neurofeedback,Subject_000,Session_006
73,1,RIGHT,True,False,hit,True,740.0,30.0,400.9389312977099,30.0,0.3816793893129771,30,18,12,340.0,524,8.733333333333333,0.0,0.0,neurofeedback,Subject_000,Session_006
74,0,LEFT,True,False,hit,False,60.0,0.0,321.4263959390863,0.0,0.43147208121827413,5,5,0,340.0,394,6.566666666666666,224.0,3.7333333333333334,neurofeedback,Subject_000,Session_006
75,0,LEFT,False,False,wrong_paddle,False,740.0,680.0,470.85185185185185,300.0,0.19907407407407407,7,2,5,40.0,216,3.6,0.0,0.0,neurofeedback,Subject_000,Session_006
76,1,RIGHT,True,False,hit,False,740.0,30.0,279.41726618705036,30.0,0.6726618705035972,8,5,3,340.0,278,4.633333333333334,0.0,0.0,neurofeedback,Subject_000,Session_006
77,1,RIGHT,True,False,hit,False,740.0,30.0,199.0,30.0,1.0,0,0,0,340.0,170,2.8333333333333335,0.0,0.0,neurofeedback,Subject_000,Session_006
78,1,RIGHT,True,False,hit,False,740.0,30.0,199.74418604651163,30.0,1.0,2,0,2,340.0,172,2.8666666666666667,0.0,0.0,neurofeedback,Subject_000,Session_006
79,1,RIGHT,True,False,hit,False,740.0,30.0,199.3409090909091,30.0,1.0,6,0,6,340.0,176,2.933333333333333,0.0,0.0,neurofeedback,Subject_000,Session_006
80,0,LEFT,False,False,close_strong_early,True,228.0,168.0,461.67808219178085,168.0,0.17294520547945205,19,16,3,172.0,584,9.733333333333333,448.0,7.466666666666667,neurofeedback,Subject_000,Session_006
81,0,LEFT,False,False,wrong_paddle,False,616.0,556.0,331.8941979522184,168.0,0.552901023890785,43,9,34,172.0,586,9.766666666666667,0.0,0.0,neurofeedback,Subject_000,Session_006
82,1,RIGHT,True,False,hit,False,740.0,30.0,219.5252525252525,30.0,1.0,6,0,6,340.0,198,3.3,0.0,0.0,neurofeedback,Subject_000,Session_006
83,1,RIGHT,True,False,hit,False,740.0,30.0,199.0,30.0,1.0,0,0,0,340.0,170,2.8333333333333335,0.0,0.0,neurofeedback,Subject_000,Session_006
84,0,LEFT,True,False,hit,False,60.0,0.0,305.8673469387755,0.0,0.49489795918367346,13,3,10,340.0,392,6.533333333333333,198.0,3.3,neurofeedback,Subject_000,Session_006
85,0,LEFT,True,False,hit,False,60.0,0.0,218.60655737704917,0.0,0.9016393442622951,18,6,12,340.0,244,4.066666666666666,0.0,0.0,neurofeedback,Subject_000,Session_006
86,0,LEFT,False,False,wrong_paddle,False,740.0,680.0,452.4453781512605,274.0,0.2815126050420168,3,0,3,66.0,238,3.966666666666667,0.0,0.0,neurofeedback,Subject_000,Session_006
87,0,LEFT,False,False,close_strong_early,False,86.0,26.0,280.47341337907375,26.0,0.6775300171526587,29,11,18,314.0,583,9.716666666666667,12.0,0.2,neurofeedback,Subject_000,Session_006
88,1,RIGHT,True,False,hit,False,740.0,30.0,270.890625,30.0,0.6640625,1,1,0,340.0,256,4.266666666666667,86.0,1.4333333333333333,neurofeedback,Subject_000,Session_006
89,1,RIGHT,True,False,hit,False,740.0,30.0,199.0,30.0,1.0,0,0,0,340.0,170,2.8333333333333335,0.0,0.0,neurofeedback,Subject_000,Session_006
90,1,RIGHT,True,False,hit,False,740.0,30.0,199.0,30.0,1.0,0,0,0,340.0,170,2.8333333333333335,0.0,0.0,neurofeedback,Subject_000,Session_006
91,1,RIGHT,True,False,hit,False,740.0,30.0,240.33333333333334,30.0,0.8055555555555556,12,1,11,340.0,252,4.2,0.0,0.0,neurofeedback,Subject_000,Session_006
92,1,RIGHT,True,False,hit,False,740.0,30.0,250.2136752136752,30.0,0.7393162393162394,12,11,1,340.0,234,3.9,0.0,0.0,neurofeedback,Subject_000,Session_006
93,0,LEFT,False,False,wrong_paddle,False,740.0,680.0,511.0,342.0,0.0,0,0,0,0.0,170,2.8333333333333335,,,neurofeedback,Subject_000,Session_006
94,0,LEFT,False,False,wrong_paddle,False,594.0,534.0,297.421686746988,48.0,0.5387263339070568,18,9,9,292.0,581,9.683333333333334,170.0,2.8333333333333335,neurofeedback,Subject_000,Session_006
95,1,RIGHT,True,False,hit,False,740.0,30.0,172.67195767195767,30.0,1.0,8,0,8,340.0,378,6.3,0.0,0.0,neurofeedback,Subject_000,Session_006
96,0,LEFT,False,False,wrong_paddle,False,740.0,680.0,498.7695473251029,342.0,0.0,12,12,0,0.0,486,8.1,,,neurofeedback,Subject_000,Session_006
97,0,LEFT,True,False,hit,False,60.0,0.0,173.76041666666666,0.0,0.921875,11,3,8,340.0,384,6.4,30.0,0.5,neurofeedback,Subject_000,Session_006
98,1,RIGHT,True,False,hit,False,740.0,30.0,273.2153846153846,30.0,0.6538461538461539,5,5,0,340.0,260,4.333333333333333,90.0,1.5,neurofeedback,Subject_000,Session_006
99,1,RIGHT,True,False,hit,False,740.0,30.0,257.198347107438,30.0,0.7396694214876033,6,3,3,340.0,242,4.033333333333333,0.0,0.0,neurofeedback,Subject_000,Session_006
0,1,RIGHT,False,False,wrong_paddle,False,154.0,616.0,429.6558773424191,364.0,0.008517887563884156,8,7,1,6.0,587,9.783333333333333,388.0,6.466666666666667,neurofeedback,Subject_000,Session_007
1,1,RIGHT,True,False,hit,False,740.0,30.0,254.33333333333334,30.0,0.9,10,7,3,340.0,390,6.5,0.0,0.0,neurofeedback,Subject_000,Session_007
2,0,LEFT,False,False,wrong_paddle,False,740.0,680.0,511.0,342.0,0.0,0,0,0,0.0,170,2.8333333333333335,,,neurofeedback,Subject_000,Session_007
3,0,LEFT,True,False,hit,False,60.0,0.0,252.10294117647058,0.0,0.625,3,3,0,340.0,272,4.533333333333333,102.0,1.7,neurofeedback,Subject_000,Session_007
4,1,RIGHT,True,False,hit,False,740.0,30.0,199.0,30.0,1.0,0,0,0,340.0,170,2.8333333333333335,0.0,0.0,neurofeedback,Subject_000,Session_007
0,0,LEFT,False,False,close_weak_early,False,334.0,274.0,343.8862385321101,274.0,0.21100917431192662,23,9,14,66.0,545,9.083333333333334,308.0,5.133333333333334,neurofeedback,Subject_001,ME
1,1,RIGHT,True,False,hit,False,740.0,30.0,213.95145631067962,30.0,1.0,10,0,10,340.0,206,3.433333333333333,0.0,0.0,neurofeedback,Subject_001,ME
2,0,LEFT,True,False,hit,False,60.0,0.0,194.859649122807,0.0,0.9956140350877193,14,1,13,340.0,228,3.8,0.0,0.0,neurofeedback,Subject_001,ME
3,0,LEFT,True,False,hit,False,60.0,0.0,190.1965811965812,0.0,0.9871794871794872,14,1,13,340.0,234,3.9,0.0,0.0,neurofeedback,Subject_001,ME
4,0,LEFT,False,False,wrong_paddle,False,740.0,680.0,420.1225806451613,226.0,0.36451612903225805,11,10,1,114.0,310,5.166666666666667,0.0,0.0,neurofeedback,Subject_001,ME
5,1,RIGHT,True,False,hit,False,740.0,30.0,203.5,30.0,1.0,2,0,2,340.0,176,2.933333333333333,0.0,0.0,neurofeedback,Subject_001,ME
6,0,LEFT,True,False,hit,False,60.0,0.0,155.29896907216494,0.0,1.0,8,0,8,340.0,388,6.466666666666667,0.0,0.0,neurofeedback,Subject_001,ME
7,0,LEFT,False,False,wrong_paddle,False,740.0,680.0,454.3966480446927,312.0,0.0893854748603352,14,12,2,28.0,358,5.966666666666667,144.0,2.4,neurofeedback,Subject_001,ME
8,1,RIGHT,False,False,wrong_paddle,False,60.0,710.0,541.0,372.0,0.0,0,0,0,0.0,170,2.8333333333333335,,,neurofeedback,Subject_001,ME
9,1,RIGHT,True,False,hit,False,740.0,30.0,199.0,30.0,1.0,0,0,0,340.0,170,2.8333333333333335,0.0,0.0,neurofeedback,Subject_001,ME
10,0,LEFT,True,False,hit,False,60.0,0.0,273.38993710691824,0.0,0.5345911949685535,11,11,0,340.0,318,5.3,148.0,2.466666666666667,neurofeedback,Subject_001,ME
11,1,RIGHT,False,True,timeout_close_weak,False,528.0,242.0,349.68896321070235,202.0,0.637123745819398,48,13,35,168.0,598,9.966666666666667,0.0,0.0,neurofeedback,Subject_001,ME
12,0,LEFT,False,False,wrong_early,False,478.0,418.0,296.5969645868465,122.0,0.6087689713322091,53,20,33,218.0,593,9.883333333333333,0.0,0.0,neurofeedback,Subject_001,ME
13,1,RIGHT,False,False,wrong_early,False,294.0,476.0,332.3756345177665,68.0,0.5549915397631133,26,18,8,302.0,591,9.85,0.0,0.0,neurofeedback,Subject_001,ME
14,1,RIGHT,True,False,hit,False,740.0,30.0,327.53719008264466,30.0,0.5888429752066116,16,1,15,340.0,484,8.066666666666666,0.0,0.0,neurofeedback,Subject_001,ME
15,1,RIGHT,False,False,wrong_paddle,False,60.0,710.0,428.9268292682927,250.0,0.47865853658536583,13,0,13,120.0,328,5.466666666666667,0.0,0.0,neurofeedback,Subject_001,ME
16,0,LEFT,True,False,hit,False,60.0,0.0,147.13675213675214,0.0,1.0,10,0,10,340.0,234,3.9,0.0,0.0,neurofeedback,Subject_001,ME
17,0,LEFT,False,False,close_weak_early,True,244.0,184.0,361.94594594594594,184.0,0.3310810810810811,34,26,8,156.0,592,9.866666666666667,0.0,0.0,neurofeedback,Subject_001,ME
18,1,RIGHT,True,False,hit,False,740.0,30.0,199.0,30.0,1.0,0,0,0,340.0,170,2.8333333333333335,0.0,0.0,neurofeedback,Subject_001,ME
19,1,RIGHT,True,False,hit,False,740.0,30.0,248.23232323232324,30.0,0.946969696969697,13,4,9,340.0,396,6.6,4.0,0.06666666666666667,neurofeedback,Subject_001,ME
20,0,LEFT,False,False,wrong_early,True,472.0,412.0,450.87205387205387,264.0,0.24915824915824916,29,21,8,76.0,594,9.9,0.0,0.0,neurofeedback,Subject_001,ME
21,1,RIGHT,False,False,wrong_paddle,False,60.0,710.0,502.2023121387283,362.0,0.02023121387283237,14,13,1,8.0,346,5.766666666666667,148.0,2.466666666666667,neurofeedback,Subject_001,ME
22,1,RIGHT,True,False,hit,False,740.0,30.0,203.74,30.0,1.0,10,0,10,340.0,200,3.3333333333333335,0.0,0.0,neurofeedback,Subject_001,ME
23,0,LEFT,True,False,hit,True,60.0,0.0,377.71223021582733,0.0,0.3057553956834532,19,19,0,340.0,556,9.266666666666667,386.0,6.433333333333334,neurofeedback,Subject_001,ME
24,1,RIGHT,True,False,hit,False,740.0,30.0,272.1808510638298,30.0,0.9228723404255319,22,3,19,340.0,376,6.266666666666667,0.0,0.0,neurofeedback,Subject_001,ME
25,0,LEFT,True,False,hit,False,60.0,0.0,241.242774566474,0.0,0.6560693641618497,27,12,15,340.0,346,5.766666666666667,116.0,1.9333333333333333,neurofeedback,Subject_001,ME
26,1,RIGHT,True,False,hit,False,740.0,30.0,211.33449477351917,30.0,1.0,40,0,40,340.0,574,9.566666666666666,0.0,0.0,neurofeedback,Subject_001,ME
27,0,LEFT,False,False,wrong_early,False,580.0,520.0,317.74074074074076,94.0,0.5572390572390572,38,19,19,246.0,594,9.9,12.0,0.2,neurofeedback,Subject_001,ME
28,1,RIGHT,False,True,timeout_wrong,False,338.0,432.0,234.47906197654942,40.0,0.8894472361809045,36,9,27,330.0,597,9.95,0.0,0.0,neurofeedback,Subject_001,ME
29,1,RIGHT,False,False,wrong_paddle,False,60.0,710.0,477.44827586206895,286.0,0.27873563218390807,13,10,3,84.0,348,5.8,0.0,0.0,neurofeedback,Subject_001,ME
30,1,RIGHT,False,True,timeout_close_weak,False,504.0,266.0,280.3288590604027,156.0,0.8859060402684564,46,7,39,214.0,596,9.933333333333334,36.0,0.6,neurofeedback,Subject_001,ME
31,0,LEFT,False,False,wrong_paddle,False,740.0,680.0,503.1777777777778,342.0,0.0,4,4,0,0.0,180,3.0,,,neurofeedback,Subject_001,ME
32,1,RIGHT,True,False,hit,False,740.0,30.0,194.35555555555555,30.0,1.0,4,0,4,340.0,180,3.0,0.0,0.0,neurofeedback,Subject_001,ME
33,0,LEFT,True,False,hit,False,60.0,0.0,172.0,0.0,1.0,2,0,2,340.0,176,2.933333333333333,0.0,0.0,neurofeedback,Subject_001,ME
34,0,LEFT,True,False,hit,False,60.0,0.0,172.609756097561,0.0,0.926829268292683,11,1,10,340.0,246,4.1,18.0,0.3,neurofeedback,Subject_001,ME
35,1,RIGHT,False,True,timeout_close_weak,False,502.0,268.0,408.92436974789916,154.0,0.4218487394957983,14,3,11,216.0,595,9.916666666666666,344.0,5.733333333333333,neurofeedback,Subject_001,ME
36,0,LEFT,False,False,wrong_paddle,False,740.0,680.0,522.4285714285714,342.0,0.0,8,8,0,0.0,196,3.2666666666666666,,,neurofeedback,Subject_001,ME
37,0,LEFT,False,False,wrong_paddle,False,740.0,680.0,341.8252427184466,116.0,0.5849514563106796,9,0,9,224.0,412,6.866666666666666,0.0,0.0,neurofeedback,Subject_001,ME
38,0,LEFT,True,False,hit,False,60.0,0.0,169.0,0.0,1.0,0,0,0,340.0,170,2.8333333333333335,0.0,0.0,neurofeedback,Subject_001,ME
39,1,RIGHT,True,False,hit,False,740.0,30.0,328.8167938931298,30.0,0.5229007633587787,39,29,10,340.0,524,8.733333333333333,6.0,0.1,neurofeedback,Subject_001,ME
40,1,RIGHT,False,False,wrong_paddle,False,60.0,710.0,448.38775510204084,272.0,0.391156462585034,8,1,7,98.0,294,4.9,8.0,0.13333333333333333,neurofeedback,Subject_001,ME
41,0,LEFT,True,False,hit,False,60.0,0.0,169.0,0.0,1.0,0,0,0,340.0,170,2.8333333333333335,0.0,0.0,neurofeedback,Subject_001,ME
42,0,LEFT,False,False,wrong_paddle,False,740.0,680.0,481.0550458715596,320.0,0.1559633027522936,13,7,6,20.0,218,3.6333333333333333,0.0,0.0,neurofeedback,Subject_001,ME
43,1,RIGHT,True,False,hit,False,740.0,30.0,200.77011494252875,30.0,1.0,2,0,2,340.0,174,2.9,0.0,0.0,neurofeedback,Subject_001,ME
44,1,RIGHT,False,False,wrong_paddle,False,60.0,710.0,543.967032967033,372.0,0.0,4,4,0,0.0,182,3.033333333333333,,,neurofeedback,Subject_001,ME
45,0,LEFT,True,False,hit,False,60.0,0.0,167.6304347826087,0.0,1.0,4,0,4,340.0,184,3.066666666666667,0.0,0.0,neurofeedback,Subject_001,ME
46,0,LEFT,False,False,close_strong_early,False,124.0,64.0,242.2929292929293,34.0,0.6363636363636364,31,13,18,306.0,594,9.9,216.0,3.6,neurofeedback,Subject_001,ME
47,0,LEFT,True,False,hit,False,60.0,0.0,169.39080459770116,0.0,1.0,2,0,2,340.0,174,2.9,0.0,0.0,neurofeedback,Subject_001,ME
48,1,RIGHT,False,False,wrong_early,False,254.0,516.0,276.1079258010118,122.0,0.8617200674536256,44,1,43,248.0,593,9.883333333333333,0.0,0.0,neurofeedback,Subject_001,ME
49,0,LEFT,False,False,wrong_paddle,True,740.0,680.0,511.51408450704224,342.0,0.0,36,36,0,0.0,568,9.466666666666667,,,neurofeedback,Subject_001,ME
50,0,LEFT,True,False,hit,False,60.0,0.0,182.5,0.0,0.793859649122807,39,9,30,340.0,456,7.6,94.0,1.5666666666666667,neurofeedback,Subject_001,ME
51,1,RIGHT,False,False,wrong_paddle,False,60.0,710.0,468.26,276.0,0.3375,31,14,17,94.0,400,6.666666666666667,0.0,0.0,neurofeedback,Subject_001,ME
52,0,LEFT,False,True,timeout_wrong,False,528.0,468.0,254.61872909698997,98.0,0.802675585284281,21,1,20,242.0,598,9.966666666666667,0.0,0.0,neurofeedback,Subject_001,ME
53,1,RIGHT,False,False,wrong_paddle,False,60.0,710.0,410.5762711864407,194.0,0.4851694915254237,34,19,15,176.0,472,7.866666666666666,10.0,0.16666666666666666,neurofeedback,Subject_001,ME
54,0,LEFT,True,False,hit,False,60.0,0.0,170.64341085271317,0.0,0.9922480620155039,16,0,16,340.0,258,4.3,2.0,0.03333333333333333,neurofeedback,Subject_001,ME
55,1,RIGHT,True,False,hit,False,740.0,30.0,246.83410138248848,30.0,0.8248847926267281,35,1,34,340.0,434,7.233333333333333,76.0,1.2666666666666666,neurofeedback,Subject_001,ME
56,1,RIGHT,True,False,hit,False,740.0,30.0,202.97701149425288,30.0,0.9770114942528736,1,1,0,340.0,174,2.9,4.0,0.06666666666666667,neurofeedback,Subject_001,ME
57,1,RIGHT,False,False,wrong_paddle,False,60.0,710.0,451.7417218543046,268.0,0.40728476821192056,15,4,11,102.0,302,5.033333333333333,0.0,0.0,neurofeedback,Subject_001,ME
58,0,LEFT,False,False,wrong_early,False,488.0,428.0,243.82828282828282,92.0,0.8367003367003367,35,6,29,248.0,594,9.9,4.0,0.06666666666666667,neurofeedback,Subject_001,ME
59,1,RIGHT,True,False,hit,False,740.0,30.0,194.35555555555555,30.0,1.0,4,0,4,340.0,180,3.0,0.0,0.0,neurofeedback,Subject_001,ME
60,0,LEFT,True,False,hit,False,60.0,0.0,169.0,0.0,1.0,0,0,0,340.0,170,2.8333333333333335,0.0,0.0,neurofeedback,Subject_001,ME
61,1,RIGHT,False,True,timeout_close_strong,True,664.0,106.0,390.81939799331104,106.0,0.4431438127090301,34,15,19,264.0,598,9.966666666666667,0.0,0.0,neurofeedback,Subject_001,ME
62,0,LEFT,False,False,wrong_paddle,False,740.0,680.0,511.0,342.0,0.0,0,0,0,0.0,170,2.8333333333333335,,,neurofeedback,Subject_001,ME
63,1,RIGHT,False,False,wrong_paddle,False,60.0,710.0,541.6666666666666,372.0,0.0,2,2,0,0.0,174,2.9,,,neurofeedback,Subject_001,ME
64,1,RIGHT,True,False,hit,False,740.0,30.0,191.66071428571428,30.0,1.0,10,0,10,340.0,224,3.7333333333333334,0.0,0.0,neurofeedback,Subject_001,ME
65,0,LEFT,False,False,wrong_paddle,False,740.0,680.0,456.29411764705884,300.0,0.2815126050420168,11,0,11,40.0,238,3.966666666666667,0.0,0.0,neurofeedback,Subject_001,ME
66,1,RIGHT,True,False,hit,False,740.0,30.0,199.0,30.0,1.0,0,0,0,340.0,170,2.8333333333333335,0.0,0.0,neurofeedback,Subject_001,ME
67,0,LEFT,False,True,timeout_wrong,False,434.0,374.0,296.5512605042017,156.0,0.7344537815126051,45,18,27,184.0,595,9.916666666666666,0.0,0.0,neurofeedback,Subject_001,ME
68,0,LEFT,False,False,close_strong_early,False,224.0,164.0,142.4189189189189,2.0,1.0,23,0,23,338.0,592,9.866666666666667,0.0,0.0,neurofeedback,Subject_001,ME
69,1,RIGHT,True,False,hit,False,740.0,30.0,225.35714285714286,30.0,1.0,12,0,12,340.0,224,3.7333333333333334,0.0,0.0,neurofeedback,Subject_001,ME
70,0,LEFT,False,True,timeout_close_strong,False,222.0,162.0,280.6588235294118,134.0,0.7294117647058823,30,13,17,206.0,595,9.916666666666666,0.0,0.0,neurofeedback,Subject_001,ME
71,0,LEFT,False,False,wrong_paddle,False,740.0,680.0,378.9381443298969,168.0,0.49742268041237114,21,10,11,172.0,388,6.466666666666667,0.0,0.0,neurofeedback,Subject_001,ME
72,0,LEFT,True,False,hit,False,60.0,0.0,232.35915492957747,0.0,0.7394366197183099,27,3,24,340.0,568,9.466666666666667,148.0,2.466666666666667,neurofeedback,Subject_001,ME
73,1,RIGHT,True,False,hit,False,740.0,30.0,251.9937888198758,30.0,0.968944099378882,21,3,18,340.0,322,5.366666666666666,10.0,0.16666666666666666,neurofeedback,Subject_001,ME
74,0,LEFT,False,True,timeout_close_weak,False,234.0,174.0,262.78391959798995,108.0,0.7638190954773869,31,5,26,232.0,597,9.95,0.0,0.0,neurofeedback,Subject_001,ME
75,0,LEFT,True,False,hit,False,60.0,0.0,190.10091743119267,0.0,0.963302752293578,11,1,10,340.0,218,3.6333333333333333,8.0,0.13333333333333333,neurofeedback,Subject_001,ME
76,1,RIGHT,True,False,hit,False,740.0,30.0,199.0,30.0,1.0,0,0,0,340.0,170,2.8333333333333335,0.0,0.0,neurofeedback,Subject_001,ME
77,1,RIGHT,True,False,hit,False,740.0,30.0,257.57142857142856,30.0,0.7142857142857143,1,1,0,340.0,238,3.966666666666667,68.0,1.1333333333333333,neurofeedback,Subject_001,ME
78,1,RIGHT,True,False,hit,False,740.0,30.0,199.0,30.0,1.0,0,0,0,340.0,170,2.8333333333333335,0.0,0.0,neurofeedback,Subject_001,ME
79,1,RIGHT,False,False,wrong_paddle,False,60.0,710.0,458.4931506849315,290.0,0.3938356164383562,17,2,15,80.0,292,4.866666666666666,0.0,0.0,neurofeedback,Subject_001,ME
80,1,RIGHT,False,False,wrong_paddle,False,60.0,710.0,541.0,372.0,0.0,0,0,0,0.0,170,2.8333333333333335,,,neurofeedback,Subject_001,ME
81,1,RIGHT,False,False,wrong_paddle,False,60.0,710.0,541.0,372.0,0.0,0,0,0,0.0,170,2.8333333333333335,,,neurofeedback,Subject_001,ME
82,0,LEFT,False,False,wrong_paddle,True,740.0,680.0,454.22105263157897,304.0,0.12280701754385964,49,39,10,36.0,570,9.5,0.0,0.0,neurofeedback,Subject_001,ME
83,1,RIGHT,False,False,wrong_paddle,False,60.0,710.0,369.5462962962963,174.0,0.6041666666666666,13,0,13,196.0,432,7.2,0.0,0.0,neurofeedback,Subject_001,ME
84,1,RIGHT,False,False,wrong_paddle,False,60.0,710.0,509.9019607843137,340.0,0.16176470588235295,3,0,3,30.0,204,3.4,0.0,0.0,neurofeedback,Subject_001,ME
85,0,LEFT,False,False,wrong_paddle,False,740.0,680.0,515.5869565217391,342.0,0.0,4,4,0,0.0,184,3.066666666666667,,,neurofeedback,Subject_001,ME
86,0,LEFT,False,False,wrong_paddle,False,740.0,680.0,511.0,342.0,0.0,0,0,0,0.0,170,2.8333333333333335,,,neurofeedback,Subject_001,ME
87,0,LEFT,True,False,hit,False,60.0,0.0,219.85925925925926,0.0,0.95,22,1,21,340.0,540,9.0,0.0,0.0,neurofeedback,Subject_001,ME
88,0,LEFT,True,False,hit,False,60.0,0.0,319.93379790940764,0.0,0.524390243902439,24,13,11,340.0,574,9.566666666666666,0.0,0.0,neurofeedback,Subject_001,ME
89,0,LEFT,True,False,hit,False,60.0,0.0,163.60986547085201,0.0,0.9237668161434978,5,3,2,340.0,446,7.433333333333334,34.0,0.5666666666666667,neurofeedback,Subject_001,ME
90,1,RIGHT,False,False,wrong_paddle,True,60.0,710.0,558.6824324324324,372.0,0.0,30,30,0,0.0,592,9.866666666666667,,,neurofeedback,Subject_001,ME
91,1,RIGHT,False,False,wrong_paddle,False,228.0,542.0,255.77027027027026,36.0,0.7584459459459459,26,5,21,334.0,592,9.866666666666667,6.0,0.1,neurofeedback,Subject_001,ME
92,1,RIGHT,True,False,hit,False,740.0,30.0,199.0,30.0,1.0,0,0,0,340.0,170,2.8333333333333335,0.0,0.0,neurofeedback,Subject_001,ME
93,0,LEFT,False,False,wrong_paddle,False,740.0,680.0,511.0,342.0,0.0,0,0,0,0.0,170,2.8333333333333335,,,neurofeedback,Subject_001,ME
94,0,LEFT,False,False,wrong_paddle,False,740.0,680.0,535.0983606557377,342.0,0.0,12,12,0,0.0,366,6.1,,,neurofeedback,Subject_001,ME
95,1,RIGHT,False,False,close_weak_early,False,552.0,218.0,155.57627118644066,36.0,1.0,31,0,31,334.0,590,9.833333333333334,0.0,0.0,neurofeedback,Subject_001,ME
96,1,RIGHT,False,False,wrong_paddle,False,60.0,710.0,531.1020408163265,372.0,0.0,6,6,0,0.0,196,3.2666666666666666,,,neurofeedback,Subject_001,ME
97,0,LEFT,False,False,wrong_paddle,False,740.0,680.0,397.51851851851853,194.0,0.45987654320987653,5,2,3,146.0,324,5.4,0.0,0.0,neurofeedback,Subject_001,ME
98,1,RIGHT,True,False,hit,False,740.0,30.0,199.0,30.0,1.0,0,0,0,340.0,170,2.8333333333333335,0.0,0.0,neurofeedback,Subject_001,ME
99,0,LEFT,True,False,hit,False,60.0,0.0,214.25,0.0,0.78125,5,3,2,340.0,224,3.7333333333333334,0.0,0.0,neurofeedback,Subject_001,ME
0,1,RIGHT,False,False,wrong_early,False,336.0,434.0,373.03793103448277,302.0,0.13620689655172413,19,14,5,68.0,580,9.666666666666666,400.0,6.666666666666667,neurofeedback,Subject_001,Session_001
1,1,RIGHT,False,False,wrong_paddle,False,104.0,666.0,314.4035087719298,62.0,0.656140350877193,24,12,12,308.0,570,9.5,8.0,0.13333333333333333,neurofeedback,Subject_001,Session_001
2,0,LEFT,False,False,close_strong_early,False,184.0,124.0,409.7112676056338,124.0,0.3873239436619718,23,11,12,216.0,568,9.466666666666667,348.0,5.8,neurofeedback,Subject_001,Session_001
3,1,RIGHT,True,False,hit,False,740.0,30.0,252.0921985815603,30.0,0.7695035460992907,24,11,13,340.0,282,4.7,0.0,0.0,neurofeedback,Subject_001,Session_001
4,1,RIGHT,False,False,wrong_early,False,390.0,380.0,304.2652705061082,108.0,0.675392670157068,34,11,23,262.0,573,9.55,158.0,2.6333333333333333,neurofeedback,Subject_001,Session_001
5,1,RIGHT,True,False,hit,False,740.0,30.0,197.58064516129033,30.0,1.0,8,0,8,340.0,186,3.1,0.0,0.0,neurofeedback,Subject_001,Session_001
6,1,RIGHT,True,False,hit,False,740.0,30.0,291.5829145728643,30.0,0.7261306532663316,16,9,7,340.0,398,6.633333333333334,0.0,0.0,neurofeedback,Subject_001,Session_001
7,0,LEFT,False,False,wrong_paddle,False,740.0,680.0,427.2896551724138,254.0,0.36551724137931035,11,3,8,86.0,290,4.833333333333333,0.0,0.0,neurofeedback,Subject_001,Session_001
8,1,RIGHT,False,False,wrong_paddle,True,60.0,710.0,492.9577464788732,372.0,0.0,24,24,0,0.0,284,4.733333333333333,,,neurofeedback,Subject_001,Session_001
9,0,LEFT,False,False,wrong_paddle,False,740.0,680.0,500.27659574468083,330.0,0.06914893617021277,5,2,3,10.0,188,3.1333333333333333,0.0,0.0,neurofeedback,Subject_001,Session_001
10,0,LEFT,False,False,wrong_paddle,False,740.0,680.0,511.0,342.0,0.0,0,0,0,0.0,170,2.8333333333333335,,,neurofeedback,Subject_001,Session_001
11,0,LEFT,True,False,hit,False,60.0,0.0,178.17241379310346,0.0,1.0,12,0,12,340.0,232,3.8666666666666667,0.0,0.0,neurofeedback,Subject_001,Session_001
12,1,RIGHT,False,False,close_strong_early,False,618.0,152.0,378.5377855887522,152.0,0.43936731107205623,5,4,1,218.0,569,9.483333333333333,118.0,1.9666666666666666,neurofeedback,Subject_001,Session_001
13,0,LEFT,True,False,hit,False,60.0,0.0,169.0,0.0,1.0,0,0,0,340.0,170,2.8333333333333335,0.0,0.0,neurofeedback,Subject_001,Session_001
14,1,RIGHT,False,False,wrong_paddle,True,60.0,710.0,453.2241379310345,252.0,0.2995689655172414,21,18,3,118.0,464,7.733333333333333,0.0,0.0,neurofeedback,Subject_001,Session_001
15,0,LEFT,False,False,wrong_early,True,482.0,422.0,495.23185840707964,342.0,0.0,22,22,0,0.0,565,9.416666666666666,,,neurofeedback,Subject_001,Session_001
16,0,LEFT,False,False,wrong_paddle,True,740.0,680.0,534.4421052631579,342.0,0.0,18,18,0,0.0,380,6.333333333333333,,,neurofeedback,Subject_001,Session_001
17,1,RIGHT,False,False,close_weak_early,False,532.0,238.0,306.72535211267603,190.0,0.7605633802816901,48,9,39,180.0,568,9.466666666666667,136.0,2.2666666666666666,neurofeedback,Subject_001,Session_001
18,0,LEFT,True,False,hit,False,60.0,0.0,190.984,0.0,1.0,6,0,6,340.0,250,4.166666666666667,0.0,0.0,neurofeedback,Subject_001,Session_001
19,0,LEFT,False,False,wrong_early,True,520.0,460.0,405.113074204947,230.0,0.2579505300353357,25,15,10,110.0,566,9.433333333333334,0.0,0.0,neurofeedback,Subject_001,Session_001
20,1,RIGHT,False,False,wrong_paddle,False,60.0,710.0,444.29411764705884,244.0,0.4084967320261438,5,4,1,126.0,306,5.1,0.0,0.0,neurofeedback,Subject_001,Session_001
21,1,RIGHT,False,False,close_weak_early,False,444.0,326.0,394.0,194.0,0.39335664335664333,20,7,13,176.0,572,9.533333333333333,0.0,0.0,neurofeedback,Subject_001,Session_001
22,0,LEFT,False,False,wrong_paddle,False,740.0,680.0,491.10762331838566,342.0,0.0,12,12,0,0.0,446,7.433333333333334,,,neurofeedback,Subject_001,Session_001
23,0,LEFT,False,False,wrong_early,True,402.0,342.0,356.1592920353982,224.0,0.40707964601769914,25,17,8,116.0,565,9.416666666666666,40.0,0.6666666666666666,neurofeedback,Subject_001,Session_001
24,0,LEFT,True,False,hit,False,60.0,0.0,221.27888446215138,0.0,0.9103585657370518,30,5,25,340.0,502,8.366666666666667,0.0,0.0,neurofeedback,Subject_001,Session_001
25,0,LEFT,False,False,wrong_paddle,False,740.0,680.0,499.38775510204084,342.0,0.0,8,8,0,0.0,196,3.2666666666666666,,,neurofeedback,Subject_001,Session_001
26,1,RIGHT,False,False,wrong_paddle,False,60.0,710.0,472.5820895522388,314.0,0.13681592039800994,12,11,1,56.0,402,6.7,142.0,2.3666666666666667,neurofeedback,Subject_001,Session_001
27,1,RIGHT,False,False,wrong_paddle,False,60.0,710.0,539.8421052631579,372.0,0.0,6,6,0,0.0,190,3.1666666666666665,,,neurofeedback,Subject_001,Session_001
28,1,RIGHT,False,False,close_weak_early,False,474.0,296.0,253.6802841918295,40.0,0.8063943161634103,24,3,21,330.0,563,9.383333333333333,0.0,0.0,neurofeedback,Subject_001,Session_001
29,0,LEFT,True,False,hit,False,60.0,0.0,258.8783783783784,0.0,0.6047297297297297,10,9,1,340.0,296,4.933333333333334,0.0,0.0,neurofeedback,Subject_001,Session_001
30,0,LEFT,False,False,wrong_paddle,False,704.0,644.0,319.22535211267603,156.0,0.6320422535211268,35,12,23,184.0,568,9.466666666666667,0.0,0.0,neurofeedback,Subject_001,Session_001
31,0,LEFT,False,False,wrong_early,False,408.0,348.0,257.0496453900709,104.0,0.8439716312056738,36,6,30,236.0,564,9.4,0.0,0.0,neurofeedback,Subject_001,Session_001
32,0,LEFT,True,False,hit,False,60.0,0.0,215.431654676259,0.0,1.0,20,0,20,340.0,278,4.633333333333334,0.0,0.0,neurofeedback,Subject_001,Session_001
33,0,LEFT,True,False,hit,False,60.0,0.0,169.0,0.0,1.0,0,0,0,340.0,170,2.8333333333333335,0.0,0.0,neurofeedback,Subject_001,Session_001
34,1,RIGHT,True,False,hit,False,740.0,30.0,209.6153846153846,30.0,1.0,6,0,6,340.0,182,3.033333333333333,0.0,0.0,neurofeedback,Subject_001,Session_001
35,1,RIGHT,False,False,wrong_paddle,False,60.0,710.0,437.7549668874172,242.0,0.4337748344370861,3,0,3,128.0,302,5.033333333333333,0.0,0.0,neurofeedback,Subject_001,Session_001
36,1,RIGHT,True,False,hit,False,740.0,30.0,199.0,30.0,1.0,0,0,0,340.0,170,2.8333333333333335,0.0,0.0,neurofeedback,Subject_001,Session_001
37,0,LEFT,False,False,close_weak_early,True,362.0,302.0,418.7724867724868,156.0,0.32275132275132273,22,15,7,184.0,567,9.45,384.0,6.4,neurofeedback,Subject_001,Session_001
38,1,RIGHT,False,False,wrong_paddle,False,60.0,710.0,476.01612903225805,304.0,0.31048387096774194,5,0,5,66.0,248,4.133333333333334,0.0,0.0,neurofeedback,Subject_001,Session_001
39,1,RIGHT,True,False,hit,False,740.0,30.0,199.0,30.0,1.0,0,0,0,340.0,170,2.8333333333333335,0.0,0.0,neurofeedback,Subject_001,Session_001
40,0,LEFT,False,False,close_weak_early,False,262.0,202.0,343.0336283185841,202.0,0.5327433628318584,37,19,18,138.0,565,9.416666666666666,230.0,3.8333333333333335,neurofeedback,Subject_001,Session_001
41,0,LEFT,False,False,wrong_paddle,False,740.0,680.0,512.7241379310345,342.0,0.0,2,2,0,0.0,174,2.9,,,neurofeedback,Subject_001,Session_001
42,0,LEFT,True,False,hit,False,60.0,0.0,163.32258064516128,0.0,1.0,6,0,6,340.0,186,3.1,0.0,0.0,neurofeedback,Subject_001,Session_001
43,0,LEFT,False,False,wrong_paddle,False,740.0,680.0,514.2631578947369,342.0,0.0,6,6,0,0.0,228,3.8,,,neurofeedback,Subject_001,Session_001
44,1,RIGHT,True,False,hit,False,740.0,30.0,172.5375,30.0,1.0,20,0,20,340.0,320,5.333333333333333,0.0,0.0,neurofeedback,Subject_001,Session_001
45,0,LEFT,True,False,hit,False,60.0,0.0,169.0,0.0,1.0,0,0,0,340.0,170,2.8333333333333335,0.0,0.0,neurofeedback,Subject_001,Session_001
46,0,LEFT,False,False,wrong_paddle,False,740.0,680.0,454.71153846153845,296.0,0.11057692307692307,5,3,2,44.0,416,6.933333333333334,0.0,0.0,neurofeedback,Subject_001,Session_001
47,1,RIGHT,False,False,close_weak_early,False,580.0,190.0,264.42160278745644,112.0,0.9912891986062717,41,5,36,258.0,574,9.566666666666666,0.0,0.0,neurofeedback,Subject_001,Session_001
48,1,RIGHT,False,False,wrong_paddle,True,60.0,710.0,556.0374331550802,348.0,0.07219251336898395,22,19,3,22.0,374,6.233333333333333,16.0,0.26666666666666666,neurofeedback,Subject_001,Session_001
49,1,RIGHT,False,False,wrong_paddle,False,60.0,710.0,542.1724137931035,372.0,0.0,2,2,0,0.0,174,2.9,,,neurofeedback,Subject_001,Session_001
50,0,LEFT,False,False,wrong_paddle,False,740.0,680.0,550.1060606060606,342.0,0.0,8,8,0,0.0,264,4.4,,,neurofeedback,Subject_001,Session_001
51,0,LEFT,False,False,wrong_paddle,False,740.0,680.0,524.375,342.0,0.0,6,6,0,0.0,192,3.2,,,neurofeedback,Subject_001,Session_001
52,1,RIGHT,False,False,wrong_paddle,False,60.0,710.0,534.5051546391752,372.0,0.0,10,10,0,0.0,194,3.2333333333333334,,,neurofeedback,Subject_001,Session_001
53,0,LEFT,True,False,hit,False,60.0,0.0,166.49425287356323,0.0,1.0,2,0,2,340.0,174,2.9,0.0,0.0,neurofeedback,Subject_001,Session_001
54,1,RIGHT,False,False,close_weak_early,True,432.0,338.0,520.5174825174826,338.0,0.07167832167832168,17,16,1,32.0,572,9.533333333333333,520.0,8.666666666666666,neurofeedback,Subject_001,Session_001
55,1,RIGHT,False,False,wrong_paddle,False,60.0,710.0,546.1136363636364,372.0,0.0,2,2,0,0.0,176,2.933333333333333,,,neurofeedback,Subject_001,Session_001
56,1,RIGHT,False,False,close_weak_early,True,520.0,250.0,389.13286713286715,250.0,0.3776223776223776,55,31,24,120.0,572,9.533333333333333,170.0,2.8333333333333335,neurofeedback,Subject_001,Session_001
57,0,LEFT,False,False,wrong_paddle,False,740.0,680.0,503.659793814433,342.0,0.0,6,6,0,0.0,194,3.2333333333333334,,,neurofeedback,Subject_001,Session_001
58,1,RIGHT,True,False,hit,False,740.0,30.0,210.27272727272728,30.0,1.0,12,0,12,340.0,264,4.4,0.0,0.0,neurofeedback,Subject_001,Session_001
59,1,RIGHT,False,False,wrong_paddle,False,60.0,710.0,537.2528735632184,372.0,0.0,2,2,0,0.0,174,2.9,,,neurofeedback,Subject_001,Session_001
60,0,LEFT,False,False,wrong_paddle,False,740.0,680.0,514.8105263157895,342.0,0.0,6,6,0,0.0,380,6.333333333333333,,,neurofeedback,Subject_001,Session_001
61,0,LEFT,True,False,hit,False,60.0,0.0,198.51923076923077,0.0,0.9086538461538461,10,3,7,340.0,208,3.466666666666667,2.0,0.03333333333333333,neurofeedback,Subject_001,Session_001
62,0,LEFT,False,False,wrong_paddle,True,740.0,680.0,394.184,204.0,0.346,33,26,7,136.0,500,8.333333333333334,0.0,0.0,neurofeedback,Subject_001,Session_001
63,0,LEFT,False,False,wrong_paddle,True,740.0,680.0,473.06779661016947,330.0,0.06779661016949153,21,17,4,10.0,236,3.933333333333333,0.0,0.0,neurofeedback,Subject_001,Session_001
64,0,LEFT,False,False,wrong_paddle,False,740.0,680.0,511.0,342.0,0.0,0,0,0,0.0,170,2.8333333333333335,,,neurofeedback,Subject_001,Session_001
65,1,RIGHT,False,False,wrong_paddle,False,60.0,710.0,533.1348314606741,362.0,0.03932584269662921,1,0,1,8.0,178,2.966666666666667,0.0,0.0,neurofeedback,Subject_001,Session_001
66,1,RIGHT,False,False,wrong_paddle,True,60.0,710.0,544.4021739130435,372.0,0.0,20,20,0,0.0,368,6.133333333333334,,,neurofeedback,Subject_001,Session_001
67,1,RIGHT,False,False,wrong_paddle,False,60.0,710.0,397.84615384615387,120.0,0.5365384615384615,27,18,9,250.0,520,8.666666666666666,0.0,0.0,neurofeedback,Subject_001,Session_001
68,0,LEFT,False,False,wrong_paddle,False,740.0,680.0,497.6666666666667,342.0,0.0,4,4,0,0.0,186,3.1,,,neurofeedback,Subject_001,Session_001
69,1,RIGHT,False,False,wrong_paddle,False,60.0,710.0,384.09558823529414,102.0,0.5349264705882353,21,12,9,268.0,544,9.066666666666666,0.0,0.0,neurofeedback,Subject_001,Session_001
70,1,RIGHT,False,False,wrong_paddle,True,60.0,710.0,493.9782608695652,326.0,0.16304347826086957,21,15,6,44.0,368,6.133333333333334,0.0,0.0,neurofeedback,Subject_001,Session_001
71,1,RIGHT,True,False,hit,False,740.0,30.0,236.94666666666666,30.0,0.82,19,9,10,340.0,300,5.0,14.0,0.23333333333333334,neurofeedback,Subject_001,Session_001
72,1,RIGHT,True,False,hit,False,740.0,30.0,195.75862068965517,30.0,1.0,2,0,2,340.0,174,2.9,0.0,0.0,neurofeedback,Subject_001,Session_001
73,1,RIGHT,True,False,hit,False,740.0,30.0,217.9056603773585,30.0,0.9433962264150944,7,1,6,340.0,212,3.533333333333333,12.0,0.2,neurofeedback,Subject_001,Session_001
74,1,RIGHT,True,False,hit,False,740.0,30.0,258.24242424242425,30.0,0.7083333333333334,12,7,5,340.0,264,4.4,2.0,0.03333333333333333,neurofeedback,Subject_001,Session_001
75,1,RIGHT,False,False,wrong_paddle,False,60.0,710.0,541.0,372.0,0.0,0,0,0,0.0,170,2.8333333333333335,,,neurofeedback,Subject_001,Session_001
76,0,LEFT,False,False,wrong_early,False,446.0,386.0,357.4532627865961,262.0,0.48677248677248675,46,22,24,78.0,567,9.45,202.0,3.3666666666666667,neurofeedback,Subject_001,Session_001
77,0,LEFT,True,False,hit,False,60.0,0.0,185.72243346007605,0.0,1.0,62,0,62,340.0,526,8.766666666666667,0.0,0.0,neurofeedback,Subject_001,Session_001
78,0,LEFT,True,False,hit,False,60.0,0.0,169.0,0.0,1.0,0,0,0,340.0,170,2.8333333333333335,0.0,0.0,neurofeedback,Subject_001,Session_001
79,0,LEFT,False,False,wrong_paddle,False,740.0,680.0,478.25233644859816,310.0,0.13551401869158877,3,2,1,30.0,214,3.566666666666667,0.0,0.0,neurofeedback,Subject_001,Session_001
80,1,RIGHT,True,False,hit,False,740.0,30.0,210.32673267326732,30.0,0.9900990099009901,6,0,6,340.0,202,3.3666666666666667,2.0,0.03333333333333333,neurofeedback,Subject_001,Session_001
81,0,LEFT,False,False,wrong_paddle,False,740.0,680.0,382.2142857142857,152.0,0.49330357142857145,21,8,13,188.0,448,7.466666666666667,0.0,0.0,neurofeedback,Subject_001,Session_001
82,1,RIGHT,False,False,wrong_paddle,False,60.0,710.0,562.1515151515151,372.0,0.0,4,4,0,0.0,198,3.3,,,neurofeedback,Subject_001,Session_001
83,1,RIGHT,True,False,hit,False,740.0,30.0,207.02197802197801,30.0,1.0,6,0,6,340.0,182,3.033333333333333,0.0,0.0,neurofeedback,Subject_001,Session_001
84,0,LEFT,False,False,wrong_early,False,446.0,386.0,321.5559502664298,126.0,0.5968028419182948,23,3,20,214.0,563,9.383333333333333,0.0,0.0,neurofeedback,Subject_001,Session_001
85,1,RIGHT,False,False,wrong_early,False,262.0,508.0,389.24777183600713,156.0,0.42424242424242425,15,13,2,214.0,561,9.35,0.0,0.0,neurofeedback,Subject_001,Session_001
86,1,RIGHT,False,False,wrong_paddle,False,60.0,710.0,555.25,372.0,0.0,8,8,0,0.0,192,3.2,,,neurofeedback,Subject_001,Session_001
87,1,RIGHT,False,False,wrong_paddle,True,60.0,710.0,540.75,372.0,0.0,30,30,0,0.0,336,5.6,,,neurofeedback,Subject_001,Session_001
88,0,LEFT,False,False,wrong_paddle,False,740.0,680.0,383.9568345323741,178.0,0.3776978417266187,17,9,8,162.0,556,9.266666666666667,0.0,0.0,neurofeedback,Subject_001,Session_001
89,1,RIGHT,True,False,hit,False,740.0,30.0,199.0,30.0,1.0,0,0,0,340.0,170,2.8333333333333335,0.0,0.0,neurofeedback,Subject_001,Session_001
90,0,LEFT,True,False,hit,False,60.0,0.0,156.8793103448276,0.0,0.9956896551724138,14,1,13,340.0,232,3.8666666666666667,0.0,0.0,neurofeedback,Subject_001,Session_001
91,1,RIGHT,False,False,close_strong_early,False,680.0,90.0,412.8637992831541,66.0,0.3763440860215054,25,11,14,304.0,558,9.3,348.0,5.8,neurofeedback,Subject_001,Session_001
92,0,LEFT,False,False,close_strong_early,True,116.0,56.0,402.0211267605634,56.0,0.29225352112676056,27,19,8,284.0,568,9.466666666666667,402.0,6.7,neurofeedback,Subject_001,Session_001
93,0,LEFT,False,False,wrong_paddle,False,740.0,680.0,425.53416149068323,262.0,0.2639751552795031,8,5,3,78.0,322,5.366666666666666,66.0,1.1,neurofeedback,Subject_001,Session_001
94,0,LEFT,True,False,hit,False,60.0,0.0,169.0,0.0,1.0,0,0,0,340.0,170,2.8333333333333335,0.0,0.0,neurofeedback,Subject_001,Session_001
95,0,LEFT,True,False,hit,False,60.0,0.0,169.0,0.0,1.0,0,0,0,340.0,170,2.8333333333333335,0.0,0.0,neurofeedback,Subject_001,Session_001
96,0,LEFT,False,False,wrong_paddle,False,740.0,680.0,541.6296296296297,342.0,0.0,8,8,0,0.0,216,3.6,,,neurofeedback,Subject_001,Session_001
97,1,RIGHT,False,False,wrong_paddle,False,170.0,600.0,408.1968365553603,268.0,0.5254833040421792,57,23,34,102.0,569,9.483333333333333,0.0,0.0,neurofeedback,Subject_001,Session_001
98,0,LEFT,False,False,wrong_paddle,False,740.0,680.0,340.02912621359224,108.0,0.5849514563106796,5,0,5,232.0,412,6.866666666666666,0.0,0.0,neurofeedback,Subject_001,Session_001
99,1,RIGHT,False,False,wrong_paddle,False,60.0,710.0,535.0681818181819,364.0,0.028409090909090908,1,0,1,6.0,176,2.933333333333333,0.0,0.0,neurofeedback,Subject_001,Session_001
100,0,LEFT,False,False,wrong_early,False,480.0,420.0,453.5886524822695,264.0,0.20035460992907803,19,10,9,76.0,564,9.4,20.0,0.3333333333333333,neurofeedback,Subject_001,Session_001
101,1,RIGHT,False,False,wrong_paddle,False,60.0,710.0,519.757281553398,360.0,0.07766990291262135,10,7,3,10.0,206,3.433333333333333,0.0,0.0,neurofeedback,Subject_001,Session_001
102,0,LEFT,True,False,hit,False,60.0,0.0,297.9942857142857,0.0,0.5028571428571429,5,3,2,340.0,350,5.833333333333333,174.0,2.9,neurofeedback,Subject_001,Session_001
103,1,RIGHT,True,False,hit,False,740.0,30.0,188.2248062015504,30.0,1.0,50,0,50,340.0,516,8.6,0.0,0.0,neurofeedback,Subject_001,Session_001
104,1,RIGHT,False,False,wrong_early,False,284.0,486.0,449.63829787234044,206.0,0.28900709219858156,10,9,1,164.0,564,9.4,342.0,5.7,neurofeedback,Subject_001,Session_001
105,0,LEFT,True,False,hit,False,60.0,0.0,226.8426966292135,0.0,0.7837078651685393,22,7,15,340.0,356,5.933333333333334,2.0,0.03333333333333333,neurofeedback,Subject_001,Session_001
106,1,RIGHT,False,False,wrong_paddle,False,60.0,710.0,548.748502994012,372.0,0.0,10,10,0,0.0,334,5.566666666666666,,,neurofeedback,Subject_001,Session_001
107,0,LEFT,False,False,wrong_paddle,False,740.0,680.0,475.9312977099237,342.0,0.0,12,12,0,0.0,262,4.366666666666666,,,neurofeedback,Subject_001,Session_001
108,1,RIGHT,True,False,hit,False,740.0,30.0,199.0,30.0,1.0,0,0,0,340.0,170,2.8333333333333335,0.0,0.0,neurofeedback,Subject_001,Session_001
109,0,LEFT,False,False,close_strong_early,True,100.0,40.0,397.8621908127208,22.0,0.31802120141342755,36,29,7,318.0,566,9.433333333333334,386.0,6.433333333333334,neurofeedback,Subject_001,Session_001
110,1,RIGHT,False,False,wrong_paddle,False,60.0,710.0,541.0,372.0,0.0,0,0,0,0.0,170,2.8333333333333335,,,neurofeedback,Subject_001,Session_001
111,0,LEFT,False,False,wrong_paddle,False,740.0,680.0,471.58715596330273,320.0,0.19724770642201836,15,2,13,20.0,218,3.6333333333333333,0.0,0.0,neurofeedback,Subject_001,Session_001
112,0,LEFT,False,False,close_weak_early,True,248.0,188.0,439.9252669039146,188.0,0.13701067615658363,23,23,0,152.0,562,9.366666666666667,0.0,0.0,neurofeedback,Subject_001,Session_001
113,1,RIGHT,True,False,hit,True,740.0,30.0,344.4756554307116,30.0,0.42134831460674155,31,26,5,340.0,534,8.9,126.0,2.1,neurofeedback,Subject_001,Session_001
114,0,LEFT,False,False,wrong_paddle,False,740.0,680.0,477.4117647058824,342.0,0.0,12,12,0,0.0,272,4.533333333333333,,,neurofeedback,Subject_001,Session_001
115,0,LEFT,True,False,hit,False,60.0,0.0,146.40952380952382,0.0,1.0,8,0,8,340.0,210,3.5,0.0,0.0,neurofeedback,Subject_001,Session_001
116,0,LEFT,False,False,wrong_paddle,False,740.0,680.0,437.2081447963801,256.0,0.18778280542986425,12,11,1,84.0,442,7.366666666666666,150.0,2.5,neurofeedback,Subject_001,Session_001
117,1,RIGHT,False,False,wrong_paddle,True,60.0,710.0,445.9855072463768,298.0,0.4323671497584541,44,17,27,72.0,414,6.9,4.0,0.06666666666666667,neurofeedback,Subject_001,Session_001
118,1,RIGHT,False,False,wrong_paddle,False,180.0,590.0,259.9964664310954,58.0,0.803886925795053,9,0,9,312.0,566,9.433333333333334,0.0,0.0,neurofeedback,Subject_001,Session_001
119,1,RIGHT,False,False,wrong_paddle,True,60.0,710.0,521.0536912751678,372.0,0.0,18,18,0,0.0,298,4.966666666666667,,,neurofeedback,Subject_001,Session_001
120,1,RIGHT,False,False,wrong_paddle,False,60.0,710.0,535.3333333333334,372.0,0.0,2,2,0,0.0,180,3.0,,,neurofeedback,Subject_001,Session_001
121,1,RIGHT,True,False,hit,False,740.0,30.0,199.0,30.0,1.0,0,0,0,340.0,170,2.8333333333333335,0.0,0.0,neurofeedback,Subject_001,Session_001
122,1,RIGHT,False,False,wrong_paddle,False,60.0,710.0,541.0,372.0,0.0,0,0,0,0.0,170,2.8333333333333335,,,neurofeedback,Subject_001,Session_001
123,0,LEFT,False,False,wrong_paddle,True,740.0,680.0,554.4754098360655,342.0,0.0,26,26,0,0.0,366,6.1,,,neurofeedback,Subject_001,Session_001
124,1,RIGHT,False,False,wrong_paddle,True,222.0,548.0,464.5202108963093,232.0,0.2460456942003515,37,35,2,138.0,569,9.483333333333333,10.0,0.16666666666666666,neurofeedback,Subject_001,Session_001
125,0,LEFT,True,False,hit,False,60.0,0.0,169.0,0.0,1.0,0,0,0,340.0,170,2.8333333333333335,0.0,0.0,neurofeedback,Subject_001,Session_001
126,1,RIGHT,False,False,close_weak_early,False,446.0,324.0,340.4106194690265,182.0,0.6690265486725664,32,3,29,188.0,565,9.416666666666666,0.0,0.0,neurofeedback,Subject_001,Session_001
127,0,LEFT,False,False,wrong_paddle,True,740.0,680.0,453.09395973154363,326.0,0.07718120805369127,20,17,3,14.0,298,4.966666666666667,22.0,0.36666666666666664,neurofeedback,Subject_001,Session_001
128,1,RIGHT,True,False,hit,False,740.0,30.0,199.0,30.0,1.0,0,0,0,340.0,170,2.8333333333333335,0.0,0.0,neurofeedback,Subject_001,Session_001
129,1,RIGHT,False,False,wrong_paddle,False,60.0,710.0,425.26615969581746,192.0,0.3365019011406844,2,1,1,178.0,526,8.766666666666667,178.0,2.966666666666667,neurofeedback,Subject_001,Session_001
130,0,LEFT,False,False,wrong_early,True,504.0,444.0,408.3521126760563,272.0,0.2147887323943662,40,26,14,68.0,568,9.466666666666667,0.0,0.0,neurofeedback,Subject_001,Session_001
131,1,RIGHT,False,False,wrong_paddle,False,60.0,710.0,517.0,372.0,0.0,10,10,0,0.0,230,3.8333333333333335,,,neurofeedback,Subject_001,Session_001
132,0,LEFT,True,False,hit,False,60.0,0.0,151.2680412371134,0.0,1.0,6,0,6,340.0,194,3.2333333333333334,0.0,0.0,neurofeedback,Subject_001,Session_001
133,1,RIGHT,True,False,hit,False,740.0,30.0,251.20689655172413,30.0,0.7370689655172413,7,7,0,340.0,232,3.8666666666666667,0.0,0.0,neurofeedback,Subject_001,Session_001
134,0,LEFT,False,False,wrong_paddle,False,740.0,680.0,498.56190476190477,342.0,0.0,8,8,0,0.0,210,3.5,,,neurofeedback,Subject_001,Session_001
135,0,LEFT,True,False,hit,False,60.0,0.0,290.9080459770115,0.0,0.5287356321839081,7,3,4,340.0,348,5.8,164.0,2.7333333333333334,neurofeedback,Subject_001,Session_001
136,0,LEFT,True,False,hit,False,60.0,0.0,244.4014598540146,0.0,0.6204379562043796,15,15,0,340.0,274,4.566666666666666,104.0,1.7333333333333334,neurofeedback,Subject_001,Session_001
137,1,RIGHT,False,False,wrong_early,False,342.0,428.0,341.9005328596803,152.0,0.5364120781527532,27,15,12,218.0,563,9.383333333333333,0.0,0.0,neurofeedback,Subject_001,Session_001
138,0,LEFT,False,False,wrong_paddle,False,740.0,680.0,492.5416666666667,336.0,0.015625,5,4,1,4.0,192,3.2,0.0,0.0,neurofeedback,Subject_001,Session_001
139,0,LEFT,False,False,wrong_paddle,False,630.0,570.0,349.87654320987656,178.0,0.49029982363315694,25,15,10,162.0,567,9.45,2.0,0.03333333333333333,neurofeedback,Subject_001,Session_001
140,1,RIGHT,False,False,wrong_paddle,False,60.0,710.0,389.768115942029,252.0,0.6141304347826086,53,6,47,118.0,552,9.2,0.0,0.0,neurofeedback,Subject_001,Session_001
141,0,LEFT,False,False,wrong_paddle,False,740.0,680.0,369.5953488372093,172.0,0.5372093023255814,27,4,23,168.0,430,7.166666666666667,0.0,0.0,neurofeedback,Subject_001,Session_001
142,0,LEFT,False,False,wrong_paddle,False,740.0,680.0,511.0,342.0,0.0,0,0,0,0.0,170,2.8333333333333335,,,neurofeedback,Subject_001,Session_001
143,1,RIGHT,False,False,wrong_paddle,False,60.0,710.0,527.4042553191489,372.0,0.0,4,4,0,0.0,188,3.1333333333333333,,,neurofeedback,Subject_001,Session_001
144,0,LEFT,True,False,hit,False,60.0,0.0,155.11214953271028,0.0,1.0,12,0,12,340.0,214,3.566666666666667,0.0,0.0,neurofeedback,Subject_001,Session_001
145,1,RIGHT,True,False,hit,False,740.0,30.0,303.890243902439,30.0,0.5182926829268293,15,15,0,340.0,328,5.466666666666667,158.0,2.6333333333333333,neurofeedback,Subject_001,Session_001
146,0,LEFT,True,False,hit,False,60.0,0.0,221.25352112676057,0.0,0.9471830985915493,10,3,7,340.0,284,4.733333333333333,0.0,0.0,neurofeedback,Subject_001,Session_001
147,0,LEFT,True,False,hit,False,60.0,0.0,346.83035714285717,0.0,0.3794642857142857,13,13,0,340.0,448,7.466666666666667,278.0,4.633333333333334,neurofeedback,Subject_001,Session_001
148,1,RIGHT,True,False,hit,False,740.0,30.0,214.42268041237114,30.0,0.979381443298969,5,1,4,340.0,194,3.2333333333333334,4.0,0.06666666666666667,neurofeedback,Subject_001,Session_001
149,0,LEFT,False,False,wrong_paddle,True,740.0,680.0,550.7300613496933,342.0,0.0,36,36,0,0.0,326,5.433333333333334,,,neurofeedback,Subject_001,Session_001
150,0,LEFT,False,False,wrong_early,False,526.0,466.0,315.96814159292035,132.0,0.5415929203539823,22,8,14,208.0,565,9.416666666666666,112.0,1.8666666666666667,neurofeedback,Subject_001,Session_001
151,1,RIGHT,False,False,close_weak_early,True,450.0,320.0,453.1403197158082,242.0,0.2895204262877442,56,37,19,128.0,563,9.383333333333333,390.0,6.5,neurofeedback,Subject_001,Session_001
152,1,RIGHT,False,False,wrong_paddle,False,60.0,710.0,500.30434782608694,348.0,0.08385093167701864,7,4,3,22.0,322,5.366666666666666,0.0,0.0,neurofeedback,Subject_001,Session_001
153,1,RIGHT,False,False,close_weak_early,False,576.0,194.0,355.6132404181185,186.0,0.519163763066202,22,7,15,184.0,574,9.566666666666666,104.0,1.7333333333333334,neurofeedback,Subject_001,Session_001
154,1,RIGHT,True,False,hit,False,740.0,30.0,187.06315789473683,30.0,1.0,10,0,10,340.0,190,3.1666666666666665,0.0,0.0,neurofeedback,Subject_001,Session_001
155,1,RIGHT,False,False,close_weak_early,False,514.0,256.0,293.74688057041,132.0,0.9233511586452763,55,7,48,238.0,561,9.35,0.0,0.0,neurofeedback,Subject_001,Session_001
156,0,LEFT,False,False,wrong_paddle,True,616.0,556.0,402.86524822695037,178.0,0.2925531914893617,27,24,3,162.0,564,9.4,0.0,0.0,neurofeedback,Subject_001,Session_001
157,0,LEFT,True,False,hit,False,60.0,0.0,216.73214285714286,0.0,0.7589285714285714,1,1,0,340.0,224,3.7333333333333334,54.0,0.9,neurofeedback,Subject_001,Session_001
158,0,LEFT,False,False,wrong_early,False,408.0,348.0,181.96453900709218,52.0,0.9911347517730497,31,0,31,288.0,564,9.4,0.0,0.0,neurofeedback,Subject_001,Session_001
159,1,RIGHT,False,False,close_strong_early,False,690.0,80.0,384.353982300885,80.0,0.49911504424778763,4,3,1,290.0,565,9.416666666666666,0.0,0.0,neurofeedback,Subject_001,Session_001
160,1,RIGHT,True,False,hit,False,740.0,30.0,199.0,30.0,1.0,0,0,0,340.0,170,2.8333333333333335,0.0,0.0,neurofeedback,Subject_001,Session_001
161,0,LEFT,True,False,hit,False,60.0,0.0,271.4,0.0,0.6565217391304348,17,5,12,340.0,460,7.666666666666667,158.0,2.6333333333333333,neurofeedback,Subject_001,Session_001
162,0,LEFT,False,False,wrong_paddle,False,740.0,680.0,400.85897435897436,198.0,0.4519230769230769,1,0,1,142.0,312,5.2,0.0,0.0,neurofeedback,Subject_001,Session_001
163,0,LEFT,False,False,close_strong_early,False,96.0,36.0,230.92170818505338,36.0,0.9519572953736655,30,1,29,304.0,562,9.366666666666667,0.0,0.0,neurofeedback,Subject_001,Session_001
164,0,LEFT,False,False,wrong_paddle,False,740.0,680.0,434.6136363636364,282.0,0.17329545454545456,10,7,3,58.0,352,5.866666666666666,120.0,2.0,neurofeedback,Subject_001,Session_001
165,1,RIGHT,True,False,hit,False,740.0,30.0,225.1685393258427,30.0,0.7808988764044944,13,1,12,340.0,356,5.933333333333334,78.0,1.3,neurofeedback,Subject_001,Session_001
166,1,RIGHT,False,False,wrong_paddle,True,60.0,710.0,482.5566037735849,312.0,0.16981132075471697,34,26,8,58.0,424,7.066666666666666,64.0,1.0666666666666667,neurofeedback,Subject_001,Session_001
167,1,RIGHT,True,False,hit,False,740.0,30.0,229.66666666666666,30.0,0.8333333333333334,5,5,0,340.0,204,3.4,34.0,0.5666666666666667,neurofeedback,Subject_001,Session_001
168,0,LEFT,True,False,hit,False,60.0,0.0,169.0,0.0,1.0,0,0,0,340.0,170,2.8333333333333335,0.0,0.0,neurofeedback,Subject_001,Session_001
169,1,RIGHT,False,False,close_weak_early,True,498.0,272.0,441.16163410301954,272.0,0.3623445825932504,42,19,23,98.0,563,9.383333333333333,0.0,0.0,neurofeedback,Subject_001,Session_001
170,1,RIGHT,False,False,wrong_early,False,240.0,530.0,276.77142857142854,78.0,0.6767857142857143,22,3,19,292.0,560,9.333333333333334,100.0,1.6666666666666667,neurofeedback,Subject_001,Session_001
171,0,LEFT,False,False,wrong_paddle,False,740.0,680.0,376.42748091603056,150.0,0.39122137404580154,19,14,5,190.0,524,8.733333333333333,0.0,0.0,neurofeedback,Subject_001,Session_001
172,1,RIGHT,False,False,wrong_paddle,False,60.0,710.0,451.36129032258066,246.0,0.3967741935483871,5,4,1,124.0,310,5.166666666666667,0.0,0.0,neurofeedback,Subject_001,Session_001
173,1,RIGHT,False,False,wrong_paddle,False,60.0,710.0,469.3787878787879,298.0,0.32196969696969696,7,2,5,72.0,264,4.4,0.0,0.0,neurofeedback,Subject_001,Session_001
174,0,LEFT,False,False,close_weak_early,False,366.0,306.0,267.04085257548843,18.0,0.69449378330373,18,1,17,322.0,563,9.383333333333333,172.0,2.8666666666666667,neurofeedback,Subject_001,Session_001
175,0,LEFT,True,False,hit,False,60.0,0.0,156.06024096385542,0.0,1.0,20,0,20,340.0,332,5.533333333333333,0.0,0.0,neurofeedback,Subject_001,Session_001
176,1,RIGHT,False,False,close_strong_early,False,622.0,148.0,283.311072056239,122.0,0.680140597539543,66,23,43,248.0,569,9.483333333333333,182.0,3.033333333333333,neurofeedback,Subject_001,Session_001
177,0,LEFT,False,False,wrong_paddle,False,740.0,680.0,437.27972027972027,292.0,0.23426573426573427,18,7,11,48.0,286,4.766666666666667,42.0,0.7,neurofeedback,Subject_001,Session_001
178,0,LEFT,True,False,hit,False,60.0,0.0,221.3056768558952,0.0,0.8406113537117904,47,7,40,340.0,458,7.633333333333334,0.0,0.0,neurofeedback,Subject_001,Session_001
179,1,RIGHT,False,False,wrong_paddle,False,60.0,710.0,527.40625,372.0,0.0,14,14,0,0.0,256,4.266666666666667,,,neurofeedback,Subject_001,Session_001
180,0,LEFT,False,False,wrong_paddle,False,706.0,646.0,319.72549019607845,102.0,0.6381461675579323,13,1,12,238.0,561,9.35,0.0,0.0,neurofeedback,Subject_001,Session_001
181,0,LEFT,False,False,wrong_paddle,False,740.0,680.0,527.609375,342.0,0.0,14,14,0,0.0,256,4.266666666666667,,,neurofeedback,Subject_001,Session_001
182,1,RIGHT,False,False,wrong_paddle,False,60.0,710.0,541.0,372.0,0.0,0,0,0,0.0,170,2.8333333333333335,,,neurofeedback,Subject_001,Session_001
183,0,LEFT,True,False,hit,False,60.0,0.0,136.39837398373984,0.0,1.0,10,0,10,340.0,246,4.1,0.0,0.0,neurofeedback,Subject_001,Session_001
184,0,LEFT,False,False,wrong_early,False,422.0,362.0,283.35135135135135,118.0,0.7675675675675676,27,1,26,222.0,555,9.25,0.0,0.0,neurofeedback,Subject_001,Session_001
185,1,RIGHT,True,False,hit,False,740.0,30.0,265.4812030075188,30.0,0.9924812030075187,40,2,38,340.0,532,8.866666666666667,0.0,0.0,neurofeedback,Subject_001,Session_001
186,0,LEFT,True,False,hit,False,60.0,0.0,196.06,0.0,0.85,5,5,0,340.0,200,3.3333333333333335,30.0,0.5,neurofeedback,Subject_001,Session_001
187,0,LEFT,True,False,hit,True,60.0,0.0,318.9905213270142,0.0,0.4218009478672986,21,17,4,340.0,422,7.033333333333333,244.0,4.066666666666666,neurofeedback,Subject_001,Session_001
188,1,RIGHT,True,False,hit,False,740.0,30.0,199.0,30.0,1.0,0,0,0,340.0,170,2.8333333333333335,0.0,0.0,neurofeedback,Subject_001,Session_001
189,1,RIGHT,True,False,hit,False,740.0,30.0,199.0,30.0,1.0,0,0,0,340.0,170,2.8333333333333335,0.0,0.0,neurofeedback,Subject_001,Session_001
190,1,RIGHT,False,False,wrong_paddle,True,60.0,710.0,568.187969924812,372.0,0.0,20,20,0,0.0,266,4.433333333333334,,,neurofeedback,Subject_001,Session_001
191,0,LEFT,True,False,hit,False,60.0,0.0,169.0,0.0,1.0,0,0,0,340.0,170,2.8333333333333335,0.0,0.0,neurofeedback,Subject_001,Session_001
192,1,RIGHT,True,False,hit,False,740.0,30.0,211.04347826086956,30.0,0.9565217391304348,3,1,2,340.0,184,3.066666666666667,8.0,0.13333333333333333,neurofeedback,Subject_001,Session_001
193,0,LEFT,False,False,wrong_early,True,462.0,402.0,398.86940966010735,280.0,0.24865831842576028,30,19,11,60.0,559,9.316666666666666,0.0,0.0,neurofeedback,Subject_001,Session_001
194,0,LEFT,False,False,close_weak_early,False,258.0,198.0,276.81769911504426,106.0,0.8424778761061947,70,14,56,234.0,565,9.416666666666666,52.0,0.8666666666666667,neurofeedback,Subject_001,Session_001
195,1,RIGHT,False,False,close_weak_early,False,544.0,226.0,244.19434628975264,134.0,0.9946996466431095,25,1,24,236.0,566,9.433333333333334,0.0,0.0,neurofeedback,Subject_001,Session_001
196,1,RIGHT,True,False,hit,False,740.0,30.0,173.53679653679654,30.0,1.0,36,0,36,340.0,462,7.7,0.0,0.0,neurofeedback,Subject_001,Session_001
197,1,RIGHT,False,False,wrong_paddle,False,60.0,710.0,332.0894308943089,80.0,0.6524390243902439,9,0,9,290.0,492,8.2,0.0,0.0,neurofeedback,Subject_001,Session_001
198,0,LEFT,True,False,hit,False,60.0,0.0,179.55263157894737,0.0,1.0,16,0,16,340.0,304,5.066666666666666,0.0,0.0,neurofeedback,Subject_001,Session_001
199,1,RIGHT,True,False,hit,False,740.0,30.0,187.80645161290323,30.0,1.0,12,0,12,340.0,248,4.133333333333334,0.0,0.0,neurofeedback,Subject_001,Session_001
0,0,LEFT,False,False,wrong_early,False,400.0,340.0,340.0,340.0,0.0,0,0,0,0.0,552,9.2,,,neurofeedback,Subject_0010,Session_001
1,0,LEFT,True,False,hit,False,60.0,0.0,395.7912087912088,0.0,0.3131868131868132,11,11,0,340.0,546,9.1,0.0,0.0,neurofeedback,Subject_0010,Session_001
2,0,LEFT,True,False,hit,False,60.0,0.0,268.3486590038314,0.0,0.7068965517241379,8,3,5,340.0,522,8.7,0.0,0.0,neurofeedback,Subject_0010,Session_001
3,0,LEFT,True,False,hit,False,60.0,0.0,169.0,0.0,1.0,0,0,0,340.0,170,2.8333333333333335,0.0,0.0,neurofeedback,Subject_0010,Session_001
4,0,LEFT,True,False,hit,False,60.0,0.0,169.0,0.0,1.0,0,0,0,340.0,170,2.8333333333333335,0.0,0.0,neurofeedback,Subject_0010,Session_001
5,0,LEFT,True,False,hit,False,60.0,0.0,161.43269230769232,0.0,1.0,32,0,32,340.0,416,6.933333333333334,0.0,0.0,neurofeedback,Subject_0010,Session_001
6,0,LEFT,False,False,wrong_paddle,False,740.0,680.0,495.348623853211,342.0,0.0,10,10,0,0.0,218,3.6333333333333333,,,neurofeedback,Subject_0010,Session_001
7,1,RIGHT,False,False,wrong_paddle,True,60.0,710.0,459.92660550458714,314.0,0.12614678899082568,28,27,1,56.0,436,7.266666666666667,210.0,3.5,neurofeedback,Subject_0010,Session_001
8,0,LEFT,True,False,hit,False,60.0,0.0,169.0,0.0,1.0,0,0,0,340.0,170,2.8333333333333335,0.0,0.0,neurofeedback,Subject_0010,Session_001
9,1,RIGHT,False,False,wrong_paddle,False,60.0,710.0,460.9887640449438,304.0,0.21067415730337077,18,13,5,66.0,356,5.933333333333334,92.0,1.5333333333333334,neurofeedback,Subject_0010,Session_001
10,1,RIGHT,False,False,wrong_paddle,False,60.0,710.0,479.4025974025974,296.0,0.25,12,9,3,74.0,308,5.133333333333334,22.0,0.36666666666666664,neurofeedback,Subject_0010,Session_001
11,0,LEFT,False,False,wrong_paddle,False,680.0,620.0,276.06397306397304,20.0,0.7609427609427609,13,1,12,320.0,594,9.9,0.0,0.0,neurofeedback,Subject_0010,Session_001
12,1,RIGHT,False,False,close_strong_early,False,712.0,58.0,282.1515151515151,58.0,0.7626262626262627,18,5,13,312.0,594,9.9,0.0,0.0,neurofeedback,Subject_0010,Session_001
13,1,RIGHT,False,True,timeout_close_weak,True,480.0,290.0,427.4295302013423,276.0,0.30033557046979864,41,28,13,94.0,596,9.933333333333334,10.0,0.16666666666666666,neurofeedback,Subject_0010,Session_001
14,0,LEFT,False,True,timeout_wrong,False,574.0,514.0,293.963025210084,124.0,0.7680672268907563,46,7,39,216.0,595,9.916666666666666,0.0,0.0,neurofeedback,Subject_0010,Session_001
15,1,RIGHT,False,False,close_strong_early,False,622.0,148.0,283.5160744500846,112.0,0.8494077834179357,14,3,11,258.0,591,9.85,0.0,0.0,neurofeedback,Subject_0010,Session_001
16,1,RIGHT,False,False,wrong_paddle,False,60.0,710.0,457.75,268.0,0.3713235294117647,1,0,1,102.0,272,4.533333333333333,0.0,0.0,neurofeedback,Subject_0010,Session_001
17,1,RIGHT,False,False,wrong_paddle,False,60.0,710.0,422.3433962264151,242.0,0.4,5,1,4,128.0,530,8.833333333333334,0.0,0.0,neurofeedback,Subject_0010,Session_001
18,1,RIGHT,True,False,hit,False,740.0,30.0,199.0,30.0,1.0,0,0,0,340.0,170,2.8333333333333335,0.0,0.0,neurofeedback,Subject_0010,Session_001
19,1,RIGHT,True,False,hit,False,740.0,30.0,313.9699570815451,30.0,0.6587982832618026,2,1,1,340.0,466,7.766666666666667,0.0,0.0,neurofeedback,Subject_0010,Session_001
20,0,LEFT,True,False,hit,False,60.0,0.0,169.0,0.0,1.0,0,0,0,340.0,170,2.8333333333333335,0.0,0.0,neurofeedback,Subject_0010,Session_001
21,1,RIGHT,True,False,hit,False,740.0,30.0,204.77777777777777,30.0,1.0,4,0,4,340.0,180,3.0,0.0,0.0,neurofeedback,Subject_0010,Session_001
22,0,LEFT,False,False,wrong_paddle,False,740.0,680.0,391.24778761061947,182.0,0.3561946902654867,4,1,3,158.0,452,7.533333333333333,120.0,2.0,neurofeedback,Subject_0010,Session_001
23,0,LEFT,False,False,wrong_paddle,False,740.0,680.0,511.0,342.0,0.0,0,0,0,0.0,170,2.8333333333333335,,,neurofeedback,Subject_0010,Session_001
24,1,RIGHT,True,False,hit,False,740.0,30.0,199.0,30.0,1.0,0,0,0,340.0,170,2.8333333333333335,0.0,0.0,neurofeedback,Subject_0010,Session_001
25,1,RIGHT,True,False,hit,False,740.0,30.0,199.0,30.0,1.0,0,0,0,340.0,170,2.8333333333333335,0.0,0.0,neurofeedback,Subject_0010,Session_001
26,1,RIGHT,True,False,hit,False,740.0,30.0,186.8653846153846,30.0,0.9807692307692307,15,1,14,340.0,208,3.466666666666667,4.0,0.06666666666666667,neurofeedback,Subject_0010,Session_001
27,0,LEFT,True,False,hit,False,60.0,0.0,345.04761904761904,0.0,0.40476190476190477,3,3,0,340.0,420,7.0,250.0,4.166666666666667,neurofeedback,Subject_0010,Session_001
28,0,LEFT,False,False,wrong_paddle,False,740.0,680.0,511.0,342.0,0.0,0,0,0,0.0,170,2.8333333333333335,,,neurofeedback,Subject_0010,Session_001
29,1,RIGHT,True,False,hit,False,740.0,30.0,199.0,30.0,1.0,0,0,0,340.0,170,2.8333333333333335,0.0,0.0,neurofeedback,Subject_0010,Session_001
30,1,RIGHT,True,False,hit,False,740.0,30.0,199.0,30.0,1.0,0,0,0,340.0,170,2.8333333333333335,0.0,0.0,neurofeedback,Subject_0010,Session_001
31,0,LEFT,False,False,wrong_paddle,False,740.0,680.0,511.0,342.0,0.0,0,0,0,0.0,170,2.8333333333333335,,,neurofeedback,Subject_0010,Session_001
32,1,RIGHT,True,False,hit,False,740.0,30.0,199.0,30.0,1.0,0,0,0,340.0,170,2.8333333333333335,0.0,0.0,neurofeedback,Subject_0010,Session_001
33,0,LEFT,False,False,wrong_paddle,False,740.0,680.0,511.0,342.0,0.0,0,0,0,0.0,170,2.8333333333333335,,,neurofeedback,Subject_0010,Session_001
34,0,LEFT,False,False,wrong_paddle,False,740.0,680.0,448.79661016949154,256.0,0.3389830508474576,27,11,16,84.0,472,7.866666666666666,0.0,0.0,neurofeedback,Subject_0010,Session_001
35,1,RIGHT,False,False,wrong_paddle,False,60.0,710.0,491.8361581920904,354.0,0.04519774011299435,16,14,2,16.0,354,5.9,140.0,2.3333333333333335,neurofeedback,Subject_0010,Session_001
36,1,RIGHT,False,False,wrong_early,False,370.0,400.0,383.87478849407785,186.0,0.45854483925549916,38,25,13,184.0,591,9.85,304.0,5.066666666666666,neurofeedback,Subject_0010,Session_001
37,1,RIGHT,True,False,hit,False,740.0,30.0,279.5744680851064,30.0,0.6684397163120568,49,16,33,340.0,564,9.4,186.0,3.1,neurofeedback,Subject_0010,Session_001
38,0,LEFT,True,False,hit,False,60.0,0.0,177.8118811881188,0.0,1.0,6,0,6,340.0,202,3.3666666666666667,0.0,0.0,neurofeedback,Subject_0010,Session_001
39,0,LEFT,False,False,wrong_paddle,False,740.0,680.0,522.9411764705883,342.0,0.0,10,10,0,0.0,272,4.533333333333333,,,neurofeedback,Subject_0010,Session_001
40,0,LEFT,False,False,wrong_paddle,False,740.0,680.0,473.275,246.0,0.290625,11,10,1,94.0,320,5.333333333333333,0.0,0.0,neurofeedback,Subject_0010,Session_001
41,1,RIGHT,False,False,wrong_paddle,False,60.0,710.0,320.04411764705884,64.0,0.6856617647058824,13,0,13,306.0,544,9.066666666666666,0.0,0.0,neurofeedback,Subject_0010,Session_001
42,0,LEFT,True,False,hit,False,60.0,0.0,172.84782608695653,0.0,1.0,6,0,6,340.0,184,3.066666666666667,0.0,0.0,neurofeedback,Subject_0010,Session_001
43,1,RIGHT,False,False,wrong_paddle,False,60.0,710.0,569.7796610169491,372.0,0.0,12,12,0,0.0,236,3.933333333333333,,,neurofeedback,Subject_0010,Session_001
44,1,RIGHT,False,False,wrong_paddle,False,60.0,710.0,538.1945701357466,324.0,0.17420814479638008,13,6,7,46.0,442,7.366666666666666,0.0,0.0,neurofeedback,Subject_0010,Session_001
45,1,RIGHT,True,False,hit,False,740.0,30.0,278.86602870813397,30.0,0.7870813397129187,6,5,1,340.0,418,6.966666666666667,0.0,0.0,neurofeedback,Subject_0010,Session_001
46,0,LEFT,False,False,close_strong_early,False,74.0,14.0,307.3086003372681,14.0,0.6138279932546374,19,2,17,326.0,593,9.883333333333333,10.0,0.16666666666666666,neurofeedback,Subject_0010,Session_001
47,0,LEFT,False,False,wrong_paddle,True,598.0,538.0,501.59052453468695,316.0,0.04060913705583756,36,35,1,24.0,591,9.85,0.0,0.0,neurofeedback,Subject_0010,Session_001
48,1,RIGHT,True,False,hit,False,740.0,30.0,218.14285714285714,30.0,1.0,6,0,6,340.0,196,3.2666666666666666,0.0,0.0,neurofeedback,Subject_0010,Session_001
49,0,LEFT,True,False,hit,False,60.0,0.0,291.3353293413174,0.0,0.5089820359281437,9,9,0,340.0,334,5.566666666666666,164.0,2.7333333333333334,neurofeedback,Subject_0010,Session_001
50,1,RIGHT,True,False,hit,False,740.0,30.0,228.62376237623764,30.0,0.8415841584158416,1,1,0,340.0,202,3.3666666666666667,32.0,0.5333333333333333,neurofeedback,Subject_0010,Session_001
51,0,LEFT,False,False,wrong_paddle,False,740.0,680.0,434.4060606060606,284.0,0.19090909090909092,8,3,5,56.0,330,5.5,90.0,1.5,neurofeedback,Subject_0010,Session_001
52,0,LEFT,False,False,wrong_paddle,False,740.0,680.0,511.0,342.0,0.0,0,0,0,0.0,170,2.8333333333333335,,,neurofeedback,Subject_0010,Session_001
53,0,LEFT,False,False,wrong_paddle,False,740.0,680.0,511.0,342.0,0.0,0,0,0,0.0,170,2.8333333333333335,,,neurofeedback,Subject_0010,Session_001
54,1,RIGHT,True,False,hit,False,740.0,30.0,199.0,30.0,1.0,0,0,0,340.0,170,2.8333333333333335,0.0,0.0,neurofeedback,Subject_0010,Session_001
55,1,RIGHT,False,True,timeout_wrong,True,288.0,482.0,516.9798657718121,330.0,0.07885906040268456,25,20,5,40.0,596,9.933333333333334,0.0,0.0,neurofeedback,Subject_0010,Session_001
56,0,LEFT,True,False,hit,False,60.0,0.0,169.0,0.0,1.0,0,0,0,340.0,170,2.8333333333333335,0.0,0.0,neurofeedback,Subject_0010,Session_001
57,1,RIGHT,True,False,hit,False,740.0,30.0,335.80321285140565,30.0,0.5943775100401606,23,1,22,340.0,498,8.3,202.0,3.3666666666666667,neurofeedback,Subject_0010,Session_001
58,1,RIGHT,True,False,hit,False,740.0,30.0,299.2147651006711,30.0,0.5704697986577181,5,5,0,340.0,298,4.966666666666667,128.0,2.1333333333333333,neurofeedback,Subject_0010,Session_001
59,0,LEFT,False,False,wrong_paddle,False,740.0,680.0,466.45454545454544,290.0,0.22272727272727272,1,0,1,50.0,220,3.6666666666666665,0.0,0.0,neurofeedback,Subject_0010,Session_001
60,1,RIGHT,True,False,hit,False,740.0,30.0,199.0,30.0,1.0,0,0,0,340.0,170,2.8333333333333335,0.0,0.0,neurofeedback,Subject_0010,Session_001
61,0,LEFT,True,False,hit,False,60.0,0.0,169.0,0.0,1.0,0,0,0,340.0,170,2.8333333333333335,0.0,0.0,neurofeedback,Subject_0010,Session_001
62,0,LEFT,True,False,hit,False,60.0,0.0,169.0,0.0,1.0,0,0,0,340.0,170,2.8333333333333335,0.0,0.0,neurofeedback,Subject_0010,Session_001
63,0,LEFT,True,False,hit,False,60.0,0.0,169.0,0.0,1.0,0,0,0,340.0,170,2.8333333333333335,0.0,0.0,neurofeedback,Subject_0010,Session_001
64,1,RIGHT,False,False,close_strong_early,False,700.0,70.0,350.1178451178451,46.0,0.4898989898989899,18,10,8,324.0,594,9.9,90.0,1.5,neurofeedback,Subject_0010,Session_001
65,1,RIGHT,False,False,wrong_paddle,True,60.0,710.0,511.50704225352115,366.0,0.00528169014084507,55,54,1,4.0,568,9.466666666666667,0.0,0.0,neurofeedback,Subject_0010,Session_001
66,0,LEFT,True,False,hit,False,60.0,0.0,296.95675675675676,0.0,0.5486486486486486,8,3,5,340.0,370,6.166666666666667,0.0,0.0,neurofeedback,Subject_0010,Session_001
67,1,RIGHT,True,False,hit,False,740.0,30.0,199.0,30.0,1.0,0,0,0,340.0,170,2.8333333333333335,0.0,0.0,neurofeedback,Subject_0010,Session_001
68,1,RIGHT,True,False,hit,False,740.0,30.0,199.0,30.0,1.0,0,0,0,340.0,170,2.8333333333333335,0.0,0.0,neurofeedback,Subject_0010,Session_001
69,0,LEFT,False,False,wrong_paddle,False,740.0,680.0,511.0,342.0,0.0,0,0,0,0.0,170,2.8333333333333335,,,neurofeedback,Subject_0010,Session_001
70,1,RIGHT,True,False,hit,False,740.0,30.0,230.33333333333334,30.0,0.8333333333333334,1,1,0,340.0,204,3.4,34.0,0.5666666666666667,neurofeedback,Subject_0010,Session_001
71,0,LEFT,False,False,close_weak_early,False,272.0,212.0,471.1683501683502,212.0,0.10774410774410774,11,11,0,128.0,594,9.9,530.0,8.833333333333334,neurofeedback,Subject_0010,Session_001
72,1,RIGHT,True,False,hit,False,740.0,30.0,199.0,30.0,1.0,0,0,0,340.0,170,2.8333333333333335,0.0,0.0,neurofeedback,Subject_0010,Session_001
73,0,LEFT,False,False,wrong_paddle,False,740.0,680.0,358.6303317535545,130.0,0.495260663507109,4,3,1,210.0,422,7.033333333333333,42.0,0.7,neurofeedback,Subject_0010,Session_001
74,1,RIGHT,True,False,hit,False,740.0,30.0,199.0,30.0,1.0,0,0,0,340.0,170,2.8333333333333335,0.0,0.0,neurofeedback,Subject_0010,Session_001
75,0,LEFT,True,False,hit,False,60.0,0.0,169.0,0.0,1.0,0,0,0,340.0,170,2.8333333333333335,0.0,0.0,neurofeedback,Subject_0010,Session_001
76,1,RIGHT,True,False,hit,False,740.0,30.0,202.93103448275863,30.0,0.9827586206896551,1,1,0,340.0,174,2.9,0.0,0.0,neurofeedback,Subject_0010,Session_001
77,0,LEFT,False,False,wrong_paddle,False,740.0,680.0,511.0,342.0,0.0,0,0,0,0.0,170,2.8333333333333335,,,neurofeedback,Subject_0010,Session_001
78,1,RIGHT,True,False,hit,False,740.0,30.0,199.0,30.0,1.0,0,0,0,340.0,170,2.8333333333333335,0.0,0.0,neurofeedback,Subject_0010,Session_001
79,0,LEFT,False,False,wrong_paddle,False,740.0,680.0,511.0,342.0,0.0,0,0,0,0.0,170,2.8333333333333335,,,neurofeedback,Subject_0010,Session_001
80,1,RIGHT,True,False,hit,False,740.0,30.0,199.0,30.0,1.0,0,0,0,340.0,170,2.8333333333333335,0.0,0.0,neurofeedback,Subject_0010,Session_001
81,1,RIGHT,False,False,close_weak_early,False,464.0,306.0,203.63973063973063,66.0,1.0,37,0,37,304.0,594,9.9,0.0,0.0,neurofeedback,Subject_0010,Session_001
82,0,LEFT,True,False,hit,False,60.0,0.0,169.0,0.0,1.0,0,0,0,340.0,170,2.8333333333333335,0.0,0.0,neurofeedback,Subject_0010,Session_001
83,1,RIGHT,True,False,hit,False,740.0,30.0,220.77319587628867,30.0,0.8814432989690721,5,4,1,340.0,194,3.2333333333333334,18.0,0.3,neurofeedback,Subject_0010,Session_001
84,0,LEFT,False,False,wrong_paddle,False,740.0,680.0,538.0281690140845,342.0,0.0,14,14,0,0.0,284,4.733333333333333,,,neurofeedback,Subject_0010,Session_001
85,1,RIGHT,True,False,hit,False,740.0,30.0,199.0,30.0,1.0,0,0,0,340.0,170,2.8333333333333335,0.0,0.0,neurofeedback,Subject_0010,Session_001
86,1,RIGHT,True,False,hit,False,740.0,30.0,199.0,30.0,1.0,0,0,0,340.0,170,2.8333333333333335,0.0,0.0,neurofeedback,Subject_0010,Session_001
87,1,RIGHT,True,False,hit,False,740.0,30.0,199.0,30.0,1.0,0,0,0,340.0,170,2.8333333333333335,0.0,0.0,neurofeedback,Subject_0010,Session_001
88,0,LEFT,True,False,hit,False,60.0,0.0,206.50627615062763,0.0,0.7112970711297071,27,11,16,340.0,478,7.966666666666667,138.0,2.3,neurofeedback,Subject_0010,Session_001
89,0,LEFT,True,False,hit,False,60.0,0.0,199.47222222222223,0.0,1.0,12,0,12,340.0,288,4.8,0.0,0.0,neurofeedback,Subject_0010,Session_001
90,0,LEFT,True,False,hit,False,60.0,0.0,205.39234449760767,0.0,1.0,44,0,44,340.0,418,6.966666666666667,0.0,0.0,neurofeedback,Subject_0010,Session_001
91,0,LEFT,False,False,wrong_paddle,False,740.0,680.0,503.5625,342.0,0.0,8,8,0,0.0,192,3.2,,,neurofeedback,Subject_0010,Session_001
92,0,LEFT,False,False,close_strong_early,False,218.0,158.0,348.9477234401349,158.0,0.47048903878583476,22,16,6,182.0,593,9.883333333333333,0.0,0.0,neurofeedback,Subject_0010,Session_001
93,0,LEFT,True,False,hit,False,60.0,0.0,169.0,0.0,1.0,0,0,0,340.0,170,2.8333333333333335,0.0,0.0,neurofeedback,Subject_0010,Session_001
94,1,RIGHT,True,False,hit,False,740.0,30.0,208.77777777777777,30.0,0.9444444444444444,1,1,0,340.0,180,3.0,10.0,0.16666666666666666,neurofeedback,Subject_0010,Session_001
95,0,LEFT,True,False,hit,False,60.0,0.0,178.77777777777777,0.0,0.9444444444444444,1,1,0,340.0,180,3.0,10.0,0.16666666666666666,neurofeedback,Subject_0010,Session_001
96,1,RIGHT,True,False,hit,False,740.0,30.0,199.0,30.0,1.0,0,0,0,340.0,170,2.8333333333333335,0.0,0.0,neurofeedback,Subject_0010,Session_001
97,1,RIGHT,True,False,hit,False,740.0,30.0,241.68783068783068,30.0,1.0,16,0,16,340.0,378,6.3,0.0,0.0,neurofeedback,Subject_0010,Session_001
98,1,RIGHT,True,False,hit,False,740.0,30.0,199.0,30.0,1.0,0,0,0,340.0,170,2.8333333333333335,0.0,0.0,neurofeedback,Subject_0010,Session_001
99,0,LEFT,False,False,wrong_paddle,False,740.0,680.0,524.4074074074074,342.0,0.0,6,6,0,0.0,216,3.6,,,neurofeedback,Subject_0010,Session_001
100,0,LEFT,False,False,close_weak_early,False,274.0,214.0,269.57698815566835,116.0,0.7072758037225042,26,12,14,224.0,591,9.85,144.0,2.4,neurofeedback,Subject_0010,Session_001
101,1,RIGHT,False,True,wrong_paddle,False,210.0,560.0,390.3764705882353,228.0,0.4504201680672269,36,10,26,142.0,595,9.916666666666666,192.0,3.2,neurofeedback,Subject_0010,Session_001
102,1,RIGHT,False,False,wrong_paddle,True,60.0,710.0,517.595041322314,362.0,0.028925619834710745,17,16,1,8.0,242,4.033333333333333,2.0,0.03333333333333333,neurofeedback,Subject_0010,Session_001
103,1,RIGHT,False,False,close_strong_early,True,686.0,84.0,364.74873524451937,84.0,0.448566610455312,21,16,5,286.0,593,9.883333333333333,172.0,2.8666666666666667,neurofeedback,Subject_0010,Session_001
104,0,LEFT,True,False,hit,False,60.0,0.0,178.77777777777777,0.0,0.9444444444444444,1,1,0,340.0,180,3.0,10.0,0.16666666666666666,neurofeedback,Subject_0010,Session_001
105,1,RIGHT,True,False,hit,False,740.0,30.0,199.0,30.0,1.0,0,0,0,340.0,170,2.8333333333333335,0.0,0.0,neurofeedback,Subject_0010,Session_001
106,1,RIGHT,False,False,wrong_paddle,False,60.0,710.0,435.4869565217391,236.0,0.30217391304347824,10,7,3,134.0,460,7.666666666666667,150.0,2.5,neurofeedback,Subject_0010,Session_001
107,0,LEFT,True,False,hit,False,60.0,0.0,169.0,0.0,1.0,0,0,0,340.0,170,2.8333333333333335,0.0,0.0,neurofeedback,Subject_0010,Session_001
108,0,LEFT,True,False,hit,False,60.0,0.0,169.0,0.0,1.0,0,0,0,340.0,170,2.8333333333333335,0.0,0.0,neurofeedback,Subject_0010,Session_001
109,1,RIGHT,True,False,hit,False,740.0,30.0,235.38095238095238,30.0,0.8095238095238095,1,1,0,340.0,210,3.5,40.0,0.6666666666666666,neurofeedback,Subject_0010,Session_001
110,1,RIGHT,True,False,hit,False,740.0,30.0,227.24413145539907,30.0,0.9882629107981221,2,1,1,340.0,426,7.1,0.0,0.0,neurofeedback,Subject_0010,Session_001
111,0,LEFT,True,False,hit,False,60.0,0.0,205.38095238095238,0.0,0.8095238095238095,1,1,0,340.0,210,3.5,40.0,0.6666666666666666,neurofeedback,Subject_0010,Session_001
112,1,RIGHT,True,False,hit,False,740.0,30.0,199.0,30.0,1.0,0,0,0,340.0,170,2.8333333333333335,0.0,0.0,neurofeedback,Subject_0010,Session_001
113,0,LEFT,False,False,wrong_paddle,False,740.0,680.0,511.0,342.0,0.0,0,0,0,0.0,170,2.8333333333333335,,,neurofeedback,Subject_0010,Session_001
114,1,RIGHT,True,False,hit,False,740.0,30.0,199.0,30.0,1.0,0,0,0,340.0,170,2.8333333333333335,0.0,0.0,neurofeedback,Subject_0010,Session_001
115,0,LEFT,False,False,wrong_paddle,False,740.0,680.0,514.2873563218391,342.0,0.0,2,2,0,0.0,174,2.9,,,neurofeedback,Subject_0010,Session_001
116,0,LEFT,False,False,wrong_paddle,False,740.0,680.0,511.0,342.0,0.0,0,0,0,0.0,170,2.8333333333333335,,,neurofeedback,Subject_0010,Session_001
117,1,RIGHT,True,False,hit,False,740.0,30.0,199.0,30.0,1.0,0,0,0,340.0,170,2.8333333333333335,0.0,0.0,neurofeedback,Subject_0010,Session_001
118,0,LEFT,True,False,hit,False,60.0,0.0,169.0,0.0,1.0,0,0,0,340.0,170,2.8333333333333335,0.0,0.0,neurofeedback,Subject_0010,Session_001
119,0,LEFT,True,False,hit,False,60.0,0.0,173.85393258426967,0.0,1.0,4,0,4,340.0,178,2.966666666666667,0.0,0.0,neurofeedback,Subject_0010,Session_001
120,0,LEFT,True,False,hit,False,60.0,0.0,169.0,0.0,1.0,0,0,0,340.0,170,2.8333333333333335,0.0,0.0,neurofeedback,Subject_0010,Session_001
121,0,LEFT,True,False,hit,False,60.0,0.0,217.47787610619469,0.0,0.7522123893805309,7,7,0,340.0,226,3.7666666666666666,56.0,0.9333333333333333,neurofeedback,Subject_0010,Session_001
122,1,RIGHT,True,False,hit,False,740.0,30.0,199.0,30.0,1.0,0,0,0,340.0,170,2.8333333333333335,0.0,0.0,neurofeedback,Subject_0010,Session_001
123,1,RIGHT,True,False,hit,False,740.0,30.0,199.0,30.0,1.0,0,0,0,340.0,170,2.8333333333333335,0.0,0.0,neurofeedback,Subject_0010,Session_001
124,0,LEFT,True,False,hit,False,60.0,0.0,280.3630573248408,0.0,0.5414012738853503,3,3,0,340.0,314,5.233333333333333,144.0,2.4,neurofeedback,Subject_0010,Session_001
125,1,RIGHT,True,False,hit,False,740.0,30.0,199.0,30.0,1.0,0,0,0,340.0,170,2.8333333333333335,0.0,0.0,neurofeedback,Subject_0010,Session_001
126,1,RIGHT,True,False,hit,False,740.0,30.0,199.0,30.0,1.0,0,0,0,340.0,170,2.8333333333333335,0.0,0.0,neurofeedback,Subject_0010,Session_001
127,1,RIGHT,True,False,hit,False,740.0,30.0,199.0,30.0,1.0,0,0,0,340.0,170,2.8333333333333335,0.0,0.0,neurofeedback,Subject_0010,Session_001
128,1,RIGHT,True,False,hit,False,740.0,30.0,199.0,30.0,1.0,0,0,0,340.0,170,2.8333333333333335,0.0,0.0,neurofeedback,Subject_0010,Session_001
129,1,RIGHT,True,False,hit,False,740.0,30.0,178.0793650793651,30.0,1.0,16,0,16,340.0,378,6.3,0.0,0.0,neurofeedback,Subject_0010,Session_001
130,0,LEFT,True,False,hit,False,60.0,0.0,169.0,0.0,1.0,0,0,0,340.0,170,2.8333333333333335,0.0,0.0,neurofeedback,Subject_0010,Session_001
131,0,LEFT,True,False,hit,False,60.0,0.0,169.0,0.0,1.0,0,0,0,340.0,170,2.8333333333333335,0.0,0.0,neurofeedback,Subject_0010,Session_001
132,0,LEFT,False,False,wrong_paddle,False,740.0,680.0,511.0,342.0,0.0,0,0,0,0.0,170,2.8333333333333335,,,neurofeedback,Subject_0010,Session_001
133,1,RIGHT,True,False,hit,False,740.0,30.0,199.0,30.0,1.0,0,0,0,340.0,170,2.8333333333333335,0.0,0.0,neurofeedback,Subject_0010,Session_001
134,0,LEFT,True,False,hit,False,60.0,0.0,229.03333333333333,0.0,0.7083333333333334,3,3,0,340.0,240,4.0,70.0,1.1666666666666667,neurofeedback,Subject_0010,Session_001
135,0,LEFT,True,False,hit,False,60.0,0.0,152.26530612244898,0.0,1.0,4,0,4,340.0,196,3.2666666666666666,0.0,0.0,neurofeedback,Subject_0010,Session_001
136,1,RIGHT,True,False,hit,False,740.0,30.0,199.0,30.0,1.0,0,0,0,340.0,170,2.8333333333333335,0.0,0.0,neurofeedback,Subject_0010,Session_001
137,0,LEFT,False,False,wrong_paddle,False,740.0,680.0,483.0719424460432,342.0,0.0,12,12,0,0.0,278,4.633333333333334,,,neurofeedback,Subject_0010,Session_001
138,1,RIGHT,True,False,hit,False,740.0,30.0,199.0,30.0,1.0,0,0,0,340.0,170,2.8333333333333335,0.0,0.0,neurofeedback,Subject_0010,Session_001
139,0,LEFT,False,False,wrong_paddle,False,740.0,680.0,511.0,342.0,0.0,0,0,0,0.0,170,2.8333333333333335,,,neurofeedback,Subject_0010,Session_001
140,0,LEFT,False,False,wrong_paddle,False,740.0,680.0,456.29411764705884,300.0,0.2815126050420168,11,0,11,40.0,238,3.966666666666667,0.0,0.0,neurofeedback,Subject_0010,Session_001
141,1,RIGHT,True,False,hit,False,740.0,30.0,199.0,30.0,1.0,0,0,0,340.0,170,2.8333333333333335,0.0,0.0,neurofeedback,Subject_0010,Session_001
142,1,RIGHT,True,False,hit,False,740.0,30.0,196.3875,30.0,1.0,12,0,12,340.0,320,5.333333333333333,0.0,0.0,neurofeedback,Subject_0010,Session_001
143,1,RIGHT,True,False,hit,False,740.0,30.0,323.22754491017963,30.0,0.5089820359281437,1,1,0,340.0,334,5.566666666666666,164.0,2.7333333333333334,neurofeedback,Subject_0010,Session_001
144,0,LEFT,True,False,hit,True,60.0,0.0,370.6296296296296,0.0,0.35802469135802467,19,17,2,340.0,486,8.1,312.0,5.2,neurofeedback,Subject_0010,Session_001
145,0,LEFT,True,False,hit,False,60.0,0.0,176.36170212765958,0.0,1.0,8,0,8,340.0,188,3.1333333333333333,0.0,0.0,neurofeedback,Subject_0010,Session_001
146,0,LEFT,False,False,wrong_paddle,False,740.0,680.0,511.0,342.0,0.0,0,0,0,0.0,170,2.8333333333333335,,,neurofeedback,Subject_0010,Session_001
147,1,RIGHT,True,False,hit,False,740.0,30.0,199.0,30.0,1.0,0,0,0,340.0,170,2.8333333333333335,0.0,0.0,neurofeedback,Subject_0010,Session_001
148,0,LEFT,False,False,wrong_paddle,False,740.0,680.0,511.0,342.0,0.0,0,0,0,0.0,170,2.8333333333333335,,,neurofeedback,Subject_0010,Session_001
149,1,RIGHT,True,False,hit,False,740.0,30.0,180.51304347826087,30.0,1.0,22,0,22,340.0,230,3.8333333333333335,0.0,0.0,neurofeedback,Subject_0010,Session_001
150,1,RIGHT,True,False,hit,False,740.0,30.0,239.4322033898305,30.0,0.9258474576271186,18,9,9,340.0,472,7.866666666666666,0.0,0.0,neurofeedback,Subject_0010,Session_001
151,0,LEFT,True,False,hit,False,60.0,0.0,169.0,0.0,1.0,0,0,0,340.0,170,2.8333333333333335,0.0,0.0,neurofeedback,Subject_0010,Session_001
152,0,LEFT,True,False,hit,False,60.0,0.0,169.0,0.0,1.0,0,0,0,340.0,170,2.8333333333333335,0.0,0.0,neurofeedback,Subject_0010,Session_001
153,1,RIGHT,True,False,hit,False,740.0,30.0,199.0,30.0,1.0,0,0,0,340.0,170,2.8333333333333335,0.0,0.0,neurofeedback,Subject_0010,Session_001
154,1,RIGHT,True,False,hit,False,740.0,30.0,199.0,30.0,1.0,0,0,0,340.0,170,2.8333333333333335,0.0,0.0,neurofeedback,Subject_0010,Session_001
155,0,LEFT,False,False,wrong_paddle,False,740.0,680.0,504.65656565656565,342.0,0.0,6,6,0,0.0,198,3.3,,,neurofeedback,Subject_0010,Session_001
156,0,LEFT,False,False,wrong_paddle,False,740.0,680.0,511.0,342.0,0.0,0,0,0,0.0,170,2.8333333333333335,,,neurofeedback,Subject_0010,Session_001
157,1,RIGHT,True,False,hit,False,740.0,30.0,199.0,30.0,1.0,0,0,0,340.0,170,2.8333333333333335,0.0,0.0,neurofeedback,Subject_0010,Session_001
158,0,LEFT,False,False,wrong_paddle,False,740.0,680.0,511.0,342.0,0.0,0,0,0,0.0,170,2.8333333333333335,,,neurofeedback,Subject_0010,Session_001
159,1,RIGHT,True,False,hit,False,740.0,30.0,201.0,30.0,0.9883720930232558,0,0,0,340.0,172,2.8666666666666667,2.0,0.03333333333333333,neurofeedback,Subject_0010,Session_001
160,0,LEFT,True,False,hit,False,60.0,0.0,169.0,0.0,1.0,0,0,0,340.0,170,2.8333333333333335,0.0,0.0,neurofeedback,Subject_0010,Session_001
161,1,RIGHT,True,False,hit,False,740.0,30.0,217.16842105263157,30.0,0.9263157894736842,3,1,2,340.0,190,3.1666666666666665,14.0,0.23333333333333334,neurofeedback,Subject_0010,Session_001
162,0,LEFT,True,False,hit,False,60.0,0.0,216.73214285714286,0.0,0.7589285714285714,1,1,0,340.0,224,3.7333333333333334,54.0,0.9,neurofeedback,Subject_0010,Session_001
163,0,LEFT,True,False,hit,False,60.0,0.0,214.15942028985506,0.0,0.7971014492753623,9,5,4,340.0,276,4.6,56.0,0.9333333333333333,neurofeedback,Subject_0010,Session_001
164,0,LEFT,False,False,wrong_paddle,False,740.0,680.0,511.0,342.0,0.0,0,0,0,0.0,170,2.8333333333333335,,,neurofeedback,Subject_0010,Session_001
165,1,RIGHT,True,False,hit,False,740.0,30.0,199.0,30.0,1.0,0,0,0,340.0,170,2.8333333333333335,0.0,0.0,neurofeedback,Subject_0010,Session_001
166,1,RIGHT,True,False,hit,False,740.0,30.0,199.0,30.0,1.0,0,0,0,340.0,170,2.8333333333333335,0.0,0.0,neurofeedback,Subject_0010,Session_001
167,0,LEFT,False,False,wrong_paddle,False,740.0,680.0,511.0,342.0,0.0,0,0,0,0.0,170,2.8333333333333335,,,neurofeedback,Subject_0010,Session_001
168,1,RIGHT,True,False,hit,False,740.0,30.0,163.69767441860466,30.0,1.0,10,0,10,340.0,344,5.733333333333333,0.0,0.0,neurofeedback,Subject_0010,Session_001
169,1,RIGHT,True,False,hit,False,740.0,30.0,169.88188976377953,30.0,1.0,12,0,12,340.0,254,4.233333333333333,0.0,0.0,neurofeedback,Subject_0010,Session_001
170,1,RIGHT,True,False,hit,False,740.0,30.0,210.04255319148936,30.0,1.0,4,0,4,340.0,188,3.1333333333333333,0.0,0.0,neurofeedback,Subject_0010,Session_001
171,1,RIGHT,False,False,wrong_paddle,False,60.0,710.0,322.9288537549407,92.0,0.658102766798419,21,0,21,278.0,506,8.433333333333334,2.0,0.03333333333333333,neurofeedback,Subject_0010,Session_001
172,1,RIGHT,False,False,wrong_early,True,382.0,388.0,432.1483979763912,264.0,0.31703204047217537,44,32,12,106.0,593,9.883333333333333,0.0,0.0,neurofeedback,Subject_0010,Session_001
173,0,LEFT,True,False,hit,False,60.0,0.0,169.0,0.0,1.0,0,0,0,340.0,170,2.8333333333333335,0.0,0.0,neurofeedback,Subject_0010,Session_001
174,1,RIGHT,True,False,hit,False,740.0,30.0,263.5691056910569,30.0,0.6910569105691057,1,1,0,340.0,246,4.1,76.0,1.2666666666666666,neurofeedback,Subject_0010,Session_001
175,0,LEFT,True,False,hit,False,60.0,0.0,196.82,0.0,0.85,3,3,0,340.0,200,3.3333333333333335,30.0,0.5,neurofeedback,Subject_0010,Session_001
176,0,LEFT,True,False,hit,False,60.0,0.0,169.0,0.0,1.0,0,0,0,340.0,170,2.8333333333333335,0.0,0.0,neurofeedback,Subject_0010,Session_001
177,0,LEFT,False,False,wrong_paddle,False,740.0,680.0,511.0,342.0,0.0,0,0,0,0.0,170,2.8333333333333335,,,neurofeedback,Subject_0010,Session_001
178,0,LEFT,False,False,wrong_paddle,False,740.0,680.0,511.0,342.0,0.0,0,0,0,0.0,170,2.8333333333333335,,,neurofeedback,Subject_0010,Session_001
179,1,RIGHT,True,False,hit,False,740.0,30.0,199.0,30.0,1.0,0,0,0,340.0,170,2.8333333333333335,0.0,0.0,neurofeedback,Subject_0010,Session_001
180,0,LEFT,True,False,hit,False,60.0,0.0,374.82608695652175,0.0,0.383399209486166,5,1,4,340.0,506,8.433333333333334,312.0,5.2,neurofeedback,Subject_0010,Session_001
181,1,RIGHT,True,False,hit,False,740.0,30.0,199.0,30.0,1.0,0,0,0,340.0,170,2.8333333333333335,0.0,0.0,neurofeedback,Subject_0010,Session_001
182,0,LEFT,True,False,hit,False,60.0,0.0,221.43478260869566,0.0,0.7391304347826086,1,1,0,340.0,230,3.8333333333333335,60.0,1.0,neurofeedback,Subject_0010,Session_001
183,1,RIGHT,True,False,hit,False,740.0,30.0,199.0,30.0,1.0,0,0,0,340.0,170,2.8333333333333335,0.0,0.0,neurofeedback,Subject_0010,Session_001
184,0,LEFT,True,False,hit,False,60.0,0.0,208.6822429906542,0.0,0.794392523364486,1,1,0,340.0,214,3.566666666666667,44.0,0.7333333333333333,neurofeedback,Subject_0010,Session_001
185,1,RIGHT,True,False,hit,False,740.0,30.0,199.0,30.0,1.0,0,0,0,340.0,170,2.8333333333333335,0.0,0.0,neurofeedback,Subject_0010,Session_001
186,0,LEFT,False,False,wrong_paddle,False,740.0,680.0,511.0,342.0,0.0,0,0,0,0.0,170,2.8333333333333335,,,neurofeedback,Subject_0010,Session_001
187,0,LEFT,False,False,wrong_paddle,False,740.0,680.0,511.0,342.0,0.0,0,0,0,0.0,170,2.8333333333333335,,,neurofeedback,Subject_0010,Session_001
188,0,LEFT,False,False,wrong_early,False,582.0,522.0,419.95615514333895,168.0,0.28836424957841483,4,3,1,172.0,593,9.883333333333333,330.0,5.5,neurofeedback,Subject_0010,Session_001
189,1,RIGHT,True,False,hit,False,740.0,30.0,199.0,30.0,1.0,0,0,0,340.0,170,2.8333333333333335,0.0,0.0,neurofeedback,Subject_0010,Session_001
190,1,RIGHT,True,False,hit,False,740.0,30.0,199.0,30.0,1.0,0,0,0,340.0,170,2.8333333333333335,0.0,0.0,neurofeedback,Subject_0010,Session_001
191,0,LEFT,False,False,close_strong_early,False,120.0,60.0,298.4006734006734,60.0,0.6043771043771043,7,6,1,280.0,594,9.9,192.0,3.2,neurofeedback,Subject_0010,Session_001
192,0,LEFT,True,False,hit,False,60.0,0.0,323.8645833333333,0.0,0.4427083333333333,3,3,0,340.0,384,6.4,214.0,3.566666666666667,neurofeedback,Subject_0010,Session_001
193,1,RIGHT,True,False,hit,False,740.0,30.0,199.0,30.0,1.0,0,0,0,340.0,170,2.8333333333333335,0.0,0.0,neurofeedback,Subject_0010,Session_001
194,0,LEFT,False,False,wrong_paddle,False,740.0,680.0,511.0,342.0,0.0,0,0,0,0.0,170,2.8333333333333335,,,neurofeedback,Subject_0010,Session_001
195,1,RIGHT,True,False,hit,False,740.0,30.0,199.0,30.0,1.0,0,0,0,340.0,170,2.8333333333333335,0.0,0.0,neurofeedback,Subject_0010,Session_001
196,0,LEFT,False,False,wrong_paddle,False,740.0,680.0,511.0,342.0,0.0,0,0,0,0.0,170,2.8333333333333335,,,neurofeedback,Subject_0010,Session_001
197,1,RIGHT,True,False,hit,False,740.0,30.0,199.0,30.0,1.0,0,0,0,340.0,170,2.8333333333333335,0.0,0.0,neurofeedback,Subject_0010,Session_001
198,1,RIGHT,True,False,hit,False,740.0,30.0,199.0,30.0,1.0,0,0,0,340.0,170,2.8333333333333335,0.0,0.0,neurofeedback,Subject_0010,Session_001
199,1,RIGHT,True,False,hit,False,740.0,30.0,199.0,30.0,1.0,0,0,0,340.0,170,2.8333333333333335,0.0,0.0,neurofeedback,Subject_0010,Session_001
0,0,LEFT,False,False,wrong_early,False,400.0,340.0,340.0,340.0,0.0,0,0,0,0.0,546,9.1,,,neurofeedback,Subject_002,ME
1,1,RIGHT,False,False,wrong_paddle,False,60.0,710.0,547.6067415730337,372.0,0.0,4,4,0,0.0,178,2.966666666666667,,,neurofeedback,Subject_002,ME
2,0,LEFT,False,False,wrong_paddle,False,740.0,680.0,455.5378151260504,290.0,0.25630252100840334,9,2,7,50.0,238,3.966666666666667,0.0,0.0,neurofeedback,Subject_002,ME
3,1,RIGHT,False,False,wrong_paddle,True,60.0,710.0,528.7051282051282,372.0,0.0,18,18,0,0.0,312,5.2,,,neurofeedback,Subject_002,ME
4,0,LEFT,False,False,wrong_paddle,False,740.0,680.0,511.0,342.0,0.0,0,0,0,0.0,170,2.8333333333333335,,,neurofeedback,Subject_002,ME
5,1,RIGHT,True,False,hit,False,740.0,30.0,254.955223880597,30.0,0.9365671641791045,14,5,9,340.0,268,4.466666666666667,0.0,0.0,neurofeedback,Subject_002,ME
6,0,LEFT,False,False,wrong_paddle,True,740.0,680.0,456.94945848375454,268.0,0.12815884476534295,16,15,1,72.0,554,9.233333333333333,168.0,2.8,neurofeedback,Subject_002,ME
7,0,LEFT,True,False,hit,False,60.0,0.0,332.1322314049587,0.0,0.4628099173553719,19,1,18,340.0,484,8.066666666666666,260.0,4.333333333333333,neurofeedback,Subject_002,ME
8,1,RIGHT,False,False,wrong_paddle,True,144.0,626.0,426.6902356902357,296.0,0.23737373737373738,28,22,6,74.0,594,9.9,0.0,0.0,neurofeedback,Subject_002,ME
9,1,RIGHT,False,False,wrong_paddle,True,60.0,710.0,571.4028776978417,350.0,0.0341726618705036,21,20,1,20.0,556,9.266666666666667,0.0,0.0,neurofeedback,Subject_002,ME
10,0,LEFT,False,False,wrong_paddle,False,740.0,680.0,512.5555555555555,342.0,0.0,4,4,0,0.0,180,3.0,,,neurofeedback,Subject_002,ME
11,0,LEFT,False,True,timeout_wrong,False,450.0,390.0,226.321608040201,50.0,0.8576214405360134,37,7,30,290.0,597,9.95,4.0,0.06666666666666667,neurofeedback,Subject_002,ME
12,1,RIGHT,False,True,timeout_wrong,True,292.0,478.0,431.7315436241611,258.0,0.30201342281879195,31,25,6,112.0,596,9.933333333333334,0.0,0.0,neurofeedback,Subject_002,ME
13,1,RIGHT,False,False,wrong_paddle,False,60.0,710.0,415.28901734104045,210.0,0.49421965317919075,7,2,5,160.0,346,5.766666666666667,0.0,0.0,neurofeedback,Subject_002,ME
14,0,LEFT,True,False,hit,False,60.0,0.0,232.44516129032257,0.0,0.7451612903225806,6,1,5,340.0,310,5.166666666666667,0.0,0.0,neurofeedback,Subject_002,ME
15,0,LEFT,False,False,wrong_paddle,True,740.0,680.0,465.0719424460432,310.0,0.12050359712230216,39,30,9,30.0,556,9.266666666666667,0.0,0.0,neurofeedback,Subject_002,ME
16,1,RIGHT,True,False,hit,False,740.0,30.0,216.86928104575162,30.0,1.0,6,0,6,340.0,306,5.1,0.0,0.0,neurofeedback,Subject_002,ME
17,0,LEFT,False,False,wrong_paddle,False,740.0,680.0,511.0,342.0,0.0,0,0,0,0.0,170,2.8333333333333335,,,neurofeedback,Subject_002,ME
18,1,RIGHT,False,False,close_weak_early,False,470.0,300.0,247.31197301854974,38.0,0.8532883642495784,5,1,4,332.0,593,9.883333333333333,0.0,0.0,neurofeedback,Subject_002,ME
19,1,RIGHT,False,False,wrong_paddle,False,60.0,710.0,541.0,372.0,0.0,0,0,0,0.0,170,2.8333333333333335,,,neurofeedback,Subject_002,ME
20,0,LEFT,True,False,hit,False,60.0,0.0,169.0,0.0,1.0,0,0,0,340.0,170,2.8333333333333335,0.0,0.0,neurofeedback,Subject_002,ME
21,0,LEFT,True,False,hit,False,60.0,0.0,218.26153846153846,0.0,0.823076923076923,11,1,10,340.0,260,4.333333333333333,46.0,0.7666666666666667,neurofeedback,Subject_002,ME
22,1,RIGHT,False,False,wrong_paddle,False,60.0,710.0,559.5,372.0,0.0,10,10,0,0.0,224,3.7333333333333334,,,neurofeedback,Subject_002,ME
23,0,LEFT,True,False,hit,False,60.0,0.0,178.77777777777777,0.0,0.9444444444444444,1,1,0,340.0,180,3.0,10.0,0.16666666666666666,neurofeedback,Subject_002,ME
24,1,RIGHT,True,False,hit,False,740.0,30.0,211.57894736842104,30.0,0.868421052631579,11,5,6,340.0,228,3.8,30.0,0.5,neurofeedback,Subject_002,ME
25,1,RIGHT,False,False,wrong_paddle,False,60.0,710.0,352.957805907173,114.0,0.6139240506329114,11,4,7,256.0,474,7.9,0.0,0.0,neurofeedback,Subject_002,ME
26,0,LEFT,True,False,hit,False,60.0,0.0,203.3698113207547,0.0,0.930188679245283,18,3,15,340.0,530,8.833333333333334,0.0,0.0,neurofeedback,Subject_002,ME
27,1,RIGHT,False,False,wrong_paddle,False,60.0,710.0,541.0,372.0,0.0,0,0,0,0.0,170,2.8333333333333335,,,neurofeedback,Subject_002,ME
28,0,LEFT,True,False,hit,False,60.0,0.0,201.33009708737865,0.0,0.8252427184466019,7,7,0,340.0,206,3.433333333333333,36.0,0.6,neurofeedback,Subject_002,ME
29,1,RIGHT,True,False,hit,False,740.0,30.0,319.3917525773196,30.0,0.5515463917525774,13,7,6,340.0,388,6.466666666666667,174.0,2.9,neurofeedback,Subject_002,ME
30,1,RIGHT,False,True,timeout_wrong,False,330.0,440.0,347.81239530988273,94.0,0.47068676716917923,18,15,3,276.0,597,9.95,280.0,4.666666666666667,neurofeedback,Subject_002,ME
31,1,RIGHT,False,False,wrong_paddle,True,60.0,710.0,437.20664206642067,254.0,0.2952029520295203,32,18,14,116.0,542,9.033333333333333,4.0,0.06666666666666667,neurofeedback,Subject_002,ME
32,1,RIGHT,False,False,wrong_paddle,False,60.0,710.0,541.0,372.0,0.0,0,0,0,0.0,170,2.8333333333333335,,,neurofeedback,Subject_002,ME
33,0,LEFT,True,False,hit,False,60.0,0.0,169.02173913043478,0.0,1.0,4,0,4,340.0,184,3.066666666666667,0.0,0.0,neurofeedback,Subject_002,ME
34,1,RIGHT,True,False,hit,False,740.0,30.0,324.2659574468085,30.0,0.5159574468085106,7,3,4,340.0,376,6.266666666666667,182.0,3.033333333333333,neurofeedback,Subject_002,ME
35,0,LEFT,True,False,hit,False,60.0,0.0,169.0,0.0,1.0,0,0,0,340.0,170,2.8333333333333335,0.0,0.0,neurofeedback,Subject_002,ME
36,0,LEFT,True,False,hit,False,60.0,0.0,171.55172413793105,0.0,1.0,2,0,2,340.0,174,2.9,0.0,0.0,neurofeedback,Subject_002,ME
37,1,RIGHT,False,False,wrong_paddle,False,60.0,710.0,541.0,372.0,0.0,0,0,0,0.0,170,2.8333333333333335,,,neurofeedback,Subject_002,ME
38,0,LEFT,True,False,hit,False,60.0,0.0,162.8211382113821,0.0,1.0,10,0,10,340.0,246,4.1,0.0,0.0,neurofeedback,Subject_002,ME
39,0,LEFT,True,False,hit,False,60.0,0.0,173.4318181818182,0.0,1.0,2,0,2,340.0,176,2.933333333333333,0.0,0.0,neurofeedback,Subject_002,ME
40,0,LEFT,True,False,hit,False,60.0,0.0,305.22222222222223,0.0,0.533816425120773,9,6,3,340.0,414,6.9,184.0,3.066666666666667,neurofeedback,Subject_002,ME
41,0,LEFT,False,False,wrong_paddle,False,740.0,680.0,511.0,342.0,0.0,0,0,0,0.0,170,2.8333333333333335,,,neurofeedback,Subject_002,ME
42,0,LEFT,False,False,wrong_paddle,False,740.0,680.0,511.0,342.0,0.0,0,0,0,0.0,170,2.8333333333333335,,,neurofeedback,Subject_002,ME
43,1,RIGHT,True,False,hit,False,740.0,30.0,199.0,30.0,1.0,0,0,0,340.0,170,2.8333333333333335,0.0,0.0,neurofeedback,Subject_002,ME
44,1,RIGHT,True,False,hit,False,740.0,30.0,191.15384615384616,30.0,1.0,4,0,4,340.0,182,3.033333333333333,0.0,0.0,neurofeedback,Subject_002,ME
45,1,RIGHT,True,False,hit,False,740.0,30.0,199.0,30.0,1.0,0,0,0,340.0,170,2.8333333333333335,0.0,0.0,neurofeedback,Subject_002,ME
46,0,LEFT,False,False,wrong_paddle,False,740.0,680.0,518.5333333333333,342.0,0.0,4,4,0,0.0,180,3.0,,,neurofeedback,Subject_002,ME
47,0,LEFT,True,False,hit,False,60.0,0.0,150.83333333333334,0.0,1.0,8,0,8,340.0,240,4.0,0.0,0.0,neurofeedback,Subject_002,ME
48,1,RIGHT,True,False,hit,False,740.0,30.0,310.1243781094527,30.0,0.5074626865671642,39,29,10,340.0,402,6.7,48.0,0.8,neurofeedback,Subject_002,ME
49,0,LEFT,True,False,hit,False,60.0,0.0,189.62962962962962,0.0,0.9490740740740741,9,3,6,340.0,216,3.6,0.0,0.0,neurofeedback,Subject_002,ME
50,0,LEFT,False,False,wrong_paddle,False,740.0,680.0,509.2061855670103,342.0,0.0,8,8,0,0.0,194,3.2333333333333334,,,neurofeedback,Subject_002,ME
51,0,LEFT,True,False,hit,False,60.0,0.0,289.02272727272725,0.0,0.48295454545454547,25,25,0,340.0,352,5.866666666666666,182.0,3.033333333333333,neurofeedback,Subject_002,ME
52,0,LEFT,True,False,hit,False,60.0,0.0,315.13903743315507,0.0,0.45454545454545453,11,11,0,340.0,374,6.233333333333333,204.0,3.4,neurofeedback,Subject_002,ME
53,1,RIGHT,True,False,hit,False,740.0,30.0,206.1304347826087,30.0,1.0,4,0,4,340.0,184,3.066666666666667,0.0,0.0,neurofeedback,Subject_002,ME
54,1,RIGHT,True,False,hit,False,740.0,30.0,199.0,30.0,1.0,0,0,0,340.0,170,2.8333333333333335,0.0,0.0,neurofeedback,Subject_002,ME
55,0,LEFT,False,False,wrong_paddle,False,740.0,680.0,511.0,342.0,0.0,0,0,0,0.0,170,2.8333333333333335,,,neurofeedback,Subject_002,ME
56,1,RIGHT,False,False,close_weak_early,False,512.0,258.0,344.85858585858585,138.0,0.6481481481481481,19,5,14,232.0,594,9.9,0.0,0.0,neurofeedback,Subject_002,ME
57,1,RIGHT,False,False,close_weak_early,False,512.0,258.0,326.6689189189189,108.0,0.6182432432432432,36,16,20,262.0,592,9.866666666666667,0.0,0.0,neurofeedback,Subject_002,ME
58,1,RIGHT,True,False,hit,False,740.0,30.0,290.741935483871,30.0,0.6548387096774193,13,6,7,340.0,310,5.166666666666667,6.0,0.1,neurofeedback,Subject_002,ME
59,1,RIGHT,False,False,wrong_paddle,False,60.0,710.0,547.5957446808511,372.0,0.0,8,8,0,0.0,188,3.1333333333333333,,,neurofeedback,Subject_002,ME
60,0,LEFT,True,False,hit,False,60.0,0.0,243.0375,0.0,0.890625,14,1,13,340.0,320,5.333333333333333,0.0,0.0,neurofeedback,Subject_002,ME
61,1,RIGHT,True,False,hit,False,740.0,30.0,347.0820512820513,30.0,0.4358974358974359,11,11,0,340.0,390,6.5,220.0,3.6666666666666665,neurofeedback,Subject_002,ME
62,1,RIGHT,True,False,hit,False,740.0,30.0,308.9518900343643,30.0,0.6443298969072165,19,10,9,340.0,582,9.7,50.0,0.8333333333333334,neurofeedback,Subject_002,ME
63,0,LEFT,True,False,hit,False,60.0,0.0,170.4022988505747,0.0,1.0,2,0,2,340.0,174,2.9,0.0,0.0,neurofeedback,Subject_002,ME
64,0,LEFT,True,False,hit,False,60.0,0.0,168.22105263157894,0.0,1.0,6,0,6,340.0,190,3.1666666666666665,0.0,0.0,neurofeedback,Subject_002,ME
65,1,RIGHT,False,False,wrong_paddle,False,60.0,710.0,576.3858267716536,366.0,0.011811023622047244,3,2,1,4.0,254,4.233333333333333,0.0,0.0,neurofeedback,Subject_002,ME
66,0,LEFT,True,False,hit,False,60.0,0.0,312.39130434782606,0.0,0.46195652173913043,7,7,0,340.0,368,6.133333333333334,198.0,3.3,neurofeedback,Subject_002,ME
67,1,RIGHT,True,False,hit,False,740.0,30.0,197.9090909090909,30.0,1.0,2,0,2,340.0,176,2.933333333333333,0.0,0.0,neurofeedback,Subject_002,ME
68,0,LEFT,True,False,hit,False,60.0,0.0,326.319587628866,0.0,0.4381443298969072,1,1,0,340.0,388,6.466666666666667,218.0,3.6333333333333333,neurofeedback,Subject_002,ME
69,1,RIGHT,True,False,hit,False,740.0,30.0,199.0,30.0,1.0,0,0,0,340.0,170,2.8333333333333335,0.0,0.0,neurofeedback,Subject_002,ME
70,0,LEFT,False,False,close_weak_early,False,334.0,274.0,287.65261382799326,2.0,0.5615514333895447,20,7,13,338.0,593,9.883333333333333,260.0,4.333333333333333,neurofeedback,Subject_002,ME
71,1,RIGHT,True,False,hit,False,740.0,30.0,202.4712643678161,30.0,1.0,2,0,2,340.0,174,2.9,0.0,0.0,neurofeedback,Subject_002,ME
72,1,RIGHT,True,False,hit,False,740.0,30.0,203.31460674157304,30.0,1.0,4,0,4,340.0,178,2.966666666666667,0.0,0.0,neurofeedback,Subject_002,ME
73,1,RIGHT,True,False,hit,False,740.0,30.0,199.0,30.0,1.0,0,0,0,340.0,170,2.8333333333333335,0.0,0.0,neurofeedback,Subject_002,ME
74,1,RIGHT,True,False,hit,False,740.0,30.0,196.55555555555554,30.0,1.0,2,0,2,340.0,180,3.0,0.0,0.0,neurofeedback,Subject_002,ME
75,0,LEFT,True,False,hit,False,60.0,0.0,238.08333333333334,0.0,0.8020833333333334,8,3,5,340.0,288,4.8,0.0,0.0,neurofeedback,Subject_002,ME
76,0,LEFT,True,False,hit,False,60.0,0.0,345.15767634854774,0.0,0.44190871369294604,16,13,3,340.0,482,8.033333333333333,0.0,0.0,neurofeedback,Subject_002,ME
77,0,LEFT,False,False,wrong_paddle,False,740.0,680.0,511.1333333333333,342.0,0.0,6,6,0,0.0,180,3.0,,,neurofeedback,Subject_002,ME
78,0,LEFT,False,False,wrong_paddle,False,740.0,680.0,511.0,342.0,0.0,0,0,0,0.0,170,2.8333333333333335,,,neurofeedback,Subject_002,ME
79,1,RIGHT,True,False,hit,False,740.0,30.0,207.87234042553192,30.0,1.0,6,0,6,340.0,188,3.1333333333333333,0.0,0.0,neurofeedback,Subject_002,ME
80,1,RIGHT,True,False,hit,False,740.0,30.0,199.0,30.0,1.0,0,0,0,340.0,170,2.8333333333333335,0.0,0.0,neurofeedback,Subject_002,ME
81,1,RIGHT,True,False,hit,False,740.0,30.0,229.5974025974026,30.0,1.0,22,0,22,340.0,308,5.133333333333334,0.0,0.0,neurofeedback,Subject_002,ME
82,0,LEFT,True,False,hit,False,60.0,0.0,217.1679389312977,0.0,0.9732824427480916,6,1,5,340.0,262,4.366666666666666,0.0,0.0,neurofeedback,Subject_002,ME
83,0,LEFT,True,False,hit,False,60.0,0.0,169.0,0.0,1.0,0,0,0,340.0,170,2.8333333333333335,0.0,0.0,neurofeedback,Subject_002,ME
84,0,LEFT,True,False,hit,False,60.0,0.0,248.34751773049646,0.0,0.6382978723404256,13,10,3,340.0,282,4.7,0.0,0.0,neurofeedback,Subject_002,ME
85,1,RIGHT,True,False,hit,False,740.0,30.0,294.0875,30.0,0.6125,21,15,6,340.0,320,5.333333333333333,110.0,1.8333333333333333,neurofeedback,Subject_002,ME
86,0,LEFT,False,False,wrong_paddle,False,624.0,564.0,408.52702702702703,208.0,0.2483108108108108,16,9,7,132.0,592,9.866666666666667,258.0,4.3,neurofeedback,Subject_002,ME
87,0,LEFT,False,False,wrong_paddle,False,740.0,680.0,511.0,342.0,0.0,0,0,0,0.0,170,2.8333333333333335,,,neurofeedback,Subject_002,ME
88,0,LEFT,True,False,hit,False,60.0,0.0,183.29752066115702,0.0,1.0,10,0,10,340.0,242,4.033333333333333,0.0,0.0,neurofeedback,Subject_002,ME
89,0,LEFT,True,False,hit,False,60.0,0.0,174.20430107526883,0.0,0.9623655913978495,4,1,3,340.0,186,3.1,2.0,0.03333333333333333,neurofeedback,Subject_002,ME
90,1,RIGHT,True,False,hit,False,740.0,30.0,199.0,30.0,1.0,0,0,0,340.0,170,2.8333333333333335,0.0,0.0,neurofeedback,Subject_002,ME
91,1,RIGHT,True,False,hit,False,740.0,30.0,199.0,30.0,1.0,0,0,0,340.0,170,2.8333333333333335,0.0,0.0,neurofeedback,Subject_002,ME
92,0,LEFT,True,False,hit,False,60.0,0.0,361.96521739130435,0.0,0.3869565217391304,4,2,2,340.0,460,7.666666666666667,0.0,0.0,neurofeedback,Subject_002,ME
93,0,LEFT,False,False,wrong_paddle,False,740.0,680.0,511.0,342.0,0.0,0,0,0,0.0,170,2.8333333333333335,,,neurofeedback,Subject_002,ME
94,1,RIGHT,True,False,hit,False,740.0,30.0,199.0,30.0,1.0,0,0,0,340.0,170,2.8333333333333335,0.0,0.0,neurofeedback,Subject_002,ME
95,1,RIGHT,True,False,hit,False,740.0,30.0,199.0,30.0,1.0,0,0,0,340.0,170,2.8333333333333335,0.0,0.0,neurofeedback,Subject_002,ME
96,0,LEFT,False,False,wrong_early,False,434.0,374.0,285.8815566835871,10.0,0.5769881556683587,14,7,7,330.0,591,9.85,232.0,3.8666666666666667,neurofeedback,Subject_002,ME
97,1,RIGHT,True,False,hit,False,740.0,30.0,243.43243243243242,30.0,0.7657657657657657,7,7,0,340.0,222,3.7,52.0,0.8666666666666667,neurofeedback,Subject_002,ME
98,1,RIGHT,True,False,hit,False,740.0,30.0,233.272,30.0,1.0,16,0,16,340.0,250,4.166666666666667,0.0,0.0,neurofeedback,Subject_002,ME
99,1,RIGHT,True,False,hit,False,740.0,30.0,199.0,30.0,1.0,0,0,0,340.0,170,2.8333333333333335,0.0,0.0,neurofeedback,Subject_002,ME
0,0,LEFT,False,False,wrong_early,False,400.0,340.0,340.0,340.0,0.0,0,0,0,0.0,579,9.65,,,neurofeedback,Subject_002,Session_001
1,0,LEFT,False,False,wrong_paddle,False,638.0,578.0,317.4148020654045,118.0,0.6024096385542169,5,1,4,222.0,581,9.683333333333334,0.0,0.0,neurofeedback,Subject_002,Session_001
2,0,LEFT,False,False,wrong_paddle,False,740.0,680.0,511.0,342.0,0.0,0,0,0,0.0,170,2.8333333333333335,,,neurofeedback,Subject_002,Session_001
3,0,LEFT,True,False,hit,False,60.0,0.0,221.55248618784532,0.0,0.7569060773480663,7,1,6,340.0,362,6.033333333333333,88.0,1.4666666666666666,neurofeedback,Subject_002,Session_001
4,1,RIGHT,True,False,hit,False,740.0,30.0,199.0,30.0,1.0,0,0,0,340.0,170,2.8333333333333335,0.0,0.0,neurofeedback,Subject_002,Session_001
5,0,LEFT,True,False,hit,False,60.0,0.0,214.5744680851064,0.0,0.8546099290780141,12,3,9,340.0,282,4.7,0.0,0.0,neurofeedback,Subject_002,Session_001
6,1,RIGHT,True,False,hit,False,740.0,30.0,232.25925925925927,30.0,1.0,34,0,34,340.0,324,5.4,0.0,0.0,neurofeedback,Subject_002,Session_001
7,0,LEFT,True,False,hit,False,60.0,0.0,251.39705882352942,0.0,0.625,3,3,0,340.0,272,4.533333333333333,102.0,1.7,neurofeedback,Subject_002,Session_001
8,1,RIGHT,True,False,hit,False,740.0,30.0,199.0,30.0,1.0,0,0,0,340.0,170,2.8333333333333335,0.0,0.0,neurofeedback,Subject_002,Session_001
9,0,LEFT,True,False,hit,False,60.0,0.0,235.74766355140187,0.0,1.0,28,0,28,340.0,428,7.133333333333334,0.0,0.0,neurofeedback,Subject_002,Session_001
10,1,RIGHT,True,False,hit,False,740.0,30.0,228.05583756345177,30.0,1.0,4,0,4,340.0,394,6.566666666666666,0.0,0.0,neurofeedback,Subject_002,Session_001
11,1,RIGHT,False,False,wrong_paddle,True,60.0,710.0,553.6376811594203,372.0,0.0,24,24,0,0.0,276,4.6,,,neurofeedback,Subject_002,Session_001
12,1,RIGHT,False,False,wrong_early,True,376.0,394.0,407.2097902097902,262.0,0.4178321678321678,40,21,19,108.0,572,9.533333333333333,0.0,0.0,neurofeedback,Subject_002,Session_001
13,0,LEFT,True,False,hit,False,60.0,0.0,171.0,0.0,0.9883720930232558,0,0,0,340.0,172,2.8666666666666667,2.0,0.03333333333333333,neurofeedback,Subject_002,Session_001
14,0,LEFT,False,False,wrong_early,False,578.0,518.0,392.2241681260946,188.0,0.26444833625218916,6,5,1,152.0,571,9.516666666666667,90.0,1.5,neurofeedback,Subject_002,Session_001
15,1,RIGHT,True,False,hit,False,740.0,30.0,166.68965517241378,30.0,1.0,14,0,14,340.0,232,3.8666666666666667,0.0,0.0,neurofeedback,Subject_002,Session_001
16,0,LEFT,True,False,hit,False,60.0,0.0,185.07299270072994,0.0,0.9051094890510949,21,1,20,340.0,274,4.566666666666666,26.0,0.43333333333333335,neurofeedback,Subject_002,Session_001
17,1,RIGHT,False,False,close_strong_early,False,646.0,124.0,263.7019064124783,114.0,0.9670710571923743,24,1,23,256.0,577,9.616666666666667,0.0,0.0,neurofeedback,Subject_002,Session_001
18,1,RIGHT,True,False,hit,False,740.0,30.0,317.5872340425532,30.0,0.648936170212766,24,13,11,340.0,470,7.833333333333333,0.0,0.0,neurofeedback,Subject_002,Session_001
19,1,RIGHT,False,False,close_weak_early,False,512.0,258.0,255.00706713780917,96.0,0.9734982332155477,9,1,8,274.0,566,9.433333333333334,0.0,0.0,neurofeedback,Subject_002,Session_001
20,0,LEFT,False,False,wrong_paddle,False,740.0,680.0,300.5983606557377,58.0,0.6495901639344263,9,0,9,282.0,488,8.133333333333333,0.0,0.0,neurofeedback,Subject_002,Session_001
21,1,RIGHT,True,False,hit,False,740.0,30.0,249.34959349593495,30.0,0.9207317073170732,14,1,13,340.0,492,8.2,0.0,0.0,neurofeedback,Subject_002,Session_001
22,1,RIGHT,False,False,wrong_paddle,True,60.0,710.0,493.864,360.0,0.084,24,16,8,10.0,250,4.166666666666667,0.0,0.0,neurofeedback,Subject_002,Session_001
23,0,LEFT,True,False,hit,False,60.0,0.0,131.55882352941177,0.0,1.0,4,0,4,340.0,272,4.533333333333333,0.0,0.0,neurofeedback,Subject_002,Session_001
24,0,LEFT,False,False,wrong_paddle,False,642.0,582.0,301.5971978984238,22.0,0.5691768826619965,11,6,5,318.0,571,9.516666666666667,0.0,0.0,neurofeedback,Subject_002,Session_001
25,1,RIGHT,True,False,hit,False,740.0,30.0,342.5217391304348,30.0,0.46195652173913043,7,7,0,340.0,368,6.133333333333334,198.0,3.3,neurofeedback,Subject_002,Session_001
26,1,RIGHT,True,False,hit,False,740.0,30.0,199.0,30.0,1.0,0,0,0,340.0,170,2.8333333333333335,0.0,0.0,neurofeedback,Subject_002,Session_001
27,0,LEFT,False,False,close_strong_early,False,174.0,114.0,319.5187165775401,78.0,0.49554367201426025,22,8,14,262.0,561,9.35,180.0,3.0,neurofeedback,Subject_002,Session_001
28,0,LEFT,True,False,hit,False,60.0,0.0,210.53153153153153,0.0,0.8558558558558559,4,2,2,340.0,222,3.7,0.0,0.0,neurofeedback,Subject_002,Session_001
29,1,RIGHT,True,False,hit,False,740.0,30.0,199.0,30.0,1.0,0,0,0,340.0,170,2.8333333333333335,0.0,0.0,neurofeedback,Subject_002,Session_001
30,0,LEFT,True,False,hit,False,60.0,0.0,180.59798994974875,0.0,0.9623115577889447,19,2,17,340.0,398,6.633333333333334,10.0,0.16666666666666666,neurofeedback,Subject_002,Session_001
31,0,LEFT,False,False,wrong_paddle,False,740.0,680.0,511.0,342.0,0.0,0,0,0,0.0,170,2.8333333333333335,,,neurofeedback,Subject_002,Session_001
32,1,RIGHT,True,False,hit,False,740.0,30.0,199.0,30.0,1.0,0,0,0,340.0,170,2.8333333333333335,0.0,0.0,neurofeedback,Subject_002,Session_001
33,1,RIGHT,True,False,hit,False,740.0,30.0,199.0,30.0,1.0,0,0,0,340.0,170,2.8333333333333335,0.0,0.0,neurofeedback,Subject_002,Session_001
34,0,LEFT,True,False,hit,False,60.0,0.0,162.16564417177915,0.0,1.0,10,0,10,340.0,326,5.433333333333334,0.0,0.0,neurofeedback,Subject_002,Session_001
35,1,RIGHT,True,False,hit,False,740.0,30.0,152.73410404624278,30.0,1.0,10,0,10,340.0,346,5.766666666666667,0.0,0.0,neurofeedback,Subject_002,Session_001
36,0,LEFT,False,False,wrong_paddle,False,740.0,680.0,350.51091703056767,112.0,0.49563318777292575,6,5,1,228.0,458,7.633333333333334,60.0,1.0,neurofeedback,Subject_002,Session_001
37,1,RIGHT,True,False,hit,False,740.0,30.0,199.0,30.0,1.0,0,0,0,340.0,170,2.8333333333333335,0.0,0.0,neurofeedback,Subject_002,Session_001
38,1,RIGHT,False,False,wrong_paddle,False,60.0,710.0,524.2655367231638,324.0,0.1553672316384181,13,8,5,46.0,354,5.9,0.0,0.0,neurofeedback,Subject_002,Session_001
39,0,LEFT,True,False,hit,False,60.0,0.0,313.68817204301075,0.0,0.45698924731182794,9,9,0,340.0,372,6.2,202.0,3.3666666666666667,neurofeedback,Subject_002,Session_001
40,1,RIGHT,False,False,wrong_paddle,False,60.0,710.0,547.7474747474747,372.0,0.0,6,6,0,0.0,198,3.3,,,neurofeedback,Subject_002,Session_001
41,1,RIGHT,True,False,hit,False,740.0,30.0,199.0,30.0,1.0,0,0,0,340.0,170,2.8333333333333335,0.0,0.0,neurofeedback,Subject_002,Session_001
42,1,RIGHT,True,False,hit,False,740.0,30.0,262.41509433962267,30.0,0.8561320754716981,4,1,3,340.0,424,7.066666666666666,0.0,0.0,neurofeedback,Subject_002,Session_001
43,0,LEFT,False,False,wrong_paddle,False,740.0,680.0,518.6504854368932,342.0,0.0,10,10,0,0.0,206,3.433333333333333,,,neurofeedback,Subject_002,Session_001
44,1,RIGHT,True,False,hit,False,740.0,30.0,204.88235294117646,30.0,1.0,8,0,8,340.0,204,3.4,0.0,0.0,neurofeedback,Subject_002,Session_001
45,0,LEFT,True,False,hit,False,60.0,0.0,169.0,0.0,1.0,0,0,0,340.0,170,2.8333333333333335,0.0,0.0,neurofeedback,Subject_002,Session_001
46,0,LEFT,False,False,close_weak_early,False,378.0,318.0,218.8656195462478,6.0,0.8952879581151832,17,5,12,334.0,573,9.55,32.0,0.5333333333333333,neurofeedback,Subject_002,Session_001
47,1,RIGHT,True,False,hit,False,740.0,30.0,280.34567901234567,30.0,0.7006172839506173,20,15,5,340.0,324,5.4,0.0,0.0,neurofeedback,Subject_002,Session_001
48,0,LEFT,False,False,close_strong_early,True,216.0,156.0,437.6478873239437,156.0,0.20422535211267606,55,43,12,184.0,568,9.466666666666667,452.0,7.533333333333333,neurofeedback,Subject_002,Session_001
49,1,RIGHT,True,False,hit,False,740.0,30.0,152.96531791907515,30.0,1.0,16,0,16,340.0,346,5.766666666666667,0.0,0.0,neurofeedback,Subject_002,Session_001
50,0,LEFT,True,False,hit,False,60.0,0.0,332.3333333333333,0.0,0.4387254901960784,2,1,1,340.0,408,6.8,0.0,0.0,neurofeedback,Subject_002,Session_001
51,0,LEFT,True,False,hit,False,60.0,0.0,222.98275862068965,0.0,0.7327586206896551,1,1,0,340.0,232,3.8666666666666667,62.0,1.0333333333333334,neurofeedback,Subject_002,Session_001
52,0,LEFT,False,False,wrong_early,True,570.0,510.0,520.4851657940663,342.0,0.0,17,17,0,0.0,573,9.55,,,neurofeedback,Subject_002,Session_001
53,0,LEFT,False,False,wrong_paddle,False,740.0,680.0,511.0,342.0,0.0,0,0,0,0.0,170,2.8333333333333335,,,neurofeedback,Subject_002,Session_001
54,1,RIGHT,True,False,hit,False,740.0,30.0,199.0,30.0,1.0,0,0,0,340.0,170,2.8333333333333335,0.0,0.0,neurofeedback,Subject_002,Session_001
55,1,RIGHT,True,False,hit,False,740.0,30.0,199.0,30.0,1.0,0,0,0,340.0,170,2.8333333333333335,0.0,0.0,neurofeedback,Subject_002,Session_001
56,1,RIGHT,False,False,wrong_paddle,False,60.0,710.0,469.0,292.0,0.337037037037037,11,4,7,78.0,270,4.5,0.0,0.0,neurofeedback,Subject_002,Session_001
57,1,RIGHT,False,False,wrong_paddle,False,60.0,710.0,477.38709677419354,314.0,0.31048387096774194,7,0,7,56.0,248,4.133333333333334,0.0,0.0,neurofeedback,Subject_002,Session_001
58,0,LEFT,True,False,hit,False,60.0,0.0,169.0,0.0,1.0,0,0,0,340.0,170,2.8333333333333335,0.0,0.0,neurofeedback,Subject_002,Session_001
59,0,LEFT,False,False,close_strong_early,False,110.0,50.0,272.4424778761062,48.0,0.7008849557522124,20,7,13,292.0,565,9.416666666666666,0.0,0.0,neurofeedback,Subject_002,Session_001
60,0,LEFT,False,False,wrong_paddle,False,600.0,540.0,279.8701754385965,74.0,0.7649122807017544,29,9,20,266.0,570,9.5,0.0,0.0,neurofeedback,Subject_002,Session_001
61,1,RIGHT,False,False,close_weak_early,False,580.0,190.0,364.3840830449827,172.0,0.5467128027681661,22,14,8,198.0,578,9.633333333333333,0.0,0.0,neurofeedback,Subject_002,Session_001
62,0,LEFT,True,False,hit,False,60.0,0.0,169.0,0.0,1.0,0,0,0,340.0,170,2.8333333333333335,0.0,0.0,neurofeedback,Subject_002,Session_001
63,1,RIGHT,False,False,wrong_paddle,False,60.0,710.0,541.0,372.0,0.0,0,0,0,0.0,170,2.8333333333333335,,,neurofeedback,Subject_002,Session_001
64,1,RIGHT,False,False,wrong_paddle,False,60.0,710.0,438.3863636363636,256.0,0.3210227272727273,10,9,1,114.0,352,5.866666666666666,68.0,1.1333333333333333,neurofeedback,Subject_002,Session_001
65,1,RIGHT,False,False,wrong_paddle,False,68.0,702.0,503.46315789473687,338.0,0.054385964912280704,8,7,1,32.0,570,9.5,120.0,2.0,neurofeedback,Subject_002,Session_001
66,0,LEFT,False,False,wrong_paddle,False,740.0,680.0,506.8279569892473,342.0,0.0,8,8,0,0.0,186,3.1,,,neurofeedback,Subject_002,Session_001
67,0,LEFT,False,False,wrong_paddle,True,740.0,680.0,526.2542372881356,342.0,0.0,16,16,0,0.0,236,3.933333333333333,,,neurofeedback,Subject_002,Session_001
68,1,RIGHT,True,False,hit,False,740.0,30.0,206.73033707865167,30.0,0.9606741573033708,2,1,1,340.0,178,2.966666666666667,2.0,0.03333333333333333,neurofeedback,Subject_002,Session_001
69,0,LEFT,True,False,hit,False,60.0,0.0,174.06306306306305,0.0,1.0,10,0,10,340.0,222,3.7,0.0,0.0,neurofeedback,Subject_002,Session_001
70,0,LEFT,True,False,hit,True,60.0,0.0,321.62545454545455,0.0,0.4381818181818182,31,18,13,340.0,550,9.166666666666666,154.0,2.566666666666667,neurofeedback,Subject_002,Session_001
71,0,LEFT,True,False,hit,False,60.0,0.0,185.66666666666666,0.0,1.0,6,0,6,340.0,234,3.9,0.0,0.0,neurofeedback,Subject_002,Session_001
72,1,RIGHT,False,False,close_strong_early,False,694.0,76.0,281.93982300884954,76.0,0.8176991150442477,22,5,17,294.0,565,9.416666666666666,0.0,0.0,neurofeedback,Subject_002,Session_001
73,1,RIGHT,True,False,hit,False,740.0,30.0,199.0,30.0,1.0,0,0,0,340.0,170,2.8333333333333335,0.0,0.0,neurofeedback,Subject_002,Session_001
74,0,LEFT,False,False,close_strong_early,False,150.0,90.0,204.1019332161687,10.0,0.8822495606326889,20,7,13,330.0,569,9.483333333333333,0.0,0.0,neurofeedback,Subject_002,Session_001
75,0,LEFT,True,False,hit,False,60.0,0.0,258.013698630137,0.0,0.6095890410958904,7,3,4,340.0,292,4.866666666666666,114.0,1.9,neurofeedback,Subject_002,Session_001
76,1,RIGHT,True,False,hit,False,740.0,30.0,206.0731707317073,30.0,1.0,16,0,16,340.0,410,6.833333333333333,0.0,0.0,neurofeedback,Subject_002,Session_001
77,0,LEFT,True,False,hit,False,60.0,0.0,232.68253968253967,0.0,0.7023809523809523,14,13,1,340.0,252,4.2,0.0,0.0,neurofeedback,Subject_002,Session_001
78,1,RIGHT,True,False,hit,False,740.0,30.0,219.01680672268907,30.0,1.0,30,0,30,340.0,476,7.933333333333334,0.0,0.0,neurofeedback,Subject_002,Session_001
79,1,RIGHT,True,False,hit,False,740.0,30.0,336.6911196911197,30.0,0.5888030888030888,12,9,3,340.0,518,8.633333333333333,2.0,0.03333333333333333,neurofeedback,Subject_002,Session_001
80,1,RIGHT,False,False,wrong_paddle,False,60.0,710.0,539.0,368.0,0.005813953488372093,0,0,0,2.0,172,2.8666666666666667,0.0,0.0,neurofeedback,Subject_002,Session_001
81,0,LEFT,True,False,hit,False,60.0,0.0,400.95384615384614,0.0,0.3269230769230769,5,5,0,340.0,520,8.666666666666666,350.0,5.833333333333333,neurofeedback,Subject_002,Session_001
82,1,RIGHT,True,False,hit,False,740.0,30.0,297.55214723926383,30.0,0.6012269938650306,18,14,4,340.0,326,5.433333333333334,0.0,0.0,neurofeedback,Subject_002,Session_001
83,1,RIGHT,False,False,wrong_paddle,False,60.0,710.0,518.360824742268,346.0,0.11855670103092783,1,0,1,24.0,194,3.2333333333333334,0.0,0.0,neurofeedback,Subject_002,Session_001
84,0,LEFT,False,False,wrong_early,False,530.0,470.0,251.5716814159292,40.0,0.720353982300885,25,10,15,300.0,565,9.416666666666666,20.0,0.3333333333333333,neurofeedback,Subject_002,Session_001
85,1,RIGHT,True,False,hit,False,740.0,30.0,231.5242718446602,30.0,0.8252427184466019,5,5,0,340.0,206,3.433333333333333,36.0,0.6,neurofeedback,Subject_002,Session_001
86,0,LEFT,False,False,close_weak_early,True,398.0,338.0,395.41446208112876,220.0,0.3315696649029982,41,22,19,120.0,567,9.45,330.0,5.5,neurofeedback,Subject_002,Session_001
87,1,RIGHT,True,False,hit,False,740.0,30.0,199.0,30.0,1.0,0,0,0,340.0,170,2.8333333333333335,0.0,0.0,neurofeedback,Subject_002,Session_001
88,0,LEFT,True,False,hit,False,60.0,0.0,188.4375,0.0,0.9270833333333334,3,1,2,340.0,192,3.2,14.0,0.23333333333333334,neurofeedback,Subject_002,Session_001
89,1,RIGHT,False,False,wrong_paddle,False,60.0,710.0,521.9473684210526,350.0,0.1,1,0,1,20.0,190,3.1666666666666665,0.0,0.0,neurofeedback,Subject_002,Session_001
90,1,RIGHT,False,False,wrong_paddle,False,60.0,710.0,440.19463087248323,246.0,0.4261744966442953,3,0,3,124.0,298,4.966666666666667,0.0,0.0,neurofeedback,Subject_002,Session_001
91,0,LEFT,True,False,hit,False,60.0,0.0,205.9158878504673,0.0,0.8551401869158879,8,3,5,340.0,214,3.566666666666667,0.0,0.0,neurofeedback,Subject_002,Session_001
92,0,LEFT,False,False,wrong_early,False,558.0,498.0,274.1446208112875,28.0,0.6631393298059964,15,3,12,312.0,567,9.45,0.0,0.0,neurofeedback,Subject_002,Session_001
93,0,LEFT,False,False,wrong_paddle,False,740.0,680.0,511.0,342.0,0.0,0,0,0,0.0,170,2.8333333333333335,,,neurofeedback,Subject_002,Session_001
94,1,RIGHT,True,False,hit,False,740.0,30.0,275.0390625,30.0,0.775390625,8,5,3,340.0,512,8.533333333333333,0.0,0.0,neurofeedback,Subject_002,Session_001
95,0,LEFT,True,False,hit,False,60.0,0.0,241.6206896551724,0.0,0.6896551724137931,7,1,6,340.0,406,6.766666666666667,126.0,2.1,neurofeedback,Subject_002,Session_001
96,1,RIGHT,True,False,hit,False,740.0,30.0,286.2241379310345,30.0,0.7047413793103449,20,5,15,340.0,464,7.733333333333333,0.0,0.0,neurofeedback,Subject_002,Session_001
97,0,LEFT,False,False,close_weak_early,True,348.0,288.0,428.41052631578947,266.0,0.24561403508771928,39,25,14,74.0,570,9.5,388.0,6.466666666666667,neurofeedback,Subject_002,Session_001
98,0,LEFT,False,False,wrong_paddle,False,740.0,680.0,511.0,342.0,0.0,0,0,0,0.0,170,2.8333333333333335,,,neurofeedback,Subject_002,Session_001
99,1,RIGHT,False,False,wrong_paddle,False,60.0,710.0,410.5,196.0,0.502906976744186,1,0,1,174.0,344,5.733333333333333,0.0,0.0,neurofeedback,Subject_002,Session_001
100,1,RIGHT,False,False,wrong_paddle,False,60.0,710.0,537.6666666666666,372.0,0.0,2,2,0,0.0,174,2.9,,,neurofeedback,Subject_002,Session_001
101,0,LEFT,True,False,hit,False,60.0,0.0,169.0,0.0,1.0,0,0,0,340.0,170,2.8333333333333335,0.0,0.0,neurofeedback,Subject_002,Session_001
102,0,LEFT,True,False,hit,False,60.0,0.0,135.7704918032787,0.0,1.0,14,0,14,340.0,244,4.066666666666666,0.0,0.0,neurofeedback,Subject_002,Session_001
103,1,RIGHT,True,False,hit,False,740.0,30.0,258.5833333333333,30.0,0.7083333333333334,3,3,0,340.0,240,4.0,70.0,1.1666666666666667,neurofeedback,Subject_002,Session_001
104,1,RIGHT,True,False,hit,False,740.0,30.0,225.71681415929203,30.0,1.0,12,0,12,340.0,452,7.533333333333333,0.0,0.0,neurofeedback,Subject_002,Session_001
105,0,LEFT,True,False,hit,False,60.0,0.0,204.75438596491227,0.0,1.0,4,0,4,340.0,228,3.8,0.0,0.0,neurofeedback,Subject_002,Session_001
106,0,LEFT,False,False,close_strong_early,False,202.0,142.0,301.58730158730157,132.0,0.5679012345679012,23,16,7,208.0,567,9.45,122.0,2.033333333333333,neurofeedback,Subject_002,Session_001
107,0,LEFT,True,False,hit,False,60.0,0.0,216.30357142857142,0.0,0.7589285714285714,5,5,0,340.0,224,3.7333333333333334,54.0,0.9,neurofeedback,Subject_002,Session_001
108,1,RIGHT,True,False,hit,False,740.0,30.0,199.0,30.0,1.0,0,0,0,340.0,170,2.8333333333333335,0.0,0.0,neurofeedback,Subject_002,Session_001
109,1,RIGHT,True,False,hit,False,740.0,30.0,270.1054852320675,30.0,0.7911392405063291,15,4,11,340.0,474,7.9,6.0,0.1,neurofeedback,Subject_002,Session_001
110,1,RIGHT,True,False,hit,False,740.0,30.0,195.98850574712642,30.0,1.0,2,0,2,340.0,174,2.9,0.0,0.0,neurofeedback,Subject_002,Session_001
111,0,LEFT,True,False,hit,False,60.0,0.0,169.0,0.0,1.0,0,0,0,340.0,170,2.8333333333333335,0.0,0.0,neurofeedback,Subject_002,Session_001
112,0,LEFT,True,False,hit,False,60.0,0.0,175.7912087912088,0.0,1.0,6,0,6,340.0,182,3.033333333333333,0.0,0.0,neurofeedback,Subject_002,Session_001
113,0,LEFT,True,False,hit,False,60.0,0.0,377.6896551724138,0.0,0.39272030651340994,8,5,3,340.0,522,8.7,0.0,0.0,neurofeedback,Subject_002,Session_001
114,1,RIGHT,True,False,hit,False,740.0,30.0,199.0,30.0,1.0,0,0,0,340.0,170,2.8333333333333335,0.0,0.0,neurofeedback,Subject_002,Session_001
115,1,RIGHT,True,False,hit,False,740.0,30.0,199.0,30.0,1.0,0,0,0,340.0,170,2.8333333333333335,0.0,0.0,neurofeedback,Subject_002,Session_001
116,0,LEFT,False,False,close_weak_early,False,286.0,226.0,379.21693121693124,174.0,0.4021164021164021,17,14,3,166.0,567,9.45,56.0,0.9333333333333333,neurofeedback,Subject_002,Session_001
117,1,RIGHT,True,False,hit,False,740.0,30.0,199.0,30.0,1.0,0,0,0,340.0,170,2.8333333333333335,0.0,0.0,neurofeedback,Subject_002,Session_001
118,0,LEFT,True,False,hit,False,60.0,0.0,169.0,0.0,1.0,0,0,0,340.0,170,2.8333333333333335,0.0,0.0,neurofeedback,Subject_002,Session_001
119,1,RIGHT,True,False,hit,False,740.0,30.0,210.67032967032966,30.0,0.9340659340659341,1,1,0,340.0,182,3.033333333333333,12.0,0.2,neurofeedback,Subject_002,Session_001
120,1,RIGHT,True,False,hit,False,740.0,30.0,199.0,30.0,1.0,0,0,0,340.0,170,2.8333333333333335,0.0,0.0,neurofeedback,Subject_002,Session_001
121,0,LEFT,True,False,hit,False,60.0,0.0,196.9,0.0,0.85,1,1,0,340.0,200,3.3333333333333335,30.0,0.5,neurofeedback,Subject_002,Session_001
122,1,RIGHT,True,False,hit,False,740.0,30.0,212.5609756097561,30.0,1.0,4,0,4,340.0,410,6.833333333333333,0.0,0.0,neurofeedback,Subject_002,Session_001
123,1,RIGHT,False,False,close_weak_early,False,532.0,238.0,282.2,148.0,0.843103448275862,9,2,7,222.0,580,9.666666666666666,14.0,0.23333333333333334,neurofeedback,Subject_002,Session_001
124,0,LEFT,True,False,hit,False,60.0,0.0,219.50420168067228,0.0,0.8277310924369747,4,3,1,340.0,238,3.966666666666667,0.0,0.0,neurofeedback,Subject_002,Session_001
125,0,LEFT,False,False,wrong_early,False,446.0,386.0,248.79789103690686,52.0,0.680140597539543,22,1,21,288.0,569,9.483333333333333,158.0,2.6333333333333333,neurofeedback,Subject_002,Session_001
126,1,RIGHT,True,False,hit,False,740.0,30.0,199.0,30.0,1.0,0,0,0,340.0,170,2.8333333333333335,0.0,0.0,neurofeedback,Subject_002,Session_001
127,0,LEFT,False,False,wrong_paddle,False,740.0,680.0,511.0,342.0,0.0,0,0,0,0.0,170,2.8333333333333335,,,neurofeedback,Subject_002,Session_001
128,1,RIGHT,True,False,hit,False,740.0,30.0,199.0,30.0,1.0,0,0,0,340.0,170,2.8333333333333335,0.0,0.0,neurofeedback,Subject_002,Session_001
129,1,RIGHT,True,False,hit,False,740.0,30.0,199.0,30.0,1.0,0,0,0,340.0,170,2.8333333333333335,0.0,0.0,neurofeedback,Subject_002,Session_001
130,0,LEFT,True,False,hit,False,60.0,0.0,234.504,0.0,0.68,7,7,0,340.0,250,4.166666666666667,80.0,1.3333333333333333,neurofeedback,Subject_002,Session_001
131,0,LEFT,True,False,hit,False,60.0,0.0,169.0,0.0,1.0,0,0,0,340.0,170,2.8333333333333335,0.0,0.0,neurofeedback,Subject_002,Session_001
132,0,LEFT,True,False,hit,False,60.0,0.0,253.6081081081081,0.0,0.6216216216216216,7,5,2,340.0,296,4.933333333333334,112.0,1.8666666666666667,neurofeedback,Subject_002,Session_001
133,1,RIGHT,True,False,hit,False,740.0,30.0,227.35643564356437,30.0,0.8762376237623762,2,1,1,340.0,202,3.3666666666666667,0.0,0.0,neurofeedback,Subject_002,Session_001
134,1,RIGHT,False,False,close_strong_early,False,736.0,34.0,174.78798586572438,32.0,1.0,22,0,22,338.0,566,9.433333333333334,0.0,0.0,neurofeedback,Subject_002,Session_001
135,1,RIGHT,False,False,wrong_paddle,True,204.0,566.0,455.48763250883394,308.0,0.13780918727915195,33,27,6,62.0,566,9.433333333333334,0.0,0.0,neurofeedback,Subject_002,Session_001
136,1,RIGHT,True,False,hit,False,740.0,30.0,225.86516853932585,30.0,1.0,18,0,18,340.0,356,5.933333333333334,0.0,0.0,neurofeedback,Subject_002,Session_001
137,0,LEFT,False,False,close_weak_early,False,350.0,290.0,316.60808435852374,94.0,0.5746924428822495,38,3,35,246.0,569,9.483333333333333,242.0,4.033333333333333,neurofeedback,Subject_002,Session_001
138,0,LEFT,False,False,close_strong_early,False,194.0,134.0,312.43432574430824,120.0,0.5026269702276708,33,27,6,220.0,571,9.516666666666667,284.0,4.733333333333333,neurofeedback,Subject_002,Session_001
139,0,LEFT,False,False,wrong_early,True,400.0,340.0,422.7224199288256,210.0,0.24377224199288255,25,20,5,130.0,562,9.366666666666667,94.0,1.5666666666666667,neurofeedback,Subject_002,Session_001
140,0,LEFT,True,False,hit,False,60.0,0.0,142.60344827586206,0.0,1.0,8,0,8,340.0,232,3.8666666666666667,0.0,0.0,neurofeedback,Subject_002,Session_001
141,1,RIGHT,True,False,hit,False,740.0,30.0,199.0,30.0,1.0,0,0,0,340.0,170,2.8333333333333335,0.0,0.0,neurofeedback,Subject_002,Session_001
142,1,RIGHT,False,False,close_weak_early,False,550.0,220.0,336.1172291296625,148.0,0.5932504440497336,35,7,28,222.0,563,9.383333333333333,0.0,0.0,neurofeedback,Subject_002,Session_001
143,1,RIGHT,True,False,hit,False,740.0,30.0,199.0,30.0,1.0,0,0,0,340.0,170,2.8333333333333335,0.0,0.0,neurofeedback,Subject_002,Session_001
144,0,LEFT,False,False,close_strong_early,False,112.0,52.0,176.72727272727272,6.0,1.0,21,0,21,334.0,572,9.533333333333333,0.0,0.0,neurofeedback,Subject_002,Session_001
145,0,LEFT,False,False,wrong_paddle,False,740.0,680.0,501.4888888888889,338.0,0.016666666666666666,4,2,2,2.0,180,3.0,0.0,0.0,neurofeedback,Subject_002,Session_001
146,0,LEFT,True,False,hit,False,60.0,0.0,211.0,0.0,0.7798165137614679,3,3,0,340.0,218,3.6333333333333333,48.0,0.8,neurofeedback,Subject_002,Session_001
147,1,RIGHT,True,False,hit,False,740.0,30.0,205.45652173913044,30.0,1.0,6,0,6,340.0,184,3.066666666666667,0.0,0.0,neurofeedback,Subject_002,Session_001
148,1,RIGHT,False,False,close_weak_early,False,532.0,238.0,189.0,52.0,0.8904593639575972,26,7,19,318.0,566,9.433333333333334,62.0,1.0333333333333334,neurofeedback,Subject_002,Session_001
149,0,LEFT,True,False,hit,False,60.0,0.0,174.41365461847388,0.0,0.8554216867469879,23,1,22,340.0,498,8.3,72.0,1.2,neurofeedback,Subject_002,Session_001
150,1,RIGHT,True,False,hit,False,740.0,30.0,204.1060606060606,30.0,0.9166666666666666,25,3,22,340.0,264,4.4,22.0,0.36666666666666664,neurofeedback,Subject_002,Session_001
151,1,RIGHT,True,False,hit,False,740.0,30.0,199.0,30.0,1.0,0,0,0,340.0,170,2.8333333333333335,0.0,0.0,neurofeedback,Subject_002,Session_001
152,1,RIGHT,True,False,hit,False,740.0,30.0,185.08510638297872,30.0,1.0,8,0,8,340.0,188,3.1333333333333333,0.0,0.0,neurofeedback,Subject_002,Session_001
153,1,RIGHT,False,False,close_strong_early,False,688.0,82.0,227.83333333333334,62.0,0.9982638888888888,22,1,21,308.0,576,9.6,0.0,0.0,neurofeedback,Subject_002,Session_001
154,0,LEFT,True,False,hit,False,60.0,0.0,174.6952380952381,0.0,1.0,16,0,16,340.0,210,3.5,0.0,0.0,neurofeedback,Subject_002,Session_001
155,0,LEFT,True,False,hit,False,60.0,0.0,151.796875,0.0,1.0,14,0,14,340.0,256,4.266666666666667,0.0,0.0,neurofeedback,Subject_002,Session_001
156,0,LEFT,True,False,hit,False,60.0,0.0,169.0,0.0,1.0,0,0,0,340.0,170,2.8333333333333335,0.0,0.0,neurofeedback,Subject_002,Session_001
157,0,LEFT,False,False,wrong_early,False,544.0,484.0,190.45070422535213,36.0,0.8397887323943662,30,1,29,304.0,568,9.466666666666667,18.0,0.3,neurofeedback,Subject_002,Session_001
158,0,LEFT,False,False,wrong_paddle,False,740.0,680.0,347.4453781512605,116.0,0.5714285714285714,22,12,10,224.0,476,7.933333333333334,8.0,0.13333333333333333,neurofeedback,Subject_002,Session_001
159,1,RIGHT,True,False,hit,False,740.0,30.0,199.0,30.0,1.0,0,0,0,340.0,170,2.8333333333333335,0.0,0.0,neurofeedback,Subject_002,Session_001
160,0,LEFT,True,False,hit,False,60.0,0.0,169.0,0.0,1.0,0,0,0,340.0,170,2.8333333333333335,0.0,0.0,neurofeedback,Subject_002,Session_001
161,1,RIGHT,False,False,wrong_early,False,392.0,378.0,369.2685512367491,108.0,0.46819787985865724,20,17,3,262.0,566,9.433333333333334,296.0,4.933333333333334,neurofeedback,Subject_002,Session_001
162,0,LEFT,True,False,hit,False,60.0,0.0,169.0,0.0,1.0,0,0,0,340.0,170,2.8333333333333335,0.0,0.0,neurofeedback,Subject_002,Session_001
163,0,LEFT,False,False,wrong_paddle,False,590.0,530.0,242.25749559082894,84.0,0.8306878306878307,9,0,9,256.0,567,9.45,0.0,0.0,neurofeedback,Subject_002,Session_001
164,1,RIGHT,True,False,hit,False,740.0,30.0,199.0,30.0,1.0,0,0,0,340.0,170,2.8333333333333335,0.0,0.0,neurofeedback,Subject_002,Session_001
165,1,RIGHT,True,False,hit,False,740.0,30.0,166.52095808383234,30.0,1.0,34,0,34,340.0,334,5.566666666666666,0.0,0.0,neurofeedback,Subject_002,Session_001
166,0,LEFT,True,False,hit,False,60.0,0.0,205.22018348623854,0.0,0.7981651376146789,5,3,2,340.0,218,3.6333333333333333,44.0,0.7333333333333333,neurofeedback,Subject_002,Session_001
167,1,RIGHT,False,False,close_weak_early,False,548.0,222.0,239.33684210526314,34.0,0.8578947368421053,15,3,12,336.0,570,9.5,0.0,0.0,neurofeedback,Subject_002,Session_001
168,1,RIGHT,True,False,hit,False,740.0,30.0,225.4,30.0,0.951063829787234,20,3,17,340.0,470,7.833333333333333,0.0,0.0,neurofeedback,Subject_002,Session_001
169,0,LEFT,True,False,hit,False,60.0,0.0,331.8309178743961,0.0,0.4106280193236715,7,7,0,340.0,414,6.9,244.0,4.066666666666666,neurofeedback,Subject_002,Session_001
170,1,RIGHT,True,False,hit,False,740.0,30.0,342.8952380952381,30.0,0.530952380952381,4,3,1,340.0,420,7.0,0.0,0.0,neurofeedback,Subject_002,Session_001
171,0,LEFT,True,False,hit,False,60.0,0.0,206.28301886792454,0.0,0.8018867924528302,5,5,0,340.0,212,3.533333333333333,42.0,0.7,neurofeedback,Subject_002,Session_001
172,0,LEFT,True,False,hit,False,60.0,0.0,176.26666666666668,0.0,1.0,4,0,4,340.0,180,3.0,0.0,0.0,neurofeedback,Subject_002,Session_001
173,0,LEFT,False,False,wrong_paddle,False,740.0,680.0,501.2,342.0,0.0,6,6,0,0.0,240,4.0,,,neurofeedback,Subject_002,Session_001
174,0,LEFT,True,False,hit,False,60.0,0.0,194.7171717171717,0.0,0.8585858585858586,5,5,0,340.0,198,3.3,28.0,0.4666666666666667,neurofeedback,Subject_002,Session_001
175,0,LEFT,True,False,hit,False,60.0,0.0,174.9318181818182,0.0,0.9659090909090909,1,1,0,340.0,176,2.933333333333333,6.0,0.1,neurofeedback,Subject_002,Session_001
176,1,RIGHT,True,False,hit,False,740.0,30.0,222.6231884057971,30.0,1.0,10,0,10,340.0,276,4.6,0.0,0.0,neurofeedback,Subject_002,Session_001
177,1,RIGHT,True,False,hit,False,740.0,30.0,199.0,30.0,1.0,0,0,0,340.0,170,2.8333333333333335,0.0,0.0,neurofeedback,Subject_002,Session_001
178,1,RIGHT,True,False,hit,False,740.0,30.0,199.0,30.0,1.0,0,0,0,340.0,170,2.8333333333333335,0.0,0.0,neurofeedback,Subject_002,Session_001
179,1,RIGHT,True,False,hit,False,740.0,30.0,220.36612021857923,30.0,1.0,6,0,6,340.0,366,6.1,0.0,0.0,neurofeedback,Subject_002,Session_001
180,1,RIGHT,False,False,wrong_paddle,False,166.0,604.0,380.010582010582,224.0,0.4620811287477954,43,15,28,146.0,567,9.45,0.0,0.0,neurofeedback,Subject_002,Session_001
181,0,LEFT,True,False,hit,False,60.0,0.0,169.0,0.0,1.0,0,0,0,340.0,170,2.8333333333333335,0.0,0.0,neurofeedback,Subject_002,Session_001
182,1,RIGHT,True,False,hit,False,740.0,30.0,199.0,30.0,1.0,0,0,0,340.0,170,2.8333333333333335,0.0,0.0,neurofeedback,Subject_002,Session_001
183,1,RIGHT,True,False,hit,False,740.0,30.0,199.0,30.0,1.0,0,0,0,340.0,170,2.8333333333333335,0.0,0.0,neurofeedback,Subject_002,Session_001
184,1,RIGHT,False,False,close_weak_early,False,528.0,242.0,364.4195804195804,242.0,0.5664335664335665,26,8,18,128.0,572,9.533333333333333,0.0,0.0,neurofeedback,Subject_002,Session_001
185,0,LEFT,True,False,hit,False,60.0,0.0,196.54,0.0,0.85,5,5,0,340.0,200,3.3333333333333335,30.0,0.5,neurofeedback,Subject_002,Session_001
186,0,LEFT,True,False,hit,False,60.0,0.0,306.87665198237886,0.0,0.5638766519823789,11,3,8,340.0,454,7.566666666666666,198.0,3.3,neurofeedback,Subject_002,Session_001
187,0,LEFT,True,False,hit,False,60.0,0.0,282.5813953488372,0.0,0.5790697674418605,13,4,9,340.0,430,7.166666666666667,148.0,2.466666666666667,neurofeedback,Subject_002,Session_001
188,0,LEFT,False,False,wrong_paddle,False,740.0,680.0,348.43703703703704,102.0,0.4722222222222222,10,1,9,238.0,540,9.0,114.0,1.9,neurofeedback,Subject_002,Session_001
189,1,RIGHT,True,False,hit,False,740.0,30.0,199.0,30.0,1.0,0,0,0,340.0,170,2.8333333333333335,0.0,0.0,neurofeedback,Subject_002,Session_001
190,1,RIGHT,True,False,hit,False,740.0,30.0,199.0,30.0,1.0,0,0,0,340.0,170,2.8333333333333335,0.0,0.0,neurofeedback,Subject_002,Session_001
191,0,LEFT,True,False,hit,False,60.0,0.0,239.44094488188978,0.0,0.6692913385826772,1,1,0,340.0,254,4.233333333333333,84.0,1.4,neurofeedback,Subject_002,Session_001
192,1,RIGHT,True,False,hit,False,740.0,30.0,199.0,30.0,1.0,0,0,0,340.0,170,2.8333333333333335,0.0,0.0,neurofeedback,Subject_002,Session_001
193,0,LEFT,True,False,hit,False,60.0,0.0,169.0,0.0,1.0,0,0,0,340.0,170,2.8333333333333335,0.0,0.0,neurofeedback,Subject_002,Session_001
194,1,RIGHT,True,False,hit,False,740.0,30.0,199.0,30.0,1.0,0,0,0,340.0,170,2.8333333333333335,0.0,0.0,neurofeedback,Subject_002,Session_001
195,1,RIGHT,True,False,hit,False,740.0,30.0,233.87441860465117,30.0,0.9441860465116279,5,3,2,340.0,430,7.166666666666667,24.0,0.4,neurofeedback,Subject_002,Session_001
196,1,RIGHT,True,False,hit,False,740.0,30.0,172.37272727272727,30.0,0.9590909090909091,25,1,24,340.0,440,7.333333333333333,18.0,0.3,neurofeedback,Subject_002,Session_001
197,0,LEFT,True,False,hit,False,60.0,0.0,251.83700440528634,0.0,0.7841409691629956,42,14,28,340.0,454,7.566666666666666,0.0,0.0,neurofeedback,Subject_002,Session_001
198,0,LEFT,True,False,hit,False,60.0,0.0,251.53424657534248,0.0,0.6164383561643836,5,1,4,340.0,292,4.866666666666666,112.0,1.8666666666666667,neurofeedback,Subject_002,Session_001
199,0,LEFT,False,False,wrong_paddle,True,740.0,680.0,457.14134275618375,272.0,0.11837455830388692,24,23,1,68.0,566,9.433333333333334,156.0,2.6,neurofeedback,Subject_002,Session_001
0,1,RIGHT,False,True,timeout_wrong,False,400.0,370.0,370.0,370.0,0.0,0,0,0,0.0,597,9.95,,,neurofeedback,Subject_002,Session_002
1,1,RIGHT,False,False,wrong_paddle,True,60.0,710.0,535.825806451613,370.0,0.0,24,24,0,0.0,310,5.166666666666667,,,neurofeedback,Subject_002,Session_002
2,0,LEFT,False,True,timeout_wrong,True,580.0,520.0,455.6241610738255,226.0,0.19630872483221476,20,17,3,114.0,596,9.933333333333334,0.0,0.0,neurofeedback,Subject_002,Session_002
3,0,LEFT,False,False,wrong_paddle,False,740.0,680.0,505.20454545454544,338.0,0.005681818181818182,2,1,1,2.0,176,2.933333333333333,4.0,0.06666666666666667,neurofeedback,Subject_002,Session_002
4,1,RIGHT,False,False,wrong_paddle,False,60.0,710.0,409.32835820895525,222.0,0.5199004975124378,25,8,17,148.0,402,6.7,0.0,0.0,neurofeedback,Subject_002,Session_002
5,0,LEFT,False,True,timeout_close_weak,True,300.0,240.0,476.4295302013423,240.0,0.08389261744966443,41,41,0,100.0,596,9.933333333333334,546.0,9.1,neurofeedback,Subject_002,Session_002
6,0,LEFT,False,False,wrong_early,False,400.0,340.0,275.2087542087542,94.0,0.6346801346801347,31,4,27,246.0,594,9.9,184.0,3.066666666666667,neurofeedback,Subject_002,Session_002
7,1,RIGHT,True,False,hit,False,740.0,30.0,199.0,30.0,1.0,0,0,0,340.0,170,2.8333333333333335,0.0,0.0,neurofeedback,Subject_002,Session_002
8,0,LEFT,False,False,wrong_early,True,442.0,382.0,415.26226734348563,290.0,0.14890016920473773,29,23,6,50.0,591,9.85,216.0,3.6,neurofeedback,Subject_002,Session_002
9,0,LEFT,True,False,hit,False,60.0,0.0,169.0,0.0,1.0,0,0,0,340.0,170,2.8333333333333335,0.0,0.0,neurofeedback,Subject_002,Session_002
10,0,LEFT,True,False,hit,False,60.0,0.0,167.93939393939394,0.0,0.9393939393939394,13,3,10,340.0,396,6.6,24.0,0.4,neurofeedback,Subject_002,Session_002
11,0,LEFT,False,True,timeout_close_strong,True,124.0,64.0,379.7315436241611,64.0,0.28187919463087246,33,23,10,276.0,596,9.933333333333334,428.0,7.133333333333334,neurofeedback,Subject_002,Session_002
12,1,RIGHT,True,False,hit,False,740.0,30.0,199.0,30.0,1.0,0,0,0,340.0,170,2.8333333333333335,0.0,0.0,neurofeedback,Subject_002,Session_002
13,0,LEFT,False,False,wrong_paddle,False,740.0,680.0,521.531914893617,342.0,0.0,2,2,0,0.0,188,3.1333333333333333,,,neurofeedback,Subject_002,Session_002
14,1,RIGHT,True,False,hit,False,740.0,30.0,199.0,30.0,1.0,0,0,0,340.0,170,2.8333333333333335,0.0,0.0,neurofeedback,Subject_002,Session_002
15,1,RIGHT,True,False,hit,False,740.0,30.0,199.0,30.0,1.0,0,0,0,340.0,170,2.8333333333333335,0.0,0.0,neurofeedback,Subject_002,Session_002
16,1,RIGHT,True,False,hit,False,740.0,30.0,205.65168539325842,30.0,1.0,4,0,4,340.0,178,2.966666666666667,0.0,0.0,neurofeedback,Subject_002,Session_002
17,1,RIGHT,False,False,wrong_paddle,False,60.0,710.0,504.37142857142857,372.0,0.0,6,6,0,0.0,280,4.666666666666667,,,neurofeedback,Subject_002,Session_002
18,1,RIGHT,False,False,wrong_paddle,False,60.0,710.0,585.978102189781,372.0,0.0,14,14,0,0.0,274,4.566666666666666,,,neurofeedback,Subject_002,Session_002
19,0,LEFT,True,False,hit,False,60.0,0.0,264.74834437086093,0.0,0.5629139072847682,7,7,0,340.0,302,5.033333333333333,132.0,2.2,neurofeedback,Subject_002,Session_002
20,0,LEFT,False,False,close_strong_early,False,196.0,136.0,322.17845117845116,94.0,0.5841750841750841,4,3,1,246.0,594,9.9,0.0,0.0,neurofeedback,Subject_002,Session_002
21,1,RIGHT,True,False,hit,False,740.0,30.0,234.82857142857142,30.0,0.8095238095238095,5,5,0,340.0,210,3.5,40.0,0.6666666666666666,neurofeedback,Subject_002,Session_002
22,1,RIGHT,True,False,hit,False,740.0,30.0,199.0,30.0,1.0,0,0,0,340.0,170,2.8333333333333335,0.0,0.0,neurofeedback,Subject_002,Session_002
23,0,LEFT,False,False,wrong_paddle,False,740.0,680.0,511.0,342.0,0.0,0,0,0,0.0,170,2.8333333333333335,,,neurofeedback,Subject_002,Session_002
24,0,LEFT,True,False,hit,False,60.0,0.0,370.1699604743083,0.0,0.4051383399209486,4,3,1,340.0,506,8.433333333333334,0.0,0.0,neurofeedback,Subject_002,Session_002
25,1,RIGHT,True,False,hit,False,740.0,30.0,199.0,30.0,1.0,0,0,0,340.0,170,2.8333333333333335,0.0,0.0,neurofeedback,Subject_002,Session_002
26,0,LEFT,False,False,wrong_paddle,False,740.0,680.0,523.94,342.0,0.0,6,6,0,0.0,200,3.3333333333333335,,,neurofeedback,Subject_002,Session_002
27,0,LEFT,False,False,wrong_paddle,False,740.0,680.0,337.1397379912664,94.0,0.5960698689956332,14,6,8,246.0,458,7.633333333333334,0.0,0.0,neurofeedback,Subject_002,Session_002
28,1,RIGHT,True,False,hit,False,740.0,30.0,199.0,30.0,1.0,0,0,0,340.0,170,2.8333333333333335,0.0,0.0,neurofeedback,Subject_002,Session_002
29,0,LEFT,True,False,hit,False,60.0,0.0,227.91666666666666,0.0,0.7083333333333334,9,9,0,340.0,240,4.0,70.0,1.1666666666666667,neurofeedback,Subject_002,Session_002
30,1,RIGHT,False,False,wrong_paddle,True,130.0,640.0,442.27993254637437,174.0,0.3490725126475548,31,26,5,196.0,593,9.883333333333333,0.0,0.0,neurofeedback,Subject_002,Session_002
31,0,LEFT,True,False,hit,False,60.0,0.0,186.375,0.0,1.0,8,0,8,340.0,192,3.2,0.0,0.0,neurofeedback,Subject_002,Session_002
32,0,LEFT,True,False,hit,False,60.0,0.0,180.80645161290323,0.0,1.0,14,0,14,340.0,248,4.133333333333334,0.0,0.0,neurofeedback,Subject_002,Session_002
33,1,RIGHT,False,False,wrong_paddle,False,82.0,688.0,296.99156829679595,50.0,0.730185497470489,9,0,9,320.0,593,9.883333333333333,0.0,0.0,neurofeedback,Subject_002,Session_002
34,1,RIGHT,True,False,hit,False,740.0,30.0,199.0,30.0,1.0,0,0,0,340.0,170,2.8333333333333335,0.0,0.0,neurofeedback,Subject_002,Session_002
35,0,LEFT,False,False,wrong_paddle,False,740.0,680.0,504.5730337078652,342.0,0.0,2,2,0,0.0,178,2.966666666666667,,,neurofeedback,Subject_002,Session_002
36,1,RIGHT,True,False,hit,False,740.0,30.0,295.5130434782609,30.0,0.7282608695652174,10,1,9,340.0,460,7.666666666666667,0.0,0.0,neurofeedback,Subject_002,Session_002
37,1,RIGHT,False,False,wrong_early,False,384.0,386.0,277.39864864864865,114.0,0.831081081081081,66,18,48,256.0,592,9.866666666666667,16.0,0.26666666666666666,neurofeedback,Subject_002,Session_002
38,1,RIGHT,True,False,hit,False,740.0,30.0,270.70676691729324,30.0,0.7744360902255639,8,6,2,340.0,532,8.866666666666667,0.0,0.0,neurofeedback,Subject_002,Session_002
39,0,LEFT,True,False,hit,False,60.0,0.0,216.39877300613497,0.0,0.7914110429447853,20,6,14,340.0,326,5.433333333333334,0.0,0.0,neurofeedback,Subject_002,Session_002
40,0,LEFT,True,False,hit,False,60.0,0.0,169.0,0.0,1.0,0,0,0,340.0,170,2.8333333333333335,0.0,0.0,neurofeedback,Subject_002,Session_002
41,1,RIGHT,False,False,wrong_early,False,320.0,450.0,382.5743243243243,234.0,0.4358108108108108,18,14,4,136.0,592,9.866666666666667,192.0,3.2,neurofeedback,Subject_002,Session_002
42,1,RIGHT,True,False,hit,False,740.0,30.0,214.09677419354838,30.0,0.9193548387096774,2,1,1,340.0,186,3.1,2.0,0.03333333333333333,neurofeedback,Subject_002,Session_002
43,0,LEFT,False,False,close_strong_early,False,140.0,80.0,233.76094276094275,48.0,0.7794612794612794,15,4,11,292.0,594,9.9,66.0,1.1,neurofeedback,Subject_002,Session_002
44,1,RIGHT,True,False,hit,False,740.0,30.0,212.10967741935485,30.0,1.0,34,0,34,340.0,310,5.166666666666667,0.0,0.0,neurofeedback,Subject_002,Session_002
45,0,LEFT,True,False,hit,False,60.0,0.0,180.27659574468086,0.0,1.0,20,0,20,340.0,470,7.833333333333333,0.0,0.0,neurofeedback,Subject_002,Session_002
46,1,RIGHT,True,False,hit,False,740.0,30.0,199.0,30.0,1.0,0,0,0,340.0,170,2.8333333333333335,0.0,0.0,neurofeedback,Subject_002,Session_002
47,0,LEFT,True,False,hit,False,60.0,0.0,169.0,0.0,1.0,0,0,0,340.0,170,2.8333333333333335,0.0,0.0,neurofeedback,Subject_002,Session_002
48,0,LEFT,False,False,wrong_paddle,False,740.0,680.0,511.0,342.0,0.0,0,0,0,0.0,170,2.8333333333333335,,,neurofeedback,Subject_002,Session_002
49,1,RIGHT,True,False,hit,False,740.0,30.0,209.91836734693877,30.0,1.0,6,0,6,340.0,196,3.2666666666666666,0.0,0.0,neurofeedback,Subject_002,Session_002
50,0,LEFT,True,False,hit,False,60.0,0.0,233.37179487179486,0.0,0.6923076923076923,7,3,4,340.0,312,5.2,96.0,1.6,neurofeedback,Subject_002,Session_002
51,0,LEFT,True,False,hit,False,60.0,0.0,169.0,0.0,1.0,0,0,0,340.0,170,2.8333333333333335,0.0,0.0,neurofeedback,Subject_002,Session_002
52,0,LEFT,False,False,wrong_paddle,False,740.0,680.0,451.06451612903226,288.0,0.2540322580645161,7,2,5,52.0,248,4.133333333333334,0.0,0.0,neurofeedback,Subject_002,Session_002
53,1,RIGHT,True,False,hit,False,740.0,30.0,207.35555555555555,30.0,0.9833333333333333,4,1,3,340.0,180,3.0,0.0,0.0,neurofeedback,Subject_002,Session_002
54,1,RIGHT,True,False,hit,False,740.0,30.0,199.0,30.0,1.0,0,0,0,340.0,170,2.8333333333333335,0.0,0.0,neurofeedback,Subject_002,Session_002
55,0,LEFT,False,True,timeout_close_weak,False,262.0,202.0,418.107202680067,202.0,0.3969849246231156,33,9,24,138.0,597,9.95,360.0,6.0,neurofeedback,Subject_002,Session_002
56,1,RIGHT,True,False,hit,False,740.0,30.0,167.71604938271605,30.0,1.0,20,0,20,340.0,324,5.4,0.0,0.0,neurofeedback,Subject_002,Session_002
57,1,RIGHT,False,False,wrong_paddle,True,114.0,656.0,519.0492359932089,270.0,0.18845500848896435,22,17,5,100.0,589,9.816666666666666,0.0,0.0,neurofeedback,Subject_002,Session_002
58,0,LEFT,True,False,hit,False,60.0,0.0,154.06382978723406,0.0,1.0,6,0,6,340.0,188,3.1333333333333333,0.0,0.0,neurofeedback,Subject_002,Session_002
59,1,RIGHT,True,False,hit,False,740.0,30.0,210.67032967032966,30.0,0.9340659340659341,1,1,0,340.0,182,3.033333333333333,12.0,0.2,neurofeedback,Subject_002,Session_002
60,0,LEFT,True,False,hit,False,60.0,0.0,171.50574712643677,0.0,1.0,2,0,2,340.0,174,2.9,0.0,0.0,neurofeedback,Subject_002,Session_002
61,0,LEFT,True,False,hit,False,60.0,0.0,175.96629213483146,0.0,1.0,4,0,4,340.0,178,2.966666666666667,0.0,0.0,neurofeedback,Subject_002,Session_002
62,1,RIGHT,True,False,hit,False,740.0,30.0,204.69333333333333,30.0,1.0,8,0,8,340.0,300,5.0,0.0,0.0,neurofeedback,Subject_002,Session_002
63,0,LEFT,False,False,wrong_paddle,False,740.0,680.0,481.8712871287129,318.0,0.15346534653465346,3,0,3,22.0,202,3.3666666666666667,0.0,0.0,neurofeedback,Subject_002,Session_002
64,0,LEFT,False,False,wrong_paddle,True,740.0,680.0,389.87719298245617,148.0,0.3350877192982456,22,21,1,192.0,570,9.5,140.0,2.3333333333333335,neurofeedback,Subject_002,Session_002
65,1,RIGHT,True,False,hit,False,740.0,30.0,199.0,30.0,1.0,0,0,0,340.0,170,2.8333333333333335,0.0,0.0,neurofeedback,Subject_002,Session_002
66,0,LEFT,True,False,hit,False,60.0,0.0,273.8888888888889,0.0,0.5555555555555556,7,7,0,340.0,306,5.1,136.0,2.2666666666666666,neurofeedback,Subject_002,Session_002
67,1,RIGHT,True,False,hit,False,740.0,30.0,210.41721854304635,30.0,0.9602649006622517,29,1,28,340.0,302,5.033333333333333,12.0,0.2,neurofeedback,Subject_002,Session_002
68,1,RIGHT,False,False,wrong_paddle,False,60.0,710.0,558.469387755102,372.0,0.0,10,10,0,0.0,196,3.2666666666666666,,,neurofeedback,Subject_002,Session_002
69,1,RIGHT,False,False,wrong_paddle,False,60.0,710.0,541.0,372.0,0.0,0,0,0,0.0,170,2.8333333333333335,,,neurofeedback,Subject_002,Session_002
70,1,RIGHT,False,False,close_strong_early,False,692.0,78.0,349.63513513513516,78.0,0.5405405405405406,26,16,10,292.0,592,9.866666666666667,0.0,0.0,neurofeedback,Subject_002,Session_002
71,1,RIGHT,True,False,hit,False,740.0,30.0,203.97727272727272,30.0,1.0,2,0,2,340.0,176,2.933333333333333,0.0,0.0,neurofeedback,Subject_002,Session_002
72,1,RIGHT,True,False,hit,False,740.0,30.0,334.1020408163265,30.0,0.49183673469387756,15,14,1,340.0,490,8.166666666666666,128.0,2.1333333333333333,neurofeedback,Subject_002,Session_002
73,1,RIGHT,False,False,wrong_paddle,True,60.0,710.0,507.2648401826484,372.0,0.0,22,22,0,0.0,438,7.3,,,neurofeedback,Subject_002,Session_002
74,0,LEFT,True,False,hit,False,60.0,0.0,169.0,0.0,1.0,0,0,0,340.0,170,2.8333333333333335,0.0,0.0,neurofeedback,Subject_002,Session_002
75,0,LEFT,True,False,hit,False,60.0,0.0,172.3793103448276,0.0,1.0,2,0,2,340.0,174,2.9,0.0,0.0,neurofeedback,Subject_002,Session_002
76,0,LEFT,True,False,hit,False,60.0,0.0,174.79545454545453,0.0,0.9829545454545454,2,1,1,340.0,176,2.933333333333333,2.0,0.03333333333333333,neurofeedback,Subject_002,Session_002
77,0,LEFT,False,False,wrong_paddle,False,740.0,680.0,476.5230769230769,342.0,0.0,8,8,0,0.0,260,4.333333333333333,,,neurofeedback,Subject_002,Session_002
78,0,LEFT,False,False,wrong_paddle,False,740.0,680.0,508.9718309859155,342.0,0.0,8,8,0,0.0,284,4.733333333333333,,,neurofeedback,Subject_002,Session_002
79,1,RIGHT,True,False,hit,False,740.0,30.0,199.0,30.0,1.0,0,0,0,340.0,170,2.8333333333333335,0.0,0.0,neurofeedback,Subject_002,Session_002
80,0,LEFT,False,False,wrong_paddle,False,740.0,680.0,511.0,342.0,0.0,0,0,0,0.0,170,2.8333333333333335,,,neurofeedback,Subject_002,Session_002
81,0,LEFT,False,False,wrong_paddle,False,740.0,680.0,464.85585585585585,288.0,0.22972972972972974,1,0,1,52.0,222,3.7,0.0,0.0,neurofeedback,Subject_002,Session_002
82,0,LEFT,True,False,hit,False,60.0,0.0,300.59090909090907,0.0,0.4943181818181818,11,9,2,340.0,352,5.866666666666666,178.0,2.966666666666667,neurofeedback,Subject_002,Session_002
83,1,RIGHT,True,False,hit,False,740.0,30.0,287.31205673758865,30.0,0.6028368794326241,5,5,0,340.0,282,4.7,112.0,1.8666666666666667,neurofeedback,Subject_002,Session_002
84,1,RIGHT,False,False,wrong_early,True,388.0,382.0,424.3378378378378,240.0,0.3530405405405405,32,15,17,130.0,592,9.866666666666667,0.0,0.0,neurofeedback,Subject_002,Session_002
85,1,RIGHT,True,False,hit,False,740.0,30.0,218.64356435643563,30.0,1.0,4,0,4,340.0,202,3.3666666666666667,0.0,0.0,neurofeedback,Subject_002,Session_002
86,1,RIGHT,False,False,close_weak_early,False,500.0,270.0,274.2323232323232,108.0,0.8333333333333334,52,3,49,262.0,594,9.9,0.0,0.0,neurofeedback,Subject_002,Session_002
87,0,LEFT,True,False,hit,False,60.0,0.0,139.21518987341773,0.0,1.0,14,0,14,340.0,316,5.266666666666667,0.0,0.0,neurofeedback,Subject_002,Session_002
88,0,LEFT,True,False,hit,False,60.0,0.0,172.7471264367816,0.0,1.0,2,0,2,340.0,174,2.9,0.0,0.0,neurofeedback,Subject_002,Session_002
89,0,LEFT,True,False,hit,False,60.0,0.0,193.36363636363637,0.0,0.9090909090909091,7,3,4,340.0,198,3.3,18.0,0.3,neurofeedback,Subject_002,Session_002
90,1,RIGHT,False,False,close_weak_early,False,476.0,294.0,318.5472972972973,160.0,0.6317567567567568,43,40,3,210.0,592,9.866666666666667,0.0,0.0,neurofeedback,Subject_002,Session_002
91,0,LEFT,True,False,hit,False,60.0,0.0,193.05825242718447,0.0,1.0,6,0,6,340.0,206,3.433333333333333,0.0,0.0,neurofeedback,Subject_002,Session_002
92,1,RIGHT,False,False,wrong_early,False,374.0,396.0,253.95615514333895,116.0,0.9139966273187183,28,4,24,254.0,593,9.883333333333333,28.0,0.4666666666666667,neurofeedback,Subject_002,Session_002
93,0,LEFT,True,False,hit,False,60.0,0.0,218.84873949579833,0.0,0.7394957983193278,11,9,2,340.0,238,3.966666666666667,62.0,1.0333333333333334,neurofeedback,Subject_002,Session_002
94,0,LEFT,True,False,hit,False,60.0,0.0,175.20224719101122,0.0,1.0,4,0,4,340.0,178,2.966666666666667,0.0,0.0,neurofeedback,Subject_002,Session_002
95,1,RIGHT,True,False,hit,False,740.0,30.0,187.1304347826087,30.0,1.0,2,0,2,340.0,184,3.066666666666667,0.0,0.0,neurofeedback,Subject_002,Session_002
96,1,RIGHT,True,False,hit,False,740.0,30.0,199.0,30.0,1.0,0,0,0,340.0,170,2.8333333333333335,0.0,0.0,neurofeedback,Subject_002,Session_002
97,0,LEFT,False,False,wrong_paddle,False,740.0,680.0,511.0,342.0,0.0,0,0,0,0.0,170,2.8333333333333335,,,neurofeedback,Subject_002,Session_002
98,1,RIGHT,True,False,hit,False,740.0,30.0,191.0597014925373,30.0,1.0,14,0,14,340.0,268,4.466666666666667,0.0,0.0,neurofeedback,Subject_002,Session_002
99,1,RIGHT,True,False,hit,False,740.0,30.0,199.0,30.0,1.0,0,0,0,340.0,170,2.8333333333333335,0.0,0.0,neurofeedback,Subject_002,Session_002
0,1,RIGHT,False,False,wrong_early,False,400.0,370.0,370.0,370.0,0.0,0,0,0,0.0,593,9.883333333333333,,,neurofeedback,Subject_003,ME
1,0,LEFT,True,False,hit,False,60.0,0.0,197.23762376237624,0.0,0.8613861386138614,3,1,2,340.0,202,3.3666666666666667,28.0,0.4666666666666667,neurofeedback,Subject_003,ME
2,0,LEFT,False,False,wrong_paddle,False,740.0,680.0,327.273127753304,90.0,0.6233480176211453,9,0,9,250.0,454,7.566666666666666,0.0,0.0,neurofeedback,Subject_003,ME
3,1,RIGHT,True,False,hit,False,740.0,30.0,193.42696629213484,30.0,1.0,4,0,4,340.0,178,2.966666666666667,0.0,0.0,neurofeedback,Subject_003,ME
4,0,LEFT,False,False,wrong_paddle,False,740.0,680.0,469.1219512195122,342.0,0.0,12,12,0,0.0,328,5.466666666666667,,,neurofeedback,Subject_003,ME
5,1,RIGHT,False,False,wrong_paddle,False,60.0,710.0,415.51190476190476,204.0,0.49107142857142855,1,0,1,166.0,336,5.6,0.0,0.0,neurofeedback,Subject_003,ME
6,1,RIGHT,False,False,wrong_paddle,False,60.0,710.0,541.0,372.0,0.0,0,0,0,0.0,170,2.8333333333333335,,,neurofeedback,Subject_003,ME
7,0,LEFT,True,False,hit,False,60.0,0.0,169.0,0.0,1.0,0,0,0,340.0,170,2.8333333333333335,0.0,0.0,neurofeedback,Subject_003,ME
8,1,RIGHT,False,False,wrong_paddle,False,60.0,710.0,541.0,372.0,0.0,0,0,0,0.0,170,2.8333333333333335,,,neurofeedback,Subject_003,ME
9,1,RIGHT,False,False,wrong_paddle,False,60.0,710.0,541.0,372.0,0.0,0,0,0,0.0,170,2.8333333333333335,,,neurofeedback,Subject_003,ME
10,0,LEFT,True,False,hit,False,60.0,0.0,169.0,0.0,1.0,0,0,0,340.0,170,2.8333333333333335,0.0,0.0,neurofeedback,Subject_003,ME
11,0,LEFT,True,False,hit,False,60.0,0.0,169.0,0.0,1.0,0,0,0,340.0,170,2.8333333333333335,0.0,0.0,neurofeedback,Subject_003,ME
12,0,LEFT,True,False,hit,False,60.0,0.0,169.0,0.0,1.0,0,0,0,340.0,170,2.8333333333333335,0.0,0.0,neurofeedback,Subject_003,ME
13,0,LEFT,True,False,hit,False,60.0,0.0,169.0,0.0,1.0,0,0,0,340.0,170,2.8333333333333335,0.0,0.0,neurofeedback,Subject_003,ME
14,1,RIGHT,False,False,wrong_paddle,False,60.0,710.0,541.0,372.0,0.0,0,0,0,0.0,170,2.8333333333333335,,,neurofeedback,Subject_003,ME
15,0,LEFT,True,False,hit,False,60.0,0.0,169.0,0.0,1.0,0,0,0,340.0,170,2.8333333333333335,0.0,0.0,neurofeedback,Subject_003,ME
16,0,LEFT,True,False,hit,False,60.0,0.0,169.0,0.0,1.0,0,0,0,340.0,170,2.8333333333333335,0.0,0.0,neurofeedback,Subject_003,ME
17,1,RIGHT,True,False,hit,False,740.0,30.0,311.73417721518985,30.0,0.5379746835443038,1,1,0,340.0,316,5.266666666666667,146.0,2.433333333333333,neurofeedback,Subject_003,ME
18,1,RIGHT,True,False,hit,False,740.0,30.0,160.49019607843138,30.0,1.0,4,0,4,340.0,306,5.1,0.0,0.0,neurofeedback,Subject_003,ME
19,1,RIGHT,False,False,wrong_paddle,False,60.0,710.0,444.2450980392157,262.0,0.2769607843137255,6,3,3,108.0,408,6.8,124.0,2.066666666666667,neurofeedback,Subject_003,ME
20,1,RIGHT,False,False,wrong_paddle,False,60.0,710.0,541.0,372.0,0.0,0,0,0,0.0,170,2.8333333333333335,,,neurofeedback,Subject_003,ME
21,0,LEFT,True,False,hit,False,60.0,0.0,169.0,0.0,1.0,0,0,0,340.0,170,2.8333333333333335,0.0,0.0,neurofeedback,Subject_003,ME
22,0,LEFT,True,False,hit,False,60.0,0.0,169.0,0.0,1.0,0,0,0,340.0,170,2.8333333333333335,0.0,0.0,neurofeedback,Subject_003,ME
23,0,LEFT,True,False,hit,False,60.0,0.0,169.0,0.0,1.0,0,0,0,340.0,170,2.8333333333333335,0.0,0.0,neurofeedback,Subject_003,ME
24,0,LEFT,False,True,timeout_close_strong,False,172.0,112.0,286.93959731543623,112.0,0.7130872483221476,20,9,11,228.0,596,9.933333333333334,0.0,0.0,neurofeedback,Subject_003,ME
25,0,LEFT,True,False,hit,False,60.0,0.0,237.79365079365078,0.0,0.6746031746031746,3,3,0,340.0,252,4.2,82.0,1.3666666666666667,neurofeedback,Subject_003,ME
26,1,RIGHT,False,False,wrong_paddle,False,60.0,710.0,455.19718309859155,270.0,0.38380281690140844,7,2,5,100.0,284,4.733333333333333,0.0,0.0,neurofeedback,Subject_003,ME
27,0,LEFT,False,False,wrong_paddle,False,740.0,680.0,511.0,342.0,0.0,0,0,0,0.0,170,2.8333333333333335,,,neurofeedback,Subject_003,ME
28,0,LEFT,False,False,wrong_paddle,False,740.0,680.0,511.0,342.0,0.0,0,0,0,0.0,170,2.8333333333333335,,,neurofeedback,Subject_003,ME
29,1,RIGHT,True,False,hit,False,740.0,30.0,199.0,30.0,1.0,0,0,0,340.0,170,2.8333333333333335,0.0,0.0,neurofeedback,Subject_003,ME
30,1,RIGHT,True,False,hit,False,740.0,30.0,199.0,30.0,1.0,0,0,0,340.0,170,2.8333333333333335,0.0,0.0,neurofeedback,Subject_003,ME
31,0,LEFT,False,False,wrong_paddle,False,698.0,638.0,469.5566835871404,244.0,0.16074450084602368,8,7,1,96.0,591,9.85,328.0,5.466666666666667,neurofeedback,Subject_003,ME
32,1,RIGHT,True,False,hit,False,740.0,30.0,199.0,30.0,1.0,0,0,0,340.0,170,2.8333333333333335,0.0,0.0,neurofeedback,Subject_003,ME
33,0,LEFT,False,False,wrong_paddle,False,740.0,680.0,511.0,342.0,0.0,0,0,0,0.0,170,2.8333333333333335,,,neurofeedback,Subject_003,ME
34,1,RIGHT,True,False,hit,False,740.0,30.0,199.0,30.0,1.0,0,0,0,340.0,170,2.8333333333333335,0.0,0.0,neurofeedback,Subject_003,ME
35,0,LEFT,True,False,hit,False,60.0,0.0,263.5103448275862,0.0,0.5862068965517241,5,5,0,340.0,290,4.833333333333333,120.0,2.0,neurofeedback,Subject_003,ME
36,1,RIGHT,True,False,hit,False,740.0,30.0,199.0,30.0,1.0,0,0,0,340.0,170,2.8333333333333335,0.0,0.0,neurofeedback,Subject_003,ME
37,1,RIGHT,True,False,hit,False,740.0,30.0,199.0,30.0,1.0,0,0,0,340.0,170,2.8333333333333335,0.0,0.0,neurofeedback,Subject_003,ME
38,1,RIGHT,True,False,hit,False,740.0,30.0,199.0,30.0,1.0,0,0,0,340.0,170,2.8333333333333335,0.0,0.0,neurofeedback,Subject_003,ME
39,1,RIGHT,True,False,hit,False,740.0,30.0,199.0,30.0,1.0,0,0,0,340.0,170,2.8333333333333335,0.0,0.0,neurofeedback,Subject_003,ME
40,1,RIGHT,True,False,hit,False,740.0,30.0,199.0,30.0,1.0,0,0,0,340.0,170,2.8333333333333335,0.0,0.0,neurofeedback,Subject_003,ME
41,1,RIGHT,True,False,hit,False,740.0,30.0,243.54545454545453,30.0,0.7727272727272727,1,1,0,340.0,220,3.6666666666666665,50.0,0.8333333333333334,neurofeedback,Subject_003,ME
42,0,LEFT,True,False,hit,False,60.0,0.0,169.0,0.0,1.0,0,0,0,340.0,170,2.8333333333333335,0.0,0.0,neurofeedback,Subject_003,ME
43,1,RIGHT,True,False,hit,False,740.0,30.0,277.56281407035175,30.0,0.6381909547738693,5,3,2,340.0,398,6.633333333333334,144.0,2.4,neurofeedback,Subject_003,ME
44,0,LEFT,True,False,hit,False,60.0,0.0,169.0,0.0,1.0,0,0,0,340.0,170,2.8333333333333335,0.0,0.0,neurofeedback,Subject_003,ME
45,0,LEFT,True,False,hit,False,60.0,0.0,169.0,0.0,1.0,0,0,0,340.0,170,2.8333333333333335,0.0,0.0,neurofeedback,Subject_003,ME
46,0,LEFT,True,False,hit,False,60.0,0.0,169.0,0.0,1.0,0,0,0,340.0,170,2.8333333333333335,0.0,0.0,neurofeedback,Subject_003,ME
47,1,RIGHT,True,False,hit,False,740.0,30.0,306.53246753246754,30.0,0.551948051948052,1,1,0,340.0,308,5.133333333333334,138.0,2.3,neurofeedback,Subject_003,ME
48,1,RIGHT,True,False,hit,False,740.0,30.0,221.28947368421052,30.0,0.8157894736842105,3,1,2,340.0,304,5.066666666666666,56.0,0.9333333333333333,neurofeedback,Subject_003,ME
49,1,RIGHT,True,False,hit,False,740.0,30.0,373.3642857142857,30.0,0.4446428571428571,9,2,7,340.0,560,9.333333333333334,254.0,4.233333333333333,neurofeedback,Subject_003,ME
50,0,LEFT,True,False,hit,False,60.0,0.0,169.0,0.0,1.0,0,0,0,340.0,170,2.8333333333333335,0.0,0.0,neurofeedback,Subject_003,ME
51,0,LEFT,True,False,hit,False,60.0,0.0,169.0,0.0,1.0,0,0,0,340.0,170,2.8333333333333335,0.0,0.0,neurofeedback,Subject_003,ME
52,0,LEFT,True,False,hit,False,60.0,0.0,169.0,0.0,1.0,0,0,0,340.0,170,2.8333333333333335,0.0,0.0,neurofeedback,Subject_003,ME
53,1,RIGHT,False,True,timeout_close_weak,False,474.0,296.0,436.107202680067,208.0,0.30318257956448913,15,11,4,162.0,597,9.95,416.0,6.933333333333334,neurofeedback,Subject_003,ME
54,0,LEFT,True,False,hit,False,60.0,0.0,331.2426778242678,0.0,0.4790794979079498,7,2,5,340.0,478,7.966666666666667,18.0,0.3,neurofeedback,Subject_003,ME
55,1,RIGHT,False,False,wrong_paddle,False,60.0,710.0,541.0,372.0,0.0,0,0,0,0.0,170,2.8333333333333335,,,neurofeedback,Subject_003,ME
56,0,LEFT,True,False,hit,False,60.0,0.0,169.0,0.0,1.0,0,0,0,340.0,170,2.8333333333333335,0.0,0.0,neurofeedback,Subject_003,ME
57,0,LEFT,True,False,hit,False,60.0,0.0,169.0,0.0,1.0,0,0,0,340.0,170,2.8333333333333335,0.0,0.0,neurofeedback,Subject_003,ME
58,1,RIGHT,True,False,hit,False,740.0,30.0,397.82213438735175,30.0,0.41106719367588934,3,1,2,340.0,506,8.433333333333334,298.0,4.966666666666667,neurofeedback,Subject_003,ME
59,1,RIGHT,False,False,wrong_paddle,False,60.0,710.0,541.0,372.0,0.0,0,0,0,0.0,170,2.8333333333333335,,,neurofeedback,Subject_003,ME
60,0,LEFT,True,False,hit,False,60.0,0.0,169.0,0.0,1.0,0,0,0,340.0,170,2.8333333333333335,0.0,0.0,neurofeedback,Subject_003,ME
61,0,LEFT,True,False,hit,False,60.0,0.0,169.0,0.0,1.0,0,0,0,340.0,170,2.8333333333333335,0.0,0.0,neurofeedback,Subject_003,ME
62,1,RIGHT,False,False,close_strong_early,False,678.0,92.0,341.5851602023609,92.0,0.6087689713322091,9,5,4,278.0,593,9.883333333333333,232.0,3.8666666666666667,neurofeedback,Subject_003,ME
63,0,LEFT,True,False,hit,False,60.0,0.0,169.0,0.0,1.0,0,0,0,340.0,170,2.8333333333333335,0.0,0.0,neurofeedback,Subject_003,ME
64,1,RIGHT,True,False,hit,False,740.0,30.0,310.43949044585986,30.0,0.5414012738853503,1,1,0,340.0,314,5.233333333333333,144.0,2.4,neurofeedback,Subject_003,ME
65,1,RIGHT,False,False,close_weak_early,False,422.0,348.0,509.5736040609137,348.0,0.02030456852791878,5,4,1,22.0,591,9.85,302.0,5.033333333333333,neurofeedback,Subject_003,ME
66,0,LEFT,True,False,hit,False,60.0,0.0,169.0,0.0,1.0,0,0,0,340.0,170,2.8333333333333335,0.0,0.0,neurofeedback,Subject_003,ME
67,0,LEFT,True,False,hit,False,60.0,0.0,169.0,0.0,1.0,0,0,0,340.0,170,2.8333333333333335,0.0,0.0,neurofeedback,Subject_003,ME
68,1,RIGHT,True,False,hit,False,740.0,30.0,282.5739644970414,30.0,0.6627218934911243,13,7,6,340.0,338,5.633333333333334,114.0,1.9,neurofeedback,Subject_003,ME
69,1,RIGHT,True,False,hit,False,740.0,30.0,346.19028340080973,30.0,0.548582995951417,12,9,3,340.0,494,8.233333333333333,0.0,0.0,neurofeedback,Subject_003,ME
70,1,RIGHT,True,False,hit,False,740.0,30.0,277.7261146496815,30.0,0.6178343949044586,3,1,2,340.0,314,5.233333333333333,120.0,2.0,neurofeedback,Subject_003,ME
71,0,LEFT,True,False,hit,False,60.0,0.0,267.81904761904764,0.0,0.7071428571428572,5,4,1,340.0,420,7.0,4.0,0.06666666666666667,neurofeedback,Subject_003,ME
72,0,LEFT,True,False,hit,False,60.0,0.0,169.0,0.0,1.0,0,0,0,340.0,170,2.8333333333333335,0.0,0.0,neurofeedback,Subject_003,ME
73,0,LEFT,True,False,hit,False,60.0,0.0,169.0,0.0,1.0,0,0,0,340.0,170,2.8333333333333335,0.0,0.0,neurofeedback,Subject_003,ME
74,1,RIGHT,True,False,hit,False,740.0,30.0,342.2291666666667,30.0,0.4895833333333333,5,1,4,340.0,384,6.4,196.0,3.2666666666666666,neurofeedback,Subject_003,ME
75,0,LEFT,True,False,hit,False,60.0,0.0,169.0,0.0,1.0,0,0,0,340.0,170,2.8333333333333335,0.0,0.0,neurofeedback,Subject_003,ME
76,1,RIGHT,True,False,hit,False,740.0,30.0,276.6212121212121,30.0,0.6439393939393939,1,1,0,340.0,264,4.4,94.0,1.5666666666666667,neurofeedback,Subject_003,ME
77,0,LEFT,True,False,hit,False,60.0,0.0,172.97701149425288,0.0,0.9770114942528736,1,1,0,340.0,174,2.9,4.0,0.06666666666666667,neurofeedback,Subject_003,ME
78,1,RIGHT,True,False,hit,False,740.0,30.0,286.85714285714283,30.0,0.6071428571428571,5,5,0,340.0,280,4.666666666666667,110.0,1.8333333333333333,neurofeedback,Subject_003,ME
79,1,RIGHT,True,False,hit,False,740.0,30.0,325.5019607843137,30.0,0.5862745098039216,19,8,11,340.0,510,8.5,158.0,2.6333333333333333,neurofeedback,Subject_003,ME
80,0,LEFT,True,False,hit,False,60.0,0.0,169.0,0.0,1.0,0,0,0,340.0,170,2.8333333333333335,0.0,0.0,neurofeedback,Subject_003,ME
81,0,LEFT,True,False,hit,False,60.0,0.0,169.0,0.0,1.0,0,0,0,340.0,170,2.8333333333333335,0.0,0.0,neurofeedback,Subject_003,ME
82,0,LEFT,True,False,hit,False,60.0,0.0,169.0,0.0,1.0,0,0,0,340.0,170,2.8333333333333335,0.0,0.0,neurofeedback,Subject_003,ME
83,0,LEFT,True,False,hit,False,60.0,0.0,169.0,0.0,1.0,0,0,0,340.0,170,2.8333333333333335,0.0,0.0,neurofeedback,Subject_003,ME
84,1,RIGHT,True,False,hit,False,740.0,30.0,249.1184210526316,30.0,0.743421052631579,5,1,4,340.0,304,5.066666666666666,78.0,1.3,neurofeedback,Subject_003,ME
85,1,RIGHT,True,False,hit,False,740.0,30.0,262.08196721311475,30.0,0.6967213114754098,1,1,0,340.0,244,4.066666666666666,74.0,1.2333333333333334,neurofeedback,Subject_003,ME
86,0,LEFT,True,False,hit,False,60.0,0.0,182.54347826086956,0.0,0.9239130434782609,1,1,0,340.0,184,3.066666666666667,14.0,0.23333333333333334,neurofeedback,Subject_003,ME
87,1,RIGHT,True,False,hit,False,740.0,30.0,303.67105263157896,30.0,0.5592105263157895,5,5,0,340.0,304,5.066666666666666,134.0,2.2333333333333334,neurofeedback,Subject_003,ME
88,0,LEFT,True,False,hit,False,60.0,0.0,169.0,0.0,1.0,0,0,0,340.0,170,2.8333333333333335,0.0,0.0,neurofeedback,Subject_003,ME
89,0,LEFT,True,False,hit,False,60.0,0.0,169.0,0.0,1.0,0,0,0,340.0,170,2.8333333333333335,0.0,0.0,neurofeedback,Subject_003,ME
90,0,LEFT,True,False,hit,False,60.0,0.0,169.0,0.0,1.0,0,0,0,340.0,170,2.8333333333333335,0.0,0.0,neurofeedback,Subject_003,ME
91,0,LEFT,True,False,hit,False,60.0,0.0,169.0,0.0,1.0,0,0,0,340.0,170,2.8333333333333335,0.0,0.0,neurofeedback,Subject_003,ME
92,1,RIGHT,True,False,hit,False,740.0,30.0,382.1574074074074,30.0,0.39351851851851855,1,1,0,340.0,432,7.2,262.0,4.366666666666666,neurofeedback,Subject_003,ME
93,1,RIGHT,True,False,hit,False,740.0,30.0,267.7826086956522,30.0,0.6835748792270532,4,1,3,340.0,414,6.9,0.0,0.0,neurofeedback,Subject_003,ME
94,1,RIGHT,False,False,wrong_paddle,False,60.0,710.0,541.0,372.0,0.0,0,0,0,0.0,170,2.8333333333333335,,,neurofeedback,Subject_003,ME
95,1,RIGHT,False,False,wrong_paddle,True,162.0,608.0,487.1099830795262,360.0,0.015228426395939087,20,19,1,10.0,591,9.85,274.0,4.566666666666666,neurofeedback,Subject_003,ME
96,1,RIGHT,True,False,hit,False,740.0,30.0,234.19298245614036,30.0,0.8567251461988304,14,1,13,340.0,342,5.7,0.0,0.0,neurofeedback,Subject_003,ME
97,1,RIGHT,True,False,hit,False,740.0,30.0,273.4537037037037,30.0,0.6203703703703703,19,3,16,340.0,432,7.2,164.0,2.7333333333333334,neurofeedback,Subject_003,ME
98,1,RIGHT,True,False,hit,False,740.0,30.0,364.9913793103448,30.0,0.4353448275862069,7,3,4,340.0,464,7.733333333333333,262.0,4.366666666666666,neurofeedback,Subject_003,ME
99,0,LEFT,True,False,hit,False,60.0,0.0,169.0,0.0,1.0,0,0,0,340.0,170,2.8333333333333335,0.0,0.0,neurofeedback,Subject_003,ME
0,0,LEFT,False,True,timeout_wrong,False,400.0,340.0,340.0,340.0,0.0,0,0,0,0.0,598,9.966666666666667,,,neurofeedback,Subject_003,Session_001
1,0,LEFT,False,False,wrong_paddle,False,740.0,680.0,424.82068965517243,252.0,0.4103448275862069,9,0,9,88.0,290,4.833333333333333,0.0,0.0,neurofeedback,Subject_003,Session_001
2,1,RIGHT,True,False,hit,False,740.0,30.0,199.0,30.0,1.0,0,0,0,340.0,170,2.8333333333333335,0.0,0.0,neurofeedback,Subject_003,Session_001
3,1,RIGHT,True,False,hit,False,740.0,30.0,199.0,30.0,1.0,0,0,0,340.0,170,2.8333333333333335,0.0,0.0,neurofeedback,Subject_003,Session_001
4,1,RIGHT,True,False,hit,False,740.0,30.0,199.0,30.0,1.0,0,0,0,340.0,170,2.8333333333333335,0.0,0.0,neurofeedback,Subject_003,Session_001
5,1,RIGHT,True,False,hit,False,740.0,30.0,199.0,30.0,1.0,0,0,0,340.0,170,2.8333333333333335,0.0,0.0,neurofeedback,Subject_003,Session_001
6,1,RIGHT,True,False,hit,False,740.0,30.0,205.9078014184397,30.0,1.0,10,0,10,340.0,282,4.7,0.0,0.0,neurofeedback,Subject_003,Session_001
7,1,RIGHT,False,True,timeout_close_strong,False,714.0,56.0,372.76302521008404,56.0,0.4218487394957983,19,13,6,314.0,595,9.916666666666666,102.0,1.7,neurofeedback,Subject_003,Session_001
8,0,LEFT,True,False,hit,False,60.0,0.0,180.63440860215053,0.0,1.0,6,0,6,340.0,186,3.1,0.0,0.0,neurofeedback,Subject_003,Session_001
9,0,LEFT,True,False,hit,False,60.0,0.0,169.0,0.0,1.0,0,0,0,340.0,170,2.8333333333333335,0.0,0.0,neurofeedback,Subject_003,Session_001
10,1,RIGHT,True,False,hit,False,740.0,30.0,199.0,30.0,1.0,0,0,0,340.0,170,2.8333333333333335,0.0,0.0,neurofeedback,Subject_003,Session_001
11,0,LEFT,True,False,hit,False,60.0,0.0,160.01754385964912,0.0,0.9868421052631579,4,1,3,340.0,228,3.8,2.0,0.03333333333333333,neurofeedback,Subject_003,Session_001
12,1,RIGHT,True,False,hit,False,740.0,30.0,199.0,30.0,1.0,0,0,0,340.0,170,2.8333333333333335,0.0,0.0,neurofeedback,Subject_003,Session_001
13,1,RIGHT,True,False,hit,False,740.0,30.0,199.0,30.0,1.0,0,0,0,340.0,170,2.8333333333333335,0.0,0.0,neurofeedback,Subject_003,Session_001
14,0,LEFT,True,False,hit,False,60.0,0.0,176.9625,0.0,0.8125,5,1,4,340.0,320,5.333333333333333,60.0,1.0,neurofeedback,Subject_003,Session_001
15,0,LEFT,True,False,hit,False,60.0,0.0,217.1946902654867,0.0,0.7522123893805309,5,5,0,340.0,226,3.7666666666666666,56.0,0.9333333333333333,neurofeedback,Subject_003,Session_001
16,0,LEFT,False,False,wrong_paddle,False,740.0,680.0,347.32,98.0,0.482,2,1,1,242.0,500,8.333333333333334,88.0,1.4666666666666666,neurofeedback,Subject_003,Session_001
17,1,RIGHT,True,False,hit,False,740.0,30.0,199.0,30.0,1.0,0,0,0,340.0,170,2.8333333333333335,0.0,0.0,neurofeedback,Subject_003,Session_001
18,0,LEFT,False,False,wrong_paddle,False,740.0,680.0,511.0,342.0,0.0,0,0,0,0.0,170,2.8333333333333335,,,neurofeedback,Subject_003,Session_001
19,0,LEFT,False,False,wrong_paddle,False,740.0,680.0,511.0,342.0,0.0,0,0,0,0.0,170,2.8333333333333335,,,neurofeedback,Subject_003,Session_001
20,0,LEFT,False,False,wrong_paddle,False,740.0,680.0,322.0769230769231,68.0,0.6131221719457014,1,0,1,272.0,442,7.366666666666666,0.0,0.0,neurofeedback,Subject_003,Session_001
21,1,RIGHT,True,False,hit,False,740.0,30.0,199.0,30.0,1.0,0,0,0,340.0,170,2.8333333333333335,0.0,0.0,neurofeedback,Subject_003,Session_001
22,0,LEFT,True,False,hit,False,60.0,0.0,186.72368421052633,0.0,0.8092105263157895,5,1,4,340.0,304,5.066666666666666,58.0,0.9666666666666667,neurofeedback,Subject_003,Session_001
23,1,RIGHT,True,False,hit,False,740.0,30.0,199.0,30.0,1.0,0,0,0,340.0,170,2.8333333333333335,0.0,0.0,neurofeedback,Subject_003,Session_001
24,0,LEFT,True,False,hit,False,60.0,0.0,169.0,0.0,1.0,0,0,0,340.0,170,2.8333333333333335,0.0,0.0,neurofeedback,Subject_003,Session_001
25,1,RIGHT,True,False,hit,False,740.0,30.0,199.0,30.0,1.0,0,0,0,340.0,170,2.8333333333333335,0.0,0.0,neurofeedback,Subject_003,Session_001
26,1,RIGHT,True,False,hit,False,740.0,30.0,199.0,30.0,1.0,0,0,0,340.0,170,2.8333333333333335,0.0,0.0,neurofeedback,Subject_003,Session_001
27,1,RIGHT,True,False,hit,False,740.0,30.0,199.0,30.0,1.0,0,0,0,340.0,170,2.8333333333333335,0.0,0.0,neurofeedback,Subject_003,Session_001
28,0,LEFT,True,False,hit,False,60.0,0.0,169.0,0.0,1.0,0,0,0,340.0,170,2.8333333333333335,0.0,0.0,neurofeedback,Subject_003,Session_001
29,0,LEFT,True,False,hit,False,60.0,0.0,169.0,0.0,1.0,0,0,0,340.0,170,2.8333333333333335,0.0,0.0,neurofeedback,Subject_003,Session_001
30,0,LEFT,False,False,wrong_paddle,False,740.0,680.0,511.0,342.0,0.0,0,0,0,0.0,170,2.8333333333333335,,,neurofeedback,Subject_003,Session_001
31,1,RIGHT,True,False,hit,False,740.0,30.0,199.0,30.0,1.0,0,0,0,340.0,170,2.8333333333333335,0.0,0.0,neurofeedback,Subject_003,Session_001
32,1,RIGHT,True,False,hit,False,740.0,30.0,199.0,30.0,1.0,0,0,0,340.0,170,2.8333333333333335,0.0,0.0,neurofeedback,Subject_003,Session_001
33,0,LEFT,True,False,hit,False,60.0,0.0,202.79393939393938,0.0,0.806060606060606,7,3,4,340.0,330,5.5,64.0,1.0666666666666667,neurofeedback,Subject_003,Session_001
34,0,LEFT,True,False,hit,False,60.0,0.0,209.5174825174825,0.0,0.8181818181818182,3,1,2,340.0,286,4.766666666666667,52.0,0.8666666666666667,neurofeedback,Subject_003,Session_001
35,0,LEFT,False,False,wrong_paddle,False,740.0,680.0,511.0,342.0,0.0,0,0,0,0.0,170,2.8333333333333335,,,neurofeedback,Subject_003,Session_001
36,1,RIGHT,True,False,hit,False,740.0,30.0,199.0,30.0,1.0,0,0,0,340.0,170,2.8333333333333335,0.0,0.0,neurofeedback,Subject_003,Session_001
37,1,RIGHT,True,False,hit,False,740.0,30.0,199.0,30.0,1.0,0,0,0,340.0,170,2.8333333333333335,0.0,0.0,neurofeedback,Subject_003,Session_001
38,0,LEFT,True,False,hit,False,60.0,0.0,169.0,0.0,1.0,0,0,0,340.0,170,2.8333333333333335,0.0,0.0,neurofeedback,Subject_003,Session_001
39,1,RIGHT,True,False,hit,False,740.0,30.0,199.0,30.0,1.0,0,0,0,340.0,170,2.8333333333333335,0.0,0.0,neurofeedback,Subject_003,Session_001
40,1,RIGHT,True,False,hit,False,740.0,30.0,199.0,30.0,1.0,0,0,0,340.0,170,2.8333333333333335,0.0,0.0,neurofeedback,Subject_003,Session_001
41,0,LEFT,True,False,hit,False,60.0,0.0,169.0,0.0,1.0,0,0,0,340.0,170,2.8333333333333335,0.0,0.0,neurofeedback,Subject_003,Session_001
42,0,LEFT,False,False,close_weak_early,False,322.0,262.0,359.0522765598651,202.0,0.4418212478920742,13,2,11,138.0,593,9.883333333333333,146.0,2.433333333333333,neurofeedback,Subject_003,Session_001
43,1,RIGHT,True,False,hit,False,740.0,30.0,199.0,30.0,1.0,0,0,0,340.0,170,2.8333333333333335,0.0,0.0,neurofeedback,Subject_003,Session_001
44,0,LEFT,True,False,hit,False,60.0,0.0,206.9245283018868,0.0,0.8018867924528302,3,3,0,340.0,212,3.533333333333333,42.0,0.7,neurofeedback,Subject_003,Session_001
45,1,RIGHT,True,False,hit,False,740.0,30.0,199.0,30.0,1.0,0,0,0,340.0,170,2.8333333333333335,0.0,0.0,neurofeedback,Subject_003,Session_001
46,0,LEFT,False,False,wrong_paddle,False,740.0,680.0,460.9024390243902,328.0,0.03353658536585366,2,1,1,12.0,328,5.466666666666667,146.0,2.433333333333333,neurofeedback,Subject_003,Session_001
47,1,RIGHT,True,False,hit,False,740.0,30.0,199.0,30.0,1.0,0,0,0,340.0,170,2.8333333333333335,0.0,0.0,neurofeedback,Subject_003,Session_001
48,1,RIGHT,True,False,hit,False,740.0,30.0,199.0,30.0,1.0,0,0,0,340.0,170,2.8333333333333335,0.0,0.0,neurofeedback,Subject_003,Session_001
49,1,RIGHT,True,False,hit,False,740.0,30.0,199.0,30.0,1.0,0,0,0,340.0,170,2.8333333333333335,0.0,0.0,neurofeedback,Subject_003,Session_001
50,1,RIGHT,True,False,hit,False,740.0,30.0,199.0,30.0,1.0,0,0,0,340.0,170,2.8333333333333335,0.0,0.0,neurofeedback,Subject_003,Session_001
51,0,LEFT,True,False,hit,False,60.0,0.0,169.0,0.0,1.0,0,0,0,340.0,170,2.8333333333333335,0.0,0.0,neurofeedback,Subject_003,Session_001
52,0,LEFT,True,False,hit,False,60.0,0.0,210.64285714285714,0.0,0.8705357142857143,4,1,3,340.0,224,3.7333333333333334,0.0,0.0,neurofeedback,Subject_003,Session_001
53,1,RIGHT,True,False,hit,False,740.0,30.0,199.0,30.0,1.0,0,0,0,340.0,170,2.8333333333333335,0.0,0.0,neurofeedback,Subject_003,Session_001
54,0,LEFT,True,False,hit,False,60.0,0.0,153.29921259842519,0.0,1.0,4,0,4,340.0,254,4.233333333333333,0.0,0.0,neurofeedback,Subject_003,Session_001
55,0,LEFT,False,False,wrong_paddle,False,740.0,680.0,511.0,342.0,0.0,0,0,0,0.0,170,2.8333333333333335,,,neurofeedback,Subject_003,Session_001
56,1,RIGHT,True,False,hit,False,740.0,30.0,199.0,30.0,1.0,0,0,0,340.0,170,2.8333333333333335,0.0,0.0,neurofeedback,Subject_003,Session_001
57,0,LEFT,True,False,hit,False,60.0,0.0,169.0,0.0,1.0,0,0,0,340.0,170,2.8333333333333335,0.0,0.0,neurofeedback,Subject_003,Session_001
58,1,RIGHT,True,False,hit,False,740.0,30.0,199.0,30.0,1.0,0,0,0,340.0,170,2.8333333333333335,0.0,0.0,neurofeedback,Subject_003,Session_001
59,0,LEFT,True,False,hit,False,60.0,0.0,238.62135922330097,0.0,0.7961165048543689,9,1,8,340.0,412,6.866666666666666,84.0,1.4,neurofeedback,Subject_003,Session_001
60,1,RIGHT,True,False,hit,False,740.0,30.0,199.0,30.0,1.0,0,0,0,340.0,170,2.8333333333333335,0.0,0.0,neurofeedback,Subject_003,Session_001
61,1,RIGHT,True,False,hit,False,740.0,30.0,199.0,30.0,1.0,0,0,0,340.0,170,2.8333333333333335,0.0,0.0,neurofeedback,Subject_003,Session_001
62,1,RIGHT,True,False,hit,False,740.0,30.0,199.0,30.0,1.0,0,0,0,340.0,170,2.8333333333333335,0.0,0.0,neurofeedback,Subject_003,Session_001
63,1,RIGHT,True,False,hit,False,740.0,30.0,199.0,30.0,1.0,0,0,0,340.0,170,2.8333333333333335,0.0,0.0,neurofeedback,Subject_003,Session_001
64,0,LEFT,True,False,hit,False,60.0,0.0,260.1483870967742,0.0,0.6193548387096774,9,3,6,340.0,310,5.166666666666667,118.0,1.9666666666666666,neurofeedback,Subject_003,Session_001
65,0,LEFT,True,False,hit,False,60.0,0.0,208.6822429906542,0.0,0.794392523364486,1,1,0,340.0,214,3.566666666666667,44.0,0.7333333333333333,neurofeedback,Subject_003,Session_001
66,0,LEFT,True,False,hit,False,60.0,0.0,276.1372549019608,0.0,0.5171568627450981,19,14,5,340.0,408,6.8,144.0,2.4,neurofeedback,Subject_003,Session_001
67,0,LEFT,True,False,hit,False,60.0,0.0,208.57009345794393,0.0,0.794392523364486,3,3,0,340.0,214,3.566666666666667,44.0,0.7333333333333333,neurofeedback,Subject_003,Session_001
68,1,RIGHT,True,False,hit,False,740.0,30.0,199.0,30.0,1.0,0,0,0,340.0,170,2.8333333333333335,0.0,0.0,neurofeedback,Subject_003,Session_001
69,1,RIGHT,True,False,hit,False,740.0,30.0,199.0,30.0,1.0,0,0,0,340.0,170,2.8333333333333335,0.0,0.0,neurofeedback,Subject_003,Session_001
70,0,LEFT,False,False,wrong_paddle,True,740.0,680.0,472.01428571428573,342.0,0.0,22,22,0,0.0,280,4.666666666666667,,,neurofeedback,Subject_003,Session_001
71,1,RIGHT,True,False,hit,False,740.0,30.0,199.0,30.0,1.0,0,0,0,340.0,170,2.8333333333333335,0.0,0.0,neurofeedback,Subject_003,Session_001
72,1,RIGHT,True,False,hit,False,740.0,30.0,199.0,30.0,1.0,0,0,0,340.0,170,2.8333333333333335,0.0,0.0,neurofeedback,Subject_003,Session_001
73,1,RIGHT,True,False,hit,False,740.0,30.0,199.0,30.0,1.0,0,0,0,340.0,170,2.8333333333333335,0.0,0.0,neurofeedback,Subject_003,Session_001
74,0,LEFT,True,False,hit,False,60.0,0.0,169.0,0.0,1.0,0,0,0,340.0,170,2.8333333333333335,0.0,0.0,neurofeedback,Subject_003,Session_001
75,0,LEFT,True,False,hit,False,60.0,0.0,176.86516853932585,0.0,0.9550561797752809,1,1,0,340.0,178,2.966666666666667,8.0,0.13333333333333333,neurofeedback,Subject_003,Session_001
76,1,RIGHT,True,False,hit,False,740.0,30.0,199.0,30.0,1.0,0,0,0,340.0,170,2.8333333333333335,0.0,0.0,neurofeedback,Subject_003,Session_001
77,0,LEFT,True,False,hit,False,60.0,0.0,207.03773584905662,0.0,0.8018867924528302,1,1,0,340.0,212,3.533333333333333,42.0,0.7,neurofeedback,Subject_003,Session_001
78,0,LEFT,False,False,wrong_early,False,404.0,344.0,299.54237288135596,78.0,0.5033898305084745,35,18,17,262.0,590,9.833333333333334,140.0,2.3333333333333335,neurofeedback,Subject_003,Session_001
79,0,LEFT,True,False,hit,False,60.0,0.0,172.97701149425288,0.0,0.9770114942528736,1,1,0,340.0,174,2.9,4.0,0.06666666666666667,neurofeedback,Subject_003,Session_001
80,1,RIGHT,True,False,hit,False,740.0,30.0,199.0,30.0,1.0,0,0,0,340.0,170,2.8333333333333335,0.0,0.0,neurofeedback,Subject_003,Session_001
81,0,LEFT,False,False,wrong_paddle,False,740.0,680.0,511.0,342.0,0.0,0,0,0,0.0,170,2.8333333333333335,,,neurofeedback,Subject_003,Session_001
82,1,RIGHT,True,False,hit,False,740.0,30.0,199.0,30.0,1.0,0,0,0,340.0,170,2.8333333333333335,0.0,0.0,neurofeedback,Subject_003,Session_001
83,1,RIGHT,True,False,hit,False,740.0,30.0,199.0,30.0,1.0,0,0,0,340.0,170,2.8333333333333335,0.0,0.0,neurofeedback,Subject_003,Session_001
84,0,LEFT,True,False,hit,False,60.0,0.0,143.4227642276423,0.0,1.0,8,0,8,340.0,246,4.1,0.0,0.0,neurofeedback,Subject_003,Session_001
85,1,RIGHT,True,False,hit,False,740.0,30.0,199.0,30.0,1.0,0,0,0,340.0,170,2.8333333333333335,0.0,0.0,neurofeedback,Subject_003,Session_001
86,0,LEFT,True,False,hit,False,60.0,0.0,251.2076923076923,0.0,0.725,7,2,5,340.0,520,8.666666666666666,48.0,0.8,neurofeedback,Subject_003,Session_001
87,1,RIGHT,True,False,hit,False,740.0,30.0,199.0,30.0,1.0,0,0,0,340.0,170,2.8333333333333335,0.0,0.0,neurofeedback,Subject_003,Session_001
88,1,RIGHT,True,False,hit,False,740.0,30.0,199.0,30.0,1.0,0,0,0,340.0,170,2.8333333333333335,0.0,0.0,neurofeedback,Subject_003,Session_001
89,1,RIGHT,True,False,hit,False,740.0,30.0,199.0,30.0,1.0,0,0,0,340.0,170,2.8333333333333335,0.0,0.0,neurofeedback,Subject_003,Session_001
90,1,RIGHT,True,False,hit,False,740.0,30.0,199.0,30.0,1.0,0,0,0,340.0,170,2.8333333333333335,0.0,0.0,neurofeedback,Subject_003,Session_001
91,0,LEFT,True,False,hit,False,60.0,0.0,147.44247787610618,0.0,1.0,2,0,2,340.0,226,3.7666666666666666,0.0,0.0,neurofeedback,Subject_003,Session_001
92,0,LEFT,True,False,hit,False,60.0,0.0,232.98601398601397,0.0,0.6783216783216783,11,3,8,340.0,286,4.766666666666667,92.0,1.5333333333333334,neurofeedback,Subject_003,Session_001
93,1,RIGHT,True,False,hit,False,740.0,30.0,199.0,30.0,1.0,0,0,0,340.0,170,2.8333333333333335,0.0,0.0,neurofeedback,Subject_003,Session_001
94,0,LEFT,False,False,wrong_paddle,True,740.0,680.0,564.8518518518518,342.0,0.0,24,24,0,0.0,324,5.4,,,neurofeedback,Subject_003,Session_001
95,1,RIGHT,True,False,hit,False,740.0,30.0,199.0,30.0,1.0,0,0,0,340.0,170,2.8333333333333335,0.0,0.0,neurofeedback,Subject_003,Session_001
96,0,LEFT,False,False,wrong_paddle,False,740.0,680.0,511.0,342.0,0.0,0,0,0,0.0,170,2.8333333333333335,,,neurofeedback,Subject_003,Session_001
97,0,LEFT,True,False,hit,False,60.0,0.0,195.28571428571428,0.0,0.7892857142857143,8,3,5,340.0,280,4.666666666666667,0.0,0.0,neurofeedback,Subject_003,Session_001
98,0,LEFT,False,False,close_strong_early,False,168.0,108.0,221.92465753424656,24.0,0.7962328767123288,10,4,6,316.0,584,9.733333333333333,52.0,0.8666666666666667,neurofeedback,Subject_003,Session_001
99,0,LEFT,False,False,wrong_paddle,False,740.0,680.0,511.0,342.0,0.0,0,0,0,0.0,170,2.8333333333333335,,,neurofeedback,Subject_003,Session_001
100,1,RIGHT,True,False,hit,False,740.0,30.0,199.0,30.0,1.0,0,0,0,340.0,170,2.8333333333333335,0.0,0.0,neurofeedback,Subject_003,Session_001
101,0,LEFT,True,False,hit,False,60.0,0.0,319.1478873239437,0.0,0.4735915492957746,5,2,3,340.0,568,9.466666666666667,150.0,2.5,neurofeedback,Subject_003,Session_001
102,0,LEFT,True,False,hit,False,60.0,0.0,230.58677685950414,0.0,0.7024793388429752,1,1,0,340.0,242,4.033333333333333,72.0,1.2,neurofeedback,Subject_003,Session_001
103,1,RIGHT,True,False,hit,False,740.0,30.0,199.0,30.0,1.0,0,0,0,340.0,170,2.8333333333333335,0.0,0.0,neurofeedback,Subject_003,Session_001
104,0,LEFT,True,False,hit,False,60.0,0.0,145.4724409448819,0.0,1.0,10,0,10,340.0,254,4.233333333333333,0.0,0.0,neurofeedback,Subject_003,Session_001
105,0,LEFT,False,False,wrong_paddle,False,740.0,680.0,511.0,342.0,0.0,0,0,0,0.0,170,2.8333333333333335,,,neurofeedback,Subject_003,Session_001
106,1,RIGHT,True,False,hit,False,740.0,30.0,199.0,30.0,1.0,0,0,0,340.0,170,2.8333333333333335,0.0,0.0,neurofeedback,Subject_003,Session_001
107,0,LEFT,True,False,hit,False,60.0,0.0,184.2258064516129,0.0,0.9139784946236559,3,3,0,340.0,186,3.1,16.0,0.26666666666666666,neurofeedback,Subject_003,Session_001
108,0,LEFT,True,False,hit,False,60.0,0.0,196.9,0.0,0.85,1,1,0,340.0,200,3.3333333333333335,30.0,0.5,neurofeedback,Subject_003,Session_001
109,1,RIGHT,True,False,hit,False,740.0,30.0,199.0,30.0,1.0,0,0,0,340.0,170,2.8333333333333335,0.0,0.0,neurofeedback,Subject_003,Session_001
110,1,RIGHT,True,False,hit,False,740.0,30.0,199.0,30.0,1.0,0,0,0,340.0,170,2.8333333333333335,0.0,0.0,neurofeedback,Subject_003,Session_001
111,0,LEFT,True,False,hit,False,60.0,0.0,169.0,0.0,1.0,0,0,0,340.0,170,2.8333333333333335,0.0,0.0,neurofeedback,Subject_003,Session_001
112,0,LEFT,True,False,hit,False,60.0,0.0,172.88505747126436,0.0,0.9942528735632183,2,1,1,340.0,174,2.9,0.0,0.0,neurofeedback,Subject_003,Session_001
113,1,RIGHT,True,False,hit,False,740.0,30.0,199.0,30.0,1.0,0,0,0,340.0,170,2.8333333333333335,0.0,0.0,neurofeedback,Subject_003,Session_001
114,1,RIGHT,True,False,hit,False,740.0,30.0,199.0,30.0,1.0,0,0,0,340.0,170,2.8333333333333335,0.0,0.0,neurofeedback,Subject_003,Session_001
115,0,LEFT,True,False,hit,False,60.0,0.0,254.61904761904762,0.0,0.7404761904761905,5,4,1,340.0,420,7.0,74.0,1.2333333333333334,neurofeedback,Subject_003,Session_001
116,0,LEFT,True,False,hit,False,60.0,0.0,149.0110497237569,0.0,0.9060773480662984,5,3,2,340.0,362,6.033333333333333,34.0,0.5666666666666667,neurofeedback,Subject_003,Session_001
117,1,RIGHT,True,False,hit,False,740.0,30.0,199.0,30.0,1.0,0,0,0,340.0,170,2.8333333333333335,0.0,0.0,neurofeedback,Subject_003,Session_001
118,1,RIGHT,True,False,hit,False,740.0,30.0,199.0,30.0,1.0,0,0,0,340.0,170,2.8333333333333335,0.0,0.0,neurofeedback,Subject_003,Session_001
119,1,RIGHT,True,False,hit,False,740.0,30.0,199.0,30.0,1.0,0,0,0,340.0,170,2.8333333333333335,0.0,0.0,neurofeedback,Subject_003,Session_001
120,1,RIGHT,True,False,hit,False,740.0,30.0,199.0,30.0,1.0,0,0,0,340.0,170,2.8333333333333335,0.0,0.0,neurofeedback,Subject_003,Session_001
121,1,RIGHT,True,False,hit,False,740.0,30.0,199.0,30.0,1.0,0,0,0,340.0,170,2.8333333333333335,0.0,0.0,neurofeedback,Subject_003,Session_001
122,0,LEFT,True,False,hit,False,60.0,0.0,130.616,0.0,1.0,6,0,6,340.0,250,4.166666666666667,0.0,0.0,neurofeedback,Subject_003,Session_001
123,0,LEFT,True,False,hit,False,60.0,0.0,231.39772727272728,0.0,0.7755681818181818,6,1,5,340.0,352,5.866666666666666,0.0,0.0,neurofeedback,Subject_003,Session_001
124,1,RIGHT,True,False,hit,False,740.0,30.0,199.0,30.0,1.0,0,0,0,340.0,170,2.8333333333333335,0.0,0.0,neurofeedback,Subject_003,Session_001
125,1,RIGHT,True,False,hit,False,740.0,30.0,199.0,30.0,1.0,0,0,0,340.0,170,2.8333333333333335,0.0,0.0,neurofeedback,Subject_003,Session_001
126,0,LEFT,True,False,hit,False,60.0,0.0,184.3978494623656,0.0,0.9139784946236559,1,1,0,340.0,186,3.1,16.0,0.26666666666666666,neurofeedback,Subject_003,Session_001
127,1,RIGHT,True,False,hit,False,740.0,30.0,199.0,30.0,1.0,0,0,0,340.0,170,2.8333333333333335,0.0,0.0,neurofeedback,Subject_003,Session_001
128,0,LEFT,True,False,hit,False,60.0,0.0,233.3684210526316,0.0,0.8223684210526315,3,2,1,340.0,456,7.6,48.0,0.8,neurofeedback,Subject_003,Session_001
129,0,LEFT,True,False,hit,False,60.0,0.0,223.125,0.0,0.7222222222222222,3,1,2,340.0,288,4.8,80.0,1.3333333333333333,neurofeedback,Subject_003,Session_001
130,1,RIGHT,True,False,hit,False,740.0,30.0,199.0,30.0,1.0,0,0,0,340.0,170,2.8333333333333335,0.0,0.0,neurofeedback,Subject_003,Session_001
131,0,LEFT,False,False,wrong_paddle,False,740.0,680.0,511.0,342.0,0.0,0,0,0,0.0,170,2.8333333333333335,,,neurofeedback,Subject_003,Session_001
132,1,RIGHT,True,False,hit,False,740.0,30.0,199.0,30.0,1.0,0,0,0,340.0,170,2.8333333333333335,0.0,0.0,neurofeedback,Subject_003,Session_001
133,0,LEFT,False,False,wrong_paddle,False,740.0,680.0,511.0,342.0,0.0,0,0,0,0.0,170,2.8333333333333335,,,neurofeedback,Subject_003,Session_001
134,1,RIGHT,True,False,hit,False,740.0,30.0,199.0,30.0,1.0,0,0,0,340.0,170,2.8333333333333335,0.0,0.0,neurofeedback,Subject_003,Session_001
135,0,LEFT,False,False,wrong_paddle,False,740.0,680.0,511.0,342.0,0.0,0,0,0,0.0,170,2.8333333333333335,,,neurofeedback,Subject_003,Session_001
136,0,LEFT,True,False,hit,False,60.0,0.0,181.09271523178808,0.0,1.0,10,0,10,340.0,302,5.033333333333333,0.0,0.0,neurofeedback,Subject_003,Session_001
137,1,RIGHT,True,False,hit,False,740.0,30.0,199.0,30.0,1.0,0,0,0,340.0,170,2.8333333333333335,0.0,0.0,neurofeedback,Subject_003,Session_001
138,0,LEFT,False,False,wrong_paddle,False,740.0,680.0,515.4,342.0,0.0,12,12,0,0.0,210,3.5,,,neurofeedback,Subject_003,Session_001
139,1,RIGHT,True,False,hit,False,740.0,30.0,153.55555555555554,30.0,1.0,24,0,24,340.0,324,5.4,0.0,0.0,neurofeedback,Subject_003,Session_001
140,0,LEFT,True,False,hit,False,60.0,0.0,177.60655737704917,0.0,1.0,6,0,6,340.0,244,4.066666666666666,0.0,0.0,neurofeedback,Subject_003,Session_001
141,0,LEFT,True,False,hit,False,60.0,0.0,161.98876404494382,0.0,1.0,4,0,4,340.0,178,2.966666666666667,0.0,0.0,neurofeedback,Subject_003,Session_001
142,1,RIGHT,True,False,hit,False,740.0,30.0,199.0,30.0,1.0,0,0,0,340.0,170,2.8333333333333335,0.0,0.0,neurofeedback,Subject_003,Session_001
143,1,RIGHT,True,False,hit,False,740.0,30.0,208.76923076923077,30.0,1.0,20,0,20,340.0,468,7.8,0.0,0.0,neurofeedback,Subject_003,Session_001
144,1,RIGHT,True,False,hit,False,740.0,30.0,225.95890410958904,30.0,0.910958904109589,36,5,31,340.0,438,7.3,0.0,0.0,neurofeedback,Subject_003,Session_001
145,1,RIGHT,True,False,hit,False,740.0,30.0,286.478672985782,30.0,0.7559241706161137,26,9,17,340.0,422,7.033333333333333,0.0,0.0,neurofeedback,Subject_003,Session_001
146,1,RIGHT,True,False,hit,False,740.0,30.0,199.0,30.0,1.0,0,0,0,340.0,170,2.8333333333333335,0.0,0.0,neurofeedback,Subject_003,Session_001
147,1,RIGHT,True,False,hit,False,740.0,30.0,215.63829787234042,30.0,0.925531914893617,5,3,2,340.0,188,3.1333333333333333,14.0,0.23333333333333334,neurofeedback,Subject_003,Session_001
148,0,LEFT,True,False,hit,False,60.0,0.0,262.4516129032258,0.0,0.6639784946236559,18,15,3,340.0,372,6.2,0.0,0.0,neurofeedback,Subject_003,Session_001
149,0,LEFT,True,False,hit,False,60.0,0.0,177.0,0.0,1.0,8,0,8,340.0,192,3.2,0.0,0.0,neurofeedback,Subject_003,Session_001
150,1,RIGHT,True,False,hit,False,740.0,30.0,199.0,30.0,1.0,0,0,0,340.0,170,2.8333333333333335,0.0,0.0,neurofeedback,Subject_003,Session_001
151,1,RIGHT,True,False,hit,False,740.0,30.0,199.0,30.0,1.0,0,0,0,340.0,170,2.8333333333333335,0.0,0.0,neurofeedback,Subject_003,Session_001
152,0,LEFT,True,False,hit,False,60.0,0.0,203.35849056603774,0.0,0.8679245283018868,8,4,4,340.0,212,3.533333333333333,0.0,0.0,neurofeedback,Subject_003,Session_001
153,1,RIGHT,False,False,wrong_paddle,True,60.0,710.0,506.9188191881919,372.0,0.0,42,42,0,0.0,542,9.033333333333333,,,neurofeedback,Subject_003,Session_001
154,0,LEFT,True,False,hit,False,60.0,0.0,169.0,0.0,1.0,0,0,0,340.0,170,2.8333333333333335,0.0,0.0,neurofeedback,Subject_003,Session_001
155,0,LEFT,True,False,hit,False,60.0,0.0,169.0,0.0,1.0,0,0,0,340.0,170,2.8333333333333335,0.0,0.0,neurofeedback,Subject_003,Session_001
156,0,LEFT,True,False,hit,False,60.0,0.0,194.15121951219513,0.0,1.0,6,0,6,340.0,410,6.833333333333333,0.0,0.0,neurofeedback,Subject_003,Session_001
157,1,RIGHT,True,False,hit,False,740.0,30.0,204.97752808988764,30.0,1.0,2,0,2,340.0,178,2.966666666666667,0.0,0.0,neurofeedback,Subject_003,Session_001
158,0,LEFT,True,False,hit,False,60.0,0.0,169.0,0.0,1.0,0,0,0,340.0,170,2.8333333333333335,0.0,0.0,neurofeedback,Subject_003,Session_001
159,0,LEFT,True,False,hit,False,60.0,0.0,404.06529209621993,0.0,0.2920962199312715,5,5,0,340.0,582,9.7,412.0,6.866666666666666,neurofeedback,Subject_003,Session_001
160,0,LEFT,True,False,hit,False,60.0,0.0,169.0,0.0,1.0,0,0,0,340.0,170,2.8333333333333335,0.0,0.0,neurofeedback,Subject_003,Session_001
161,0,LEFT,True,False,hit,False,60.0,0.0,169.0,0.0,1.0,0,0,0,340.0,170,2.8333333333333335,0.0,0.0,neurofeedback,Subject_003,Session_001
162,0,LEFT,True,False,hit,False,60.0,0.0,169.0,0.0,1.0,0,0,0,340.0,170,2.8333333333333335,0.0,0.0,neurofeedback,Subject_003,Session_001
163,0,LEFT,True,False,hit,False,60.0,0.0,169.0,0.0,1.0,0,0,0,340.0,170,2.8333333333333335,0.0,0.0,neurofeedback,Subject_003,Session_001
164,1,RIGHT,False,False,wrong_paddle,False,60.0,710.0,541.0,372.0,0.0,0,0,0,0.0,170,2.8333333333333335,,,neurofeedback,Subject_003,Session_001
165,1,RIGHT,False,False,wrong_paddle,True,60.0,710.0,499.1020408163265,346.0,0.15306122448979592,35,23,12,24.0,392,6.533333333333333,0.0,0.0,neurofeedback,Subject_003,Session_001
166,0,LEFT,True,False,hit,False,60.0,0.0,169.0,0.0,1.0,0,0,0,340.0,170,2.8333333333333335,0.0,0.0,neurofeedback,Subject_003,Session_001
167,1,RIGHT,True,False,hit,False,740.0,30.0,383.2396313364055,30.0,0.391705069124424,3,3,0,340.0,434,7.233333333333333,264.0,4.4,neurofeedback,Subject_003,Session_001
168,0,LEFT,True,False,hit,False,60.0,0.0,176.86516853932585,0.0,0.9550561797752809,1,1,0,340.0,178,2.966666666666667,8.0,0.13333333333333333,neurofeedback,Subject_003,Session_001
169,1,RIGHT,True,False,hit,False,740.0,30.0,199.0,30.0,1.0,0,0,0,340.0,170,2.8333333333333335,0.0,0.0,neurofeedback,Subject_003,Session_001
170,1,RIGHT,True,False,hit,False,740.0,30.0,186.12962962962962,30.0,1.0,14,0,14,340.0,216,3.6,0.0,0.0,neurofeedback,Subject_003,Session_001
171,0,LEFT,True,False,hit,False,60.0,0.0,209.55,0.0,0.975,9,1,8,340.0,240,4.0,6.0,0.1,neurofeedback,Subject_003,Session_001
172,1,RIGHT,False,False,wrong_paddle,False,60.0,710.0,541.0,372.0,0.0,0,0,0,0.0,170,2.8333333333333335,,,neurofeedback,Subject_003,Session_001
173,0,LEFT,True,False,hit,False,60.0,0.0,169.0,0.0,1.0,0,0,0,340.0,170,2.8333333333333335,0.0,0.0,neurofeedback,Subject_003,Session_001
174,1,RIGHT,False,False,wrong_paddle,False,60.0,710.0,539.8695652173913,372.0,0.0,4,4,0,0.0,184,3.066666666666667,,,neurofeedback,Subject_003,Session_001
175,1,RIGHT,False,False,wrong_paddle,False,60.0,710.0,543.3678160919541,372.0,0.0,2,2,0,0.0,174,2.9,,,neurofeedback,Subject_003,Session_001
176,0,LEFT,True,False,hit,False,60.0,0.0,169.0,0.0,1.0,0,0,0,340.0,170,2.8333333333333335,0.0,0.0,neurofeedback,Subject_003,Session_001
177,1,RIGHT,False,False,wrong_paddle,False,60.0,710.0,483.82872928176795,302.0,0.20718232044198895,11,6,5,68.0,362,6.033333333333333,0.0,0.0,neurofeedback,Subject_003,Session_001
178,0,LEFT,True,False,hit,False,60.0,0.0,247.52631578947367,0.0,0.6390977443609023,5,5,0,340.0,266,4.433333333333334,96.0,1.6,neurofeedback,Subject_003,Session_001
179,1,RIGHT,True,False,hit,False,740.0,30.0,199.0,30.0,1.0,0,0,0,340.0,170,2.8333333333333335,0.0,0.0,neurofeedback,Subject_003,Session_001
180,0,LEFT,False,False,wrong_paddle,False,740.0,680.0,511.0,342.0,0.0,0,0,0,0.0,170,2.8333333333333335,,,neurofeedback,Subject_003,Session_001
181,1,RIGHT,True,False,hit,False,740.0,30.0,199.0,30.0,1.0,0,0,0,340.0,170,2.8333333333333335,0.0,0.0,neurofeedback,Subject_003,Session_001
182,1,RIGHT,True,False,hit,False,740.0,30.0,264.64285714285717,30.0,0.6571428571428571,13,7,6,340.0,280,4.666666666666667,96.0,1.6,neurofeedback,Subject_003,Session_001
183,0,LEFT,True,False,hit,False,60.0,0.0,306.27868852459017,0.0,0.4808743169398907,9,7,2,340.0,366,6.1,190.0,3.1666666666666665,neurofeedback,Subject_003,Session_001
184,0,LEFT,True,False,hit,False,60.0,0.0,314.9230769230769,0.0,0.3952991452991453,12,11,1,340.0,468,7.8,0.0,0.0,neurofeedback,Subject_003,Session_001
185,1,RIGHT,True,False,hit,False,740.0,30.0,199.0,30.0,1.0,0,0,0,340.0,170,2.8333333333333335,0.0,0.0,neurofeedback,Subject_003,Session_001
186,1,RIGHT,True,False,hit,False,740.0,30.0,199.0,30.0,1.0,0,0,0,340.0,170,2.8333333333333335,0.0,0.0,neurofeedback,Subject_003,Session_001
187,0,LEFT,True,False,hit,False,60.0,0.0,169.0,0.0,1.0,0,0,0,340.0,170,2.8333333333333335,0.0,0.0,neurofeedback,Subject_003,Session_001
188,1,RIGHT,True,False,hit,False,740.0,30.0,199.0,30.0,1.0,0,0,0,340.0,170,2.8333333333333335,0.0,0.0,neurofeedback,Subject_003,Session_001
189,1,RIGHT,True,False,hit,False,740.0,30.0,199.0,30.0,1.0,0,0,0,340.0,170,2.8333333333333335,0.0,0.0,neurofeedback,Subject_003,Session_001
190,0,LEFT,False,False,close_weak_early,False,330.0,270.0,458.86971235194585,270.0,0.11505922165820642,3,2,1,70.0,591,9.85,198.0,3.3,neurofeedback,Subject_003,Session_001
191,0,LEFT,True,False,hit,False,60.0,0.0,210.3148148148148,0.0,0.7870370370370371,1,1,0,340.0,216,3.6,46.0,0.7666666666666667,neurofeedback,Subject_003,Session_001
192,1,RIGHT,True,False,hit,False,740.0,30.0,199.0,30.0,1.0,0,0,0,340.0,170,2.8333333333333335,0.0,0.0,neurofeedback,Subject_003,Session_001
193,0,LEFT,True,False,hit,False,60.0,0.0,211.1081081081081,0.0,0.8243243243243243,3,1,2,340.0,296,4.933333333333334,52.0,0.8666666666666667,neurofeedback,Subject_003,Session_001
194,1,RIGHT,True,False,hit,False,740.0,30.0,199.0,30.0,1.0,0,0,0,340.0,170,2.8333333333333335,0.0,0.0,neurofeedback,Subject_003,Session_001
195,1,RIGHT,True,False,hit,False,740.0,30.0,199.0,30.0,1.0,0,0,0,340.0,170,2.8333333333333335,0.0,0.0,neurofeedback,Subject_003,Session_001
196,0,LEFT,False,False,wrong_paddle,False,740.0,680.0,511.0,342.0,0.0,0,0,0,0.0,170,2.8333333333333335,,,neurofeedback,Subject_003,Session_001
197,1,RIGHT,True,False,hit,False,740.0,30.0,207.56730769230768,30.0,1.0,18,0,18,340.0,416,6.933333333333334,0.0,0.0,neurofeedback,Subject_003,Session_001
198,0,LEFT,False,False,wrong_early,False,516.0,456.0,255.16161616161617,90.0,0.8148148148148148,16,4,12,250.0,594,9.9,0.0,0.0,neurofeedback,Subject_003,Session_001
199,0,LEFT,True,False,hit,False,60.0,0.0,273.41635687732344,0.0,0.5836431226765799,11,5,6,340.0,538,8.966666666666667,224.0,3.7333333333333334,neurofeedback,Subject_003,Session_001
0,1,RIGHT,False,False,wrong_early,False,400.0,370.0,370.0,370.0,0.0,0,0,0,0.0,484,8.066666666666666,,,neurofeedback,Subject_003,Session_002
1,1,RIGHT,False,False,close_weak_early,False,402.0,368.0,420.63282571912015,234.0,0.3976311336717428,20,7,13,136.0,591,9.85,356.0,5.933333333333334,neurofeedback,Subject_003,Session_002
2,1,RIGHT,False,False,wrong_paddle,False,60.0,710.0,478.60135135135135,238.0,0.2516891891891892,16,11,5,132.0,592,9.866666666666667,10.0,0.16666666666666666,neurofeedback,Subject_003,Session_002
3,0,LEFT,False,False,wrong_early,False,482.0,422.0,286.64755480607084,100.0,0.6947723440134908,41,9,32,240.0,593,9.883333333333333,0.0,0.0,neurofeedback,Subject_003,Session_002
4,0,LEFT,False,False,wrong_paddle,False,740.0,680.0,511.0,342.0,0.0,0,0,0,0.0,170,2.8333333333333335,,,neurofeedback,Subject_003,Session_002
5,1,RIGHT,True,False,hit,False,740.0,30.0,199.0,30.0,1.0,0,0,0,340.0,170,2.8333333333333335,0.0,0.0,neurofeedback,Subject_003,Session_002
6,1,RIGHT,True,False,hit,False,740.0,30.0,254.83870967741936,30.0,0.7419354838709677,16,14,2,340.0,248,4.133333333333334,0.0,0.0,neurofeedback,Subject_003,Session_002
7,0,LEFT,True,False,hit,False,60.0,0.0,169.0,0.0,1.0,0,0,0,340.0,170,2.8333333333333335,0.0,0.0,neurofeedback,Subject_003,Session_002
8,1,RIGHT,False,False,wrong_paddle,True,60.0,710.0,591.2588235294118,372.0,0.0,20,20,0,0.0,340,5.666666666666667,,,neurofeedback,Subject_003,Session_002
9,0,LEFT,True,False,hit,False,60.0,0.0,169.0,0.0,1.0,0,0,0,340.0,170,2.8333333333333335,0.0,0.0,neurofeedback,Subject_003,Session_002
10,0,LEFT,True,False,hit,False,60.0,0.0,220.3390557939914,0.0,0.7982832618025751,11,5,6,340.0,466,7.766666666666667,94.0,1.5666666666666667,neurofeedback,Subject_003,Session_002
11,1,RIGHT,True,False,hit,False,740.0,30.0,195.89285714285714,30.0,1.0,20,0,20,340.0,224,3.7333333333333334,0.0,0.0,neurofeedback,Subject_003,Session_002
12,0,LEFT,False,False,close_weak_early,False,334.0,274.0,305.34010152284264,146.0,0.7038917089678511,45,10,35,194.0,591,9.85,14.0,0.23333333333333334,neurofeedback,Subject_003,Session_002
13,0,LEFT,False,False,wrong_paddle,True,740.0,680.0,470.30555555555554,322.0,0.03935185185185185,20,19,1,18.0,432,7.2,10.0,0.16666666666666666,neurofeedback,Subject_003,Session_002
14,1,RIGHT,True,False,hit,False,740.0,30.0,229.62745098039215,30.0,0.8382352941176471,4,3,1,340.0,204,3.4,2.0,0.03333333333333333,neurofeedback,Subject_003,Session_002
15,1,RIGHT,True,False,hit,False,740.0,30.0,215.10638297872342,30.0,0.9680851063829787,4,2,2,340.0,188,3.1333333333333333,0.0,0.0,neurofeedback,Subject_003,Session_002
16,0,LEFT,False,False,close_weak_early,False,368.0,308.0,334.87796610169494,214.0,0.576271186440678,26,6,20,126.0,590,9.833333333333334,0.0,0.0,neurofeedback,Subject_003,Session_002
17,0,LEFT,False,False,close_strong_early,False,98.0,38.0,393.2182741116751,38.0,0.25549915397631134,11,11,0,302.0,591,9.85,440.0,7.333333333333333,neurofeedback,Subject_003,Session_002
18,0,LEFT,False,False,wrong_early,False,518.0,458.0,257.8178752107926,82.0,0.7841483979763912,22,7,15,258.0,593,9.883333333333333,68.0,1.1333333333333333,neurofeedback,Subject_003,Session_002
19,1,RIGHT,True,False,hit,False,740.0,30.0,220.07109004739337,30.0,0.8767772511848341,21,3,18,340.0,422,7.033333333333333,52.0,0.8666666666666667,neurofeedback,Subject_003,Session_002
20,0,LEFT,True,False,hit,False,60.0,0.0,214.13966480446928,0.0,0.7262569832402235,15,3,12,340.0,358,5.966666666666667,98.0,1.6333333333333333,neurofeedback,Subject_003,Session_002
21,1,RIGHT,True,False,hit,False,740.0,30.0,200.4051282051282,30.0,0.9897435897435898,7,1,6,340.0,390,6.5,4.0,0.06666666666666667,neurofeedback,Subject_003,Session_002
22,1,RIGHT,False,False,close_weak_early,False,502.0,268.0,269.6298811544992,56.0,0.7079796264855688,36,3,33,314.0,589,9.816666666666666,172.0,2.8666666666666667,neurofeedback,Subject_003,Session_002
23,0,LEFT,True,False,hit,False,60.0,0.0,198.25619834710744,0.0,0.7851239669421488,5,1,4,340.0,242,4.033333333333333,52.0,0.8666666666666667,neurofeedback,Subject_003,Session_002
24,0,LEFT,True,False,hit,False,60.0,0.0,167.3111111111111,0.0,1.0,4,0,4,340.0,180,3.0,0.0,0.0,neurofeedback,Subject_003,Session_002
25,0,LEFT,True,False,hit,False,60.0,0.0,211.93577981651376,0.0,0.7798165137614679,1,1,0,340.0,218,3.6333333333333333,48.0,0.8,neurofeedback,Subject_003,Session_002
26,1,RIGHT,False,False,close_weak_early,True,560.0,210.0,438.2517006802721,208.0,0.1717687074829932,26,23,3,162.0,588,9.8,0.0,0.0,neurofeedback,Subject_003,Session_002
27,1,RIGHT,True,False,hit,False,740.0,30.0,165.17105263157896,30.0,1.0,10,0,10,340.0,304,5.066666666666666,0.0,0.0,neurofeedback,Subject_003,Session_002
28,1,RIGHT,False,False,wrong_paddle,False,60.0,710.0,510.0188679245283,338.0,0.17452830188679244,5,2,3,32.0,212,3.533333333333333,0.0,0.0,neurofeedback,Subject_003,Session_002
29,1,RIGHT,False,False,wrong_paddle,True,60.0,710.0,518.8418079096045,372.0,0.0,22,22,0,0.0,354,5.9,,,neurofeedback,Subject_003,Session_002
30,0,LEFT,True,False,hit,False,60.0,0.0,169.0,0.0,1.0,0,0,0,340.0,170,2.8333333333333335,0.0,0.0,neurofeedback,Subject_003,Session_002
31,0,LEFT,True,False,hit,False,60.0,0.0,258.09859154929575,0.0,0.5985915492957746,7,7,0,340.0,284,4.733333333333333,114.0,1.9,neurofeedback,Subject_003,Session_002
32,1,RIGHT,True,False,hit,False,740.0,30.0,199.0,30.0,1.0,0,0,0,340.0,170,2.8333333333333335,0.0,0.0,neurofeedback,Subject_003,Session_002
33,0,LEFT,False,False,close_weak_early,False,398.0,338.0,402.65758091993183,250.0,0.29131175468483816,20,6,14,90.0,587,9.783333333333333,0.0,0.0,neurofeedback,Subject_003,Session_002
34,1,RIGHT,False,False,wrong_paddle,False,60.0,710.0,515.8080808080808,348.0,0.10606060606060606,3,2,1,22.0,198,3.3,0.0,0.0,neurofeedback,Subject_003,Session_002
35,0,LEFT,True,False,hit,False,60.0,0.0,163.47727272727272,0.0,1.0,2,0,2,340.0,176,2.933333333333333,0.0,0.0,neurofeedback,Subject_003,Session_002
36,1,RIGHT,True,False,hit,False,740.0,30.0,277.01785714285717,30.0,0.6785714285714286,32,18,14,340.0,448,7.466666666666667,0.0,0.0,neurofeedback,Subject_003,Session_002
37,1,RIGHT,True,False,hit,False,740.0,30.0,272.07377049180326,30.0,0.6680327868852459,11,1,10,340.0,488,8.133333333333333,162.0,2.7,neurofeedback,Subject_003,Session_002
38,0,LEFT,True,False,hit,False,60.0,0.0,169.0,0.0,1.0,0,0,0,340.0,170,2.8333333333333335,0.0,0.0,neurofeedback,Subject_003,Session_002
39,0,LEFT,False,False,wrong_paddle,True,740.0,680.0,453.3353293413174,294.0,0.16467065868263472,23,18,5,46.0,334,5.566666666666666,0.0,0.0,neurofeedback,Subject_003,Session_002
40,0,LEFT,False,False,wrong_paddle,True,740.0,680.0,527.4331210191083,332.0,0.022292993630573247,16,15,1,8.0,314,5.233333333333333,4.0,0.06666666666666667,neurofeedback,Subject_003,Session_002
41,1,RIGHT,True,False,hit,False,740.0,30.0,199.0,30.0,1.0,0,0,0,340.0,170,2.8333333333333335,0.0,0.0,neurofeedback,Subject_003,Session_002
42,0,LEFT,False,False,wrong_paddle,False,740.0,680.0,508.6806722689076,342.0,0.0,12,12,0,0.0,238,3.966666666666667,,,neurofeedback,Subject_003,Session_002
43,0,LEFT,True,False,hit,False,60.0,0.0,178.77777777777777,0.0,0.9444444444444444,1,1,0,340.0,180,3.0,10.0,0.16666666666666666,neurofeedback,Subject_003,Session_002
44,1,RIGHT,True,False,hit,False,740.0,30.0,202.97701149425288,30.0,0.9770114942528736,1,1,0,340.0,174,2.9,4.0,0.06666666666666667,neurofeedback,Subject_003,Session_002
45,1,RIGHT,False,False,close_weak_early,False,452.0,318.0,398.91186440677967,220.0,0.4406779661016949,16,6,10,150.0,590,9.833333333333334,0.0,0.0,neurofeedback,Subject_003,Session_002
46,0,LEFT,True,False,hit,False,60.0,0.0,169.0,0.0,1.0,0,0,0,340.0,170,2.8333333333333335,0.0,0.0,neurofeedback,Subject_003,Session_002
47,1,RIGHT,True,False,hit,False,740.0,30.0,227.21311475409837,30.0,0.7950819672131147,7,3,4,340.0,244,4.066666666666666,50.0,0.8333333333333334,neurofeedback,Subject_003,Session_002
48,0,LEFT,True,False,hit,False,60.0,0.0,169.0,0.0,1.0,0,0,0,340.0,170,2.8333333333333335,0.0,0.0,neurofeedback,Subject_003,Session_002
49,0,LEFT,True,False,hit,False,60.0,0.0,169.0,0.0,1.0,0,0,0,340.0,170,2.8333333333333335,0.0,0.0,neurofeedback,Subject_003,Session_002
50,1,RIGHT,True,False,hit,False,740.0,30.0,264.93962264150946,30.0,0.7509433962264151,13,3,10,340.0,530,8.833333333333334,132.0,2.2,neurofeedback,Subject_003,Session_002
51,1,RIGHT,True,False,hit,False,740.0,30.0,273.86746987951807,30.0,0.6566265060240963,15,7,8,340.0,332,5.533333333333333,114.0,1.9,neurofeedback,Subject_003,Session_002
52,1,RIGHT,False,False,wrong_paddle,False,60.0,710.0,534.9325842696629,372.0,0.0,2,2,0,0.0,178,2.966666666666667,,,neurofeedback,Subject_003,Session_002
53,1,RIGHT,False,False,wrong_early,False,284.0,486.0,514.7830508474576,326.0,0.07966101694915254,9,6,3,44.0,590,9.833333333333334,288.0,4.8,neurofeedback,Subject_003,Session_002
54,0,LEFT,True,False,hit,False,60.0,0.0,169.0,0.0,1.0,0,0,0,340.0,170,2.8333333333333335,0.0,0.0,neurofeedback,Subject_003,Session_002
55,1,RIGHT,True,False,hit,True,740.0,30.0,396.7760617760618,30.0,0.3281853281853282,19,19,0,340.0,518,8.633333333333333,348.0,5.8,neurofeedback,Subject_003,Session_002
56,0,LEFT,True,False,hit,False,60.0,0.0,241.64615384615385,0.0,0.6538461538461539,11,11,0,340.0,260,4.333333333333333,90.0,1.5,neurofeedback,Subject_003,Session_002
57,1,RIGHT,False,False,wrong_early,True,288.0,482.0,437.17627118644066,290.0,0.18305084745762712,32,24,8,80.0,590,9.833333333333334,0.0,0.0,neurofeedback,Subject_003,Session_002
58,0,LEFT,True,False,hit,False,60.0,0.0,169.0,0.0,1.0,0,0,0,340.0,170,2.8333333333333335,0.0,0.0,neurofeedback,Subject_003,Session_002
59,0,LEFT,True,False,hit,False,60.0,0.0,170.61467889908258,0.0,0.9357798165137615,9,1,8,340.0,218,3.6333333333333333,14.0,0.23333333333333334,neurofeedback,Subject_003,Session_002
60,1,RIGHT,True,False,hit,False,740.0,30.0,226.4420600858369,30.0,1.0,58,0,58,340.0,466,7.766666666666667,0.0,0.0,neurofeedback,Subject_003,Session_002
61,0,LEFT,False,False,close_weak_early,False,252.0,192.0,298.0983050847458,122.0,0.6610169491525424,18,12,6,218.0,590,9.833333333333334,0.0,0.0,neurofeedback,Subject_003,Session_002
62,1,RIGHT,False,False,close_weak_early,False,474.0,296.0,346.7453625632378,142.0,0.5885328836424958,22,1,21,228.0,593,9.883333333333333,244.0,4.066666666666666,neurofeedback,Subject_003,Session_002
63,0,LEFT,True,False,hit,False,60.0,0.0,260.4718614718615,0.0,0.6147186147186147,35,23,12,340.0,462,7.7,178.0,2.966666666666667,neurofeedback,Subject_003,Session_002
64,1,RIGHT,True,False,hit,False,740.0,30.0,199.0,30.0,1.0,0,0,0,340.0,170,2.8333333333333335,0.0,0.0,neurofeedback,Subject_003,Session_002
65,1,RIGHT,True,False,hit,False,740.0,30.0,335.79037800687286,30.0,0.5721649484536082,22,5,17,340.0,582,9.7,0.0,0.0,neurofeedback,Subject_003,Session_002
66,0,LEFT,True,False,hit,False,60.0,0.0,175.0842105263158,0.0,1.0,6,0,6,340.0,190,3.1666666666666665,0.0,0.0,neurofeedback,Subject_003,Session_002
67,0,LEFT,False,False,close_strong_early,False,104.0,44.0,237.24324324324326,30.0,0.9256756756756757,17,4,13,310.0,592,9.866666666666667,0.0,0.0,neurofeedback,Subject_003,Session_002
68,1,RIGHT,True,False,hit,False,740.0,30.0,271.68027210884355,30.0,0.6394557823129252,11,3,8,340.0,294,4.9,106.0,1.7666666666666666,neurofeedback,Subject_003,Session_002
69,1,RIGHT,True,False,hit,False,740.0,30.0,192.66492146596858,30.0,1.0,4,0,4,340.0,382,6.366666666666666,0.0,0.0,neurofeedback,Subject_003,Session_002
70,1,RIGHT,True,False,hit,False,740.0,30.0,219.71304347826086,30.0,1.0,8,0,8,340.0,230,3.8333333333333335,0.0,0.0,neurofeedback,Subject_003,Session_002
71,0,LEFT,True,False,hit,False,60.0,0.0,169.0,0.0,1.0,0,0,0,340.0,170,2.8333333333333335,0.0,0.0,neurofeedback,Subject_003,Session_002
72,1,RIGHT,True,False,hit,False,740.0,30.0,207.93470790378007,30.0,1.0,38,0,38,340.0,582,9.7,0.0,0.0,neurofeedback,Subject_003,Session_002
73,0,LEFT,True,False,hit,False,60.0,0.0,191.17391304347825,0.0,1.0,12,0,12,340.0,276,4.6,0.0,0.0,neurofeedback,Subject_003,Session_002
74,0,LEFT,True,False,hit,False,60.0,0.0,259.68531468531467,0.0,0.5944055944055944,5,5,0,340.0,286,4.766666666666667,116.0,1.9333333333333333,neurofeedback,Subject_003,Session_002
75,0,LEFT,True,False,hit,False,60.0,0.0,169.0,0.0,1.0,0,0,0,340.0,170,2.8333333333333335,0.0,0.0,neurofeedback,Subject_003,Session_002
76,1,RIGHT,True,False,hit,False,740.0,30.0,224.43434343434345,30.0,0.8585858585858586,5,5,0,340.0,198,3.3,28.0,0.4666666666666667,neurofeedback,Subject_003,Session_002
77,1,RIGHT,True,False,hit,False,740.0,30.0,212.0995670995671,30.0,1.0,12,0,12,340.0,462,7.7,0.0,0.0,neurofeedback,Subject_003,Session_002
78,0,LEFT,True,False,hit,False,60.0,0.0,178.77777777777777,0.0,0.9444444444444444,1,1,0,340.0,180,3.0,10.0,0.16666666666666666,neurofeedback,Subject_003,Session_002
79,0,LEFT,False,False,wrong_early,True,442.0,382.0,359.25636672325976,156.0,0.3616298811544992,39,30,9,184.0,589,9.816666666666666,0.0,0.0,neurofeedback,Subject_003,Session_002
80,0,LEFT,True,False,hit,False,60.0,0.0,339.3285714285714,0.0,0.45535714285714285,31,12,19,340.0,560,9.333333333333334,36.0,0.6,neurofeedback,Subject_003,Session_002
81,0,LEFT,False,False,wrong_early,False,418.0,358.0,338.55687606112053,134.0,0.499151103565365,28,12,16,206.0,589,9.816666666666666,52.0,0.8666666666666667,neurofeedback,Subject_003,Session_002
82,1,RIGHT,True,False,hit,False,740.0,30.0,199.0,30.0,1.0,0,0,0,340.0,170,2.8333333333333335,0.0,0.0,neurofeedback,Subject_003,Session_002
83,1,RIGHT,True,False,hit,False,740.0,30.0,276.6212121212121,30.0,0.6439393939393939,1,1,0,340.0,264,4.4,94.0,1.5666666666666667,neurofeedback,Subject_003,Session_002
84,0,LEFT,True,False,hit,False,60.0,0.0,222.32203389830508,0.0,0.7203389830508474,3,3,0,340.0,236,3.933333333333333,66.0,1.1,neurofeedback,Subject_003,Session_002
85,1,RIGHT,False,False,close_strong_early,True,644.0,126.0,360.08474576271186,62.0,0.43050847457627117,33,20,13,308.0,590,9.833333333333334,0.0,0.0,neurofeedback,Subject_003,Session_002
86,0,LEFT,True,False,hit,False,60.0,0.0,169.0,0.0,1.0,0,0,0,340.0,170,2.8333333333333335,0.0,0.0,neurofeedback,Subject_003,Session_002
87,0,LEFT,False,False,wrong_paddle,False,648.0,588.0,299.83673469387753,38.0,0.5306122448979592,15,9,6,302.0,588,9.8,0.0,0.0,neurofeedback,Subject_003,Session_002
88,1,RIGHT,True,False,hit,False,740.0,30.0,323.8841201716738,30.0,0.6158798283261803,24,13,11,340.0,466,7.766666666666667,0.0,0.0,neurofeedback,Subject_003,Session_002
89,1,RIGHT,True,False,hit,False,740.0,30.0,208.35849056603774,30.0,1.0,8,0,8,340.0,212,3.533333333333333,0.0,0.0,neurofeedback,Subject_003,Session_002
90,1,RIGHT,True,False,hit,False,740.0,30.0,246.86324786324786,30.0,0.7863247863247863,5,1,4,340.0,234,3.9,50.0,0.8333333333333334,neurofeedback,Subject_003,Session_002
91,1,RIGHT,False,False,wrong_paddle,True,60.0,710.0,508.8636363636364,372.0,0.0,16,16,0,0.0,264,4.4,,,neurofeedback,Subject_003,Session_002
92,1,RIGHT,True,False,hit,False,740.0,30.0,384.3125,30.0,0.38839285714285715,11,9,2,340.0,448,7.466666666666667,274.0,4.566666666666666,neurofeedback,Subject_003,Session_002
93,0,LEFT,True,False,hit,False,60.0,0.0,173.1590909090909,0.0,1.0,2,0,2,340.0,176,2.933333333333333,0.0,0.0,neurofeedback,Subject_003,Session_002
94,0,LEFT,True,False,hit,False,60.0,0.0,174.8791946308725,0.0,1.0,12,0,12,340.0,298,4.966666666666667,0.0,0.0,neurofeedback,Subject_003,Session_002
95,0,LEFT,True,False,hit,False,60.0,0.0,169.0,0.0,1.0,0,0,0,340.0,170,2.8333333333333335,0.0,0.0,neurofeedback,Subject_003,Session_002
96,0,LEFT,True,False,hit,False,60.0,0.0,188.41284403669724,0.0,1.0,6,0,6,340.0,218,3.6333333333333333,0.0,0.0,neurofeedback,Subject_003,Session_002
97,1,RIGHT,True,False,hit,False,740.0,30.0,297.19354838709677,30.0,0.5483870967741935,7,7,0,340.0,310,5.166666666666667,140.0,2.3333333333333335,neurofeedback,Subject_003,Session_002
98,0,LEFT,True,False,hit,False,60.0,0.0,286.7923076923077,0.0,0.6019230769230769,13,8,5,340.0,520,8.666666666666666,136.0,2.2666666666666666,neurofeedback,Subject_003,Session_002
99,1,RIGHT,True,False,hit,False,740.0,30.0,198.5581395348837,30.0,1.0,2,0,2,340.0,172,2.8666666666666667,0.0,0.0,neurofeedback,Subject_003,Session_002
0,0,LEFT,False,False,wrong_early,False,400.0,340.0,340.0,340.0,0.0,0,0,0,0.0,544,9.066666666666666,,,neurofeedback,Subject_003,Session_003
1,1,RIGHT,True,False,hit,False,740.0,30.0,199.80459770114942,30.0,1.0,2,0,2,340.0,174,2.9,0.0,0.0,neurofeedback,Subject_003,Session_003
2,1,RIGHT,False,False,wrong_paddle,False,60.0,710.0,539.2954545454545,372.0,0.0,2,2,0,0.0,176,2.933333333333333,,,neurofeedback,Subject_003,Session_003
3,1,RIGHT,False,False,wrong_paddle,False,60.0,710.0,453.0242914979757,252.0,0.23684210526315788,10,9,1,118.0,494,8.233333333333333,52.0,0.8666666666666667,neurofeedback,Subject_003,Session_003
4,0,LEFT,True,False,hit,False,60.0,0.0,165.48275862068965,0.0,1.0,2,0,2,340.0,174,2.9,0.0,0.0,neurofeedback,Subject_003,Session_003
5,1,RIGHT,False,False,wrong_paddle,False,60.0,710.0,541.0,372.0,0.0,0,0,0,0.0,170,2.8333333333333335,,,neurofeedback,Subject_003,Session_003
6,0,LEFT,True,False,hit,False,60.0,0.0,171.37894736842105,0.0,1.0,8,0,8,340.0,190,3.1666666666666665,0.0,0.0,neurofeedback,Subject_003,Session_003
7,0,LEFT,True,False,hit,False,60.0,0.0,254.38028169014083,0.0,0.602112676056338,15,14,1,340.0,284,4.733333333333333,110.0,1.8333333333333333,neurofeedback,Subject_003,Session_003
8,0,LEFT,False,False,wrong_paddle,True,740.0,680.0,491.8433734939759,334.0,0.015060240963855422,21,20,1,6.0,332,5.533333333333333,2.0,0.03333333333333333,neurofeedback,Subject_003,Session_003
9,1,RIGHT,True,False,hit,False,740.0,30.0,189.49411764705883,30.0,1.0,12,0,12,340.0,340,5.666666666666667,0.0,0.0,neurofeedback,Subject_003,Session_003
10,1,RIGHT,False,True,timeout_close_weak,True,504.0,266.0,381.7826086956522,204.0,0.4197324414715719,25,16,9,166.0,598,9.966666666666667,220.0,3.6666666666666665,neurofeedback,Subject_003,Session_003
11,1,RIGHT,False,False,wrong_paddle,False,60.0,710.0,475.77862595419845,328.0,0.2862595419847328,19,2,17,42.0,262,4.366666666666666,0.0,0.0,neurofeedback,Subject_003,Session_003
12,0,LEFT,True,False,hit,False,60.0,0.0,285.59627329192546,0.0,0.5279503105590062,1,1,0,340.0,322,5.366666666666666,152.0,2.533333333333333,neurofeedback,Subject_003,Session_003
13,0,LEFT,True,False,hit,False,60.0,0.0,151.01960784313727,0.0,1.0,6,0,6,340.0,204,3.4,0.0,0.0,neurofeedback,Subject_003,Session_003
14,1,RIGHT,False,True,timeout_wrong,True,322.0,448.0,498.3697478991597,368.0,0.0016806722689075631,42,41,1,2.0,595,9.916666666666666,318.0,5.3,neurofeedback,Subject_003,Session_003
15,0,LEFT,False,True,timeout_close_weak,False,352.0,292.0,210.9261744966443,32.0,0.889261744966443,32,1,31,308.0,596,9.933333333333334,66.0,1.1,neurofeedback,Subject_003,Session_003
16,1,RIGHT,True,False,hit,False,740.0,30.0,190.64615384615385,30.0,1.0,14,0,14,340.0,260,4.333333333333333,0.0,0.0,neurofeedback,Subject_003,Session_003
17,1,RIGHT,False,False,close_weak_early,False,480.0,290.0,243.57912457912457,68.0,0.7542087542087542,31,1,30,302.0,594,9.9,146.0,2.433333333333333,neurofeedback,Subject_003,Session_003
18,0,LEFT,True,False,hit,False,60.0,0.0,364.80694980694983,0.0,0.39575289575289574,8,7,1,340.0,518,8.633333333333333,0.0,0.0,neurofeedback,Subject_003,Session_003
19,0,LEFT,True,False,hit,False,60.0,0.0,174.0871794871795,0.0,1.0,22,0,22,340.0,390,6.5,0.0,0.0,neurofeedback,Subject_003,Session_003
20,1,RIGHT,True,False,hit,False,740.0,30.0,245.5182481751825,30.0,0.8631386861313869,12,3,9,340.0,548,9.133333333333333,0.0,0.0,neurofeedback,Subject_003,Session_003
21,0,LEFT,True,False,hit,False,60.0,0.0,236.80753138075315,0.0,0.7698744769874477,13,1,12,340.0,478,7.966666666666667,110.0,1.8333333333333333,neurofeedback,Subject_003,Session_003
22,1,RIGHT,False,False,close_weak_early,True,418.0,352.0,436.6610455311973,254.0,0.30522765598650925,46,21,25,116.0,593,9.883333333333333,412.0,6.866666666666666,neurofeedback,Subject_003,Session_003
23,0,LEFT,False,False,wrong_paddle,True,740.0,680.0,483.39639639639637,342.0,0.0,32,32,0,0.0,444,7.4,,,neurofeedback,Subject_003,Session_003
24,0,LEFT,True,False,hit,False,60.0,0.0,136.14285714285714,0.0,1.0,20,0,20,340.0,308,5.133333333333334,0.0,0.0,neurofeedback,Subject_003,Session_003
25,1,RIGHT,True,False,hit,False,740.0,30.0,199.0,30.0,1.0,0,0,0,340.0,170,2.8333333333333335,0.0,0.0,neurofeedback,Subject_003,Session_003
26,1,RIGHT,True,False,hit,False,740.0,30.0,160.6448598130841,30.0,1.0,14,0,14,340.0,428,7.133333333333334,0.0,0.0,neurofeedback,Subject_003,Session_003
27,1,RIGHT,False,False,wrong_paddle,True,152.0,618.0,524.0505050505051,372.0,0.0,53,53,0,0.0,594,9.9,,,neurofeedback,Subject_003,Session_003
28,1,RIGHT,False,False,wrong_paddle,True,60.0,710.0,492.1855670103093,356.0,0.06701030927835051,27,23,4,14.0,388,6.466666666666667,0.0,0.0,neurofeedback,Subject_003,Session_003
29,1,RIGHT,False,False,wrong_paddle,False,60.0,710.0,521.76,368.0,0.01,8,6,2,2.0,200,3.3333333333333335,6.0,0.1,neurofeedback,Subject_003,Session_003
30,1,RIGHT,False,False,wrong_paddle,False,60.0,710.0,531.5054945054945,372.0,0.0,4,4,0,0.0,182,3.033333333333333,,,neurofeedback,Subject_003,Session_003
31,1,RIGHT,False,False,wrong_paddle,False,60.0,710.0,512.2527472527472,322.0,0.17857142857142858,19,12,7,48.0,364,6.066666666666666,0.0,0.0,neurofeedback,Subject_003,Session_003
32,0,LEFT,False,False,wrong_paddle,False,740.0,680.0,511.0,342.0,0.0,0,0,0,0.0,170,2.8333333333333335,,,neurofeedback,Subject_003,Session_003
33,0,LEFT,False,False,wrong_paddle,False,740.0,680.0,473.13084112149534,318.0,0.20093457943925233,9,0,9,22.0,214,3.566666666666667,0.0,0.0,neurofeedback,Subject_003,Session_003
34,0,LEFT,False,False,wrong_paddle,False,740.0,680.0,518.3186813186813,342.0,0.0,6,6,0,0.0,182,3.033333333333333,,,neurofeedback,Subject_003,Session_003
35,1,RIGHT,True,False,hit,False,740.0,30.0,237.66216216216216,30.0,0.9898648648648649,20,1,19,340.0,296,4.933333333333334,0.0,0.0,neurofeedback,Subject_003,Session_003
36,0,LEFT,True,False,hit,False,60.0,0.0,246.95652173913044,0.0,0.7907608695652174,22,11,11,340.0,368,6.133333333333334,0.0,0.0,neurofeedback,Subject_003,Session_003
37,0,LEFT,False,False,close_weak_early,False,344.0,284.0,262.94594594594594,164.0,0.9375,48,3,45,176.0,592,9.866666666666667,0.0,0.0,neurofeedback,Subject_003,Session_003
38,0,LEFT,False,False,wrong_paddle,True,740.0,680.0,534.4489795918367,342.0,0.0,32,32,0,0.0,392,6.533333333333333,,,neurofeedback,Subject_003,Session_003
39,0,LEFT,False,False,wrong_paddle,False,740.0,680.0,511.0,342.0,0.0,0,0,0,0.0,170,2.8333333333333335,,,neurofeedback,Subject_003,Session_003
40,0,LEFT,False,False,close_weak_early,False,328.0,268.0,285.62626262626264,154.0,0.7154882154882155,27,10,17,186.0,594,9.9,6.0,0.1,neurofeedback,Subject_003,Session_003
41,1,RIGHT,False,False,wrong_paddle,False,60.0,710.0,487.0,340.0,0.21487603305785125,11,3,8,30.0,242,4.033333333333333,0.0,0.0,neurofeedback,Subject_003,Session_003
42,1,RIGHT,False,True,timeout_close_strong,False,588.0,182.0,348.9865771812081,182.0,0.5050335570469798,39,16,23,188.0,596,9.933333333333334,136.0,2.2666666666666666,neurofeedback,Subject_003,Session_003
43,0,LEFT,True,False,hit,False,60.0,0.0,194.0108695652174,0.0,0.8097826086956522,29,13,16,340.0,368,6.133333333333334,54.0,0.9,neurofeedback,Subject_003,Session_003
44,0,LEFT,True,False,hit,False,60.0,0.0,237.42352941176472,0.0,0.8794117647058823,13,8,5,340.0,340,5.666666666666667,22.0,0.36666666666666664,neurofeedback,Subject_003,Session_003
45,1,RIGHT,True,False,hit,False,740.0,30.0,190.6701030927835,30.0,1.0,8,0,8,340.0,194,3.2333333333333334,0.0,0.0,neurofeedback,Subject_003,Session_003
46,0,LEFT,True,False,hit,False,60.0,0.0,221.0344827586207,0.0,0.7327586206896551,7,7,0,340.0,232,3.8666666666666667,62.0,1.0333333333333334,neurofeedback,Subject_003,Session_003
47,0,LEFT,False,False,close_weak_early,False,344.0,284.0,225.989898989899,52.0,0.9124579124579124,30,6,24,288.0,594,9.9,0.0,0.0,neurofeedback,Subject_003,Session_003
48,0,LEFT,True,False,hit,False,60.0,0.0,179.4181818181818,0.0,0.9818181818181818,13,1,12,340.0,220,3.6666666666666665,4.0,0.06666666666666667,neurofeedback,Subject_003,Session_003
49,0,LEFT,False,False,wrong_paddle,False,740.0,680.0,304.9183673469388,52.0,0.6387755102040816,13,2,11,288.0,490,8.166666666666666,0.0,0.0,neurofeedback,Subject_003,Session_003
50,0,LEFT,False,False,wrong_paddle,False,740.0,680.0,511.0,342.0,0.0,0,0,0,0.0,170,2.8333333333333335,,,neurofeedback,Subject_003,Session_003
51,1,RIGHT,True,False,hit,False,740.0,30.0,199.0,30.0,1.0,0,0,0,340.0,170,2.8333333333333335,0.0,0.0,neurofeedback,Subject_003,Session_003
52,1,RIGHT,True,False,hit,False,740.0,30.0,204.46938775510205,30.0,1.0,6,0,6,340.0,196,3.2666666666666666,0.0,0.0,neurofeedback,Subject_003,Session_003
53,1,RIGHT,True,False,hit,False,740.0,30.0,231.88372093023256,30.0,0.813953488372093,13,5,8,340.0,258,4.3,48.0,0.8,neurofeedback,Subject_003,Session_003
54,0,LEFT,True,False,hit,False,60.0,0.0,178.79710144927537,0.0,0.8188405797101449,9,1,8,340.0,276,4.6,50.0,0.8333333333333334,neurofeedback,Subject_003,Session_003
55,1,RIGHT,True,False,hit,True,740.0,30.0,369.022641509434,30.0,0.32075471698113206,25,25,0,340.0,530,8.833333333333334,360.0,6.0,neurofeedback,Subject_003,Session_003
56,1,RIGHT,False,False,wrong_paddle,False,60.0,710.0,436.60736196319016,248.0,0.450920245398773,17,4,13,122.0,326,5.433333333333334,0.0,0.0,neurofeedback,Subject_003,Session_003
57,1,RIGHT,True,False,hit,False,740.0,30.0,208.76470588235293,30.0,1.0,6,0,6,340.0,204,3.4,0.0,0.0,neurofeedback,Subject_003,Session_003
58,0,LEFT,True,False,hit,False,60.0,0.0,159.95555555555555,0.0,1.0,6,0,6,340.0,180,3.0,0.0,0.0,neurofeedback,Subject_003,Session_003
59,1,RIGHT,False,False,wrong_paddle,True,216.0,554.0,401.63299663299665,256.0,0.32323232323232326,40,22,18,114.0,594,9.9,140.0,2.3333333333333335,neurofeedback,Subject_003,Session_003
60,0,LEFT,False,True,timeout_wrong,False,436.0,376.0,417.3154362416107,244.0,0.29194630872483224,22,4,18,96.0,596,9.933333333333334,84.0,1.4,neurofeedback,Subject_003,Session_003
61,1,RIGHT,True,False,hit,False,740.0,30.0,198.8139534883721,30.0,1.0,2,0,2,340.0,172,2.8666666666666667,0.0,0.0,neurofeedback,Subject_003,Session_003
62,0,LEFT,False,False,wrong_paddle,False,740.0,680.0,445.6442953020134,304.0,0.1476510067114094,15,11,4,36.0,298,4.966666666666667,0.0,0.0,neurofeedback,Subject_003,Session_003
63,1,RIGHT,True,False,hit,False,740.0,30.0,207.9090909090909,30.0,1.0,14,0,14,340.0,484,8.066666666666666,0.0,0.0,neurofeedback,Subject_003,Session_003
64,1,RIGHT,True,False,hit,False,740.0,30.0,332.7395833333333,30.0,0.4765625,25,17,8,340.0,384,6.4,0.0,0.0,neurofeedback,Subject_003,Session_003
65,0,LEFT,True,False,hit,False,60.0,0.0,169.0,0.0,1.0,0,0,0,340.0,170,2.8333333333333335,0.0,0.0,neurofeedback,Subject_003,Session_003
66,1,RIGHT,False,False,wrong_paddle,False,60.0,710.0,541.0,372.0,0.0,0,0,0,0.0,170,2.8333333333333335,,,neurofeedback,Subject_003,Session_003
67,0,LEFT,True,False,hit,False,60.0,0.0,239.80519480519482,0.0,0.7305194805194806,20,9,11,340.0,308,5.133333333333334,0.0,0.0,neurofeedback,Subject_003,Session_003
68,0,LEFT,True,False,hit,False,60.0,0.0,208.3394495412844,0.0,0.8486238532110092,6,3,3,340.0,218,3.6333333333333333,0.0,0.0,neurofeedback,Subject_003,Session_003
69,0,LEFT,False,False,wrong_paddle,True,740.0,680.0,465.9154929577465,318.0,0.15845070422535212,25,18,7,22.0,284,4.733333333333333,0.0,0.0,neurofeedback,Subject_003,Session_003
70,0,LEFT,True,False,hit,False,60.0,0.0,221.17241379310346,0.0,0.7586206896551724,3,1,2,340.0,232,3.8666666666666667,56.0,0.9333333333333333,neurofeedback,Subject_003,Session_003
71,1,RIGHT,True,False,hit,False,740.0,30.0,234.07954545454547,30.0,0.8068181818181818,29,7,22,340.0,352,5.866666666666666,68.0,1.1333333333333333,neurofeedback,Subject_003,Session_003
72,1,RIGHT,False,False,close_weak_early,False,436.0,334.0,279.0942760942761,108.0,0.7390572390572391,35,13,22,262.0,594,9.9,0.0,0.0,neurofeedback,Subject_003,Session_003
73,1,RIGHT,False,True,timeout_close_weak,True,454.0,316.0,408.750418760469,254.0,0.24790619765494137,39,36,3,116.0,597,9.95,356.0,5.933333333333334,neurofeedback,Subject_003,Session_003
74,1,RIGHT,False,False,wrong_paddle,False,60.0,710.0,551.34,372.0,0.0,8,8,0,0.0,200,3.3333333333333335,,,neurofeedback,Subject_003,Session_003
75,1,RIGHT,False,True,timeout_wrong,False,290.0,480.0,431.6917922948074,296.0,0.2629815745393635,21,12,9,74.0,597,9.95,0.0,0.0,neurofeedback,Subject_003,Session_003
76,1,RIGHT,False,True,timeout_close_weak,False,520.0,250.0,228.40939597315437,42.0,0.9463087248322147,30,5,25,328.0,596,9.933333333333334,32.0,0.5333333333333333,neurofeedback,Subject_003,Session_003
77,0,LEFT,False,True,timeout_close_weak,True,358.0,298.0,391.59463986599667,238.0,0.23450586264656617,35,28,7,102.0,597,9.95,312.0,5.2,neurofeedback,Subject_003,Session_003
78,0,LEFT,True,False,hit,False,60.0,0.0,169.0,0.0,1.0,0,0,0,340.0,170,2.8333333333333335,0.0,0.0,neurofeedback,Subject_003,Session_003
79,0,LEFT,False,True,timeout_close_weak,False,306.0,246.0,278.3752093802345,16.0,0.5544388609715243,34,17,17,324.0,597,9.95,266.0,4.433333333333334,neurofeedback,Subject_003,Session_003
80,0,LEFT,False,True,timeout_close_weak,False,246.0,186.0,444.90787269681744,166.0,0.20938023450586266,20,9,11,174.0,597,9.95,472.0,7.866666666666666,neurofeedback,Subject_003,Session_003
81,1,RIGHT,True,False,hit,False,740.0,30.0,332.0157068062827,30.0,0.5026178010471204,9,3,6,340.0,382,6.366666666666666,190.0,3.1666666666666665,neurofeedback,Subject_003,Session_003
82,0,LEFT,True,False,hit,False,60.0,0.0,202.79136690647482,0.0,0.8794964028776978,22,1,21,340.0,556,9.266666666666667,0.0,0.0,neurofeedback,Subject_003,Session_003
83,0,LEFT,True,False,hit,True,60.0,0.0,352.7959183673469,0.0,0.39591836734693875,29,25,4,340.0,490,8.166666666666666,296.0,4.933333333333334,neurofeedback,Subject_003,Session_003
84,1,RIGHT,True,False,hit,False,740.0,30.0,250.78813559322035,30.0,0.7796610169491526,30,6,24,340.0,472,7.866666666666666,0.0,0.0,neurofeedback,Subject_003,Session_003
85,1,RIGHT,False,True,timeout_close_weak,False,490.0,280.0,351.1563025210084,170.0,0.6100840336134454,30,12,18,200.0,595,9.916666666666666,0.0,0.0,neurofeedback,Subject_003,Session_003
86,0,LEFT,True,False,hit,False,60.0,0.0,176.46478873239437,0.0,1.0,22,0,22,340.0,284,4.733333333333333,0.0,0.0,neurofeedback,Subject_003,Session_003
87,1,RIGHT,True,False,hit,True,740.0,30.0,355.8333333333333,30.0,0.3888888888888889,23,17,6,340.0,504,8.4,220.0,3.6666666666666665,neurofeedback,Subject_003,Session_003
88,0,LEFT,False,False,wrong_paddle,False,740.0,680.0,397.8508287292818,206.0,0.4889502762430939,21,6,15,134.0,362,6.033333333333333,0.0,0.0,neurofeedback,Subject_003,Session_003
89,0,LEFT,False,False,wrong_paddle,True,740.0,680.0,412.5959595959596,174.0,0.2878787878787879,34,31,3,166.0,594,9.9,168.0,2.8,neurofeedback,Subject_003,Session_003
90,1,RIGHT,True,False,hit,False,740.0,30.0,256.4068965517241,30.0,0.7172413793103448,17,7,10,340.0,290,4.833333333333333,82.0,1.3666666666666667,neurofeedback,Subject_003,Session_003
91,0,LEFT,True,False,hit,False,60.0,0.0,161.234375,0.0,1.0,24,0,24,340.0,512,8.533333333333333,0.0,0.0,neurofeedback,Subject_003,Session_003
92,0,LEFT,True,False,hit,False,60.0,0.0,184.31372549019608,0.0,1.0,8,0,8,340.0,204,3.4,0.0,0.0,neurofeedback,Subject_003,Session_003
93,0,LEFT,True,False,hit,False,60.0,0.0,169.0,0.0,1.0,0,0,0,340.0,170,2.8333333333333335,0.0,0.0,neurofeedback,Subject_003,Session_003
94,1,RIGHT,True,False,hit,False,740.0,30.0,217.9278350515464,30.0,0.9742268041237113,4,1,3,340.0,194,3.2333333333333334,0.0,0.0,neurofeedback,Subject_003,Session_003
95,1,RIGHT,True,False,hit,False,740.0,30.0,222.18324607329842,30.0,0.8115183246073299,13,3,10,340.0,382,6.366666666666666,72.0,1.2,neurofeedback,Subject_003,Session_003
96,1,RIGHT,False,False,wrong_paddle,False,60.0,710.0,447.96629213483146,312.0,0.3061797752808989,18,9,9,58.0,356,5.933333333333334,70.0,1.1666666666666667,neurofeedback,Subject_003,Session_003
97,1,RIGHT,True,False,hit,True,740.0,30.0,358.7826086956522,30.0,0.3695652173913043,19,19,0,340.0,460,7.666666666666667,290.0,4.833333333333333,neurofeedback,Subject_003,Session_003
98,0,LEFT,True,False,hit,False,60.0,0.0,165.44444444444446,0.0,1.0,4,0,4,340.0,180,3.0,0.0,0.0,neurofeedback,Subject_003,Session_003
99,1,RIGHT,True,False,hit,False,740.0,30.0,327.4873949579832,30.0,0.4726890756302521,37,28,9,340.0,476,7.933333333333334,104.0,1.7333333333333334,neurofeedback,Subject_003,Session_003
0,1,RIGHT,False,False,wrong_early,False,400.0,370.0,370.0,370.0,0.0,0,0,0,0.0,547,9.116666666666667,,,neurofeedback,Subject_004,ME
1,0,LEFT,False,False,wrong_paddle,True,740.0,680.0,546.6756756756756,342.0,0.0,28,28,0,0.0,370,6.166666666666667,,,neurofeedback,Subject_004,ME
2,1,RIGHT,False,False,close_strong_early,False,620.0,150.0,325.33670033670035,150.0,0.6952861952861953,38,7,31,220.0,594,9.9,0.0,0.0,neurofeedback,Subject_004,ME
3,1,RIGHT,False,False,close_weak_early,False,440.0,330.0,268.010101010101,156.0,0.9494949494949495,25,4,21,214.0,594,9.9,0.0,0.0,neurofeedback,Subject_004,ME
4,0,LEFT,False,False,wrong_paddle,False,740.0,680.0,529.6868686868687,342.0,0.0,4,4,0,0.0,198,3.3,,,neurofeedback,Subject_004,ME
5,0,LEFT,True,False,hit,False,60.0,0.0,246.88177339901478,0.0,0.7512315270935961,22,3,19,340.0,406,6.766666666666667,0.0,0.0,neurofeedback,Subject_004,ME
6,0,LEFT,True,False,hit,False,60.0,0.0,173.528,0.0,0.984,19,1,18,340.0,250,4.166666666666667,4.0,0.06666666666666667,neurofeedback,Subject_004,ME
7,0,LEFT,True,False,hit,False,60.0,0.0,309.5936073059361,0.0,0.4634703196347032,7,2,5,340.0,438,7.3,68.0,1.1333333333333333,neurofeedback,Subject_004,ME
8,1,RIGHT,True,False,hit,False,740.0,30.0,246.28,30.0,0.98,22,1,21,340.0,250,4.166666666666667,0.0,0.0,neurofeedback,Subject_004,ME
9,1,RIGHT,True,False,hit,False,740.0,30.0,194.3111111111111,30.0,1.0,4,0,4,340.0,180,3.0,0.0,0.0,neurofeedback,Subject_004,ME
10,0,LEFT,False,False,wrong_paddle,True,740.0,680.0,524.78125,342.0,0.0,20,20,0,0.0,256,4.266666666666667,,,neurofeedback,Subject_004,ME
11,0,LEFT,False,True,timeout_close_strong,False,210.0,150.0,306.4268907563025,50.0,0.5462184873949579,25,11,14,290.0,595,9.916666666666666,204.0,3.4,neurofeedback,Subject_004,ME
12,1,RIGHT,False,False,wrong_paddle,False,60.0,710.0,512.4579439252336,372.0,0.0,6,6,0,0.0,214,3.566666666666667,,,neurofeedback,Subject_004,ME
13,0,LEFT,True,False,hit,False,60.0,0.0,285.74131274131275,0.0,0.6138996138996139,26,12,14,340.0,518,8.633333333333333,0.0,0.0,neurofeedback,Subject_004,ME
14,0,LEFT,True,False,hit,False,60.0,0.0,222.63636363636363,0.0,0.9385026737967914,10,1,9,340.0,374,6.233333333333333,0.0,0.0,neurofeedback,Subject_004,ME
15,1,RIGHT,False,False,wrong_paddle,False,60.0,710.0,460.85714285714283,302.0,0.36038961038961037,16,10,6,68.0,308,5.133333333333334,0.0,0.0,neurofeedback,Subject_004,ME
16,1,RIGHT,False,False,wrong_paddle,False,60.0,710.0,454.6170212765957,274.0,0.3900709219858156,9,1,8,96.0,282,4.7,0.0,0.0,neurofeedback,Subject_004,ME
17,1,RIGHT,False,False,wrong_paddle,False,60.0,710.0,539.2666666666667,372.0,0.0,4,4,0,0.0,180,3.0,,,neurofeedback,Subject_004,ME
18,0,LEFT,False,False,wrong_paddle,False,740.0,680.0,508.0,342.0,0.0,2,2,0,0.0,176,2.933333333333333,,,neurofeedback,Subject_004,ME
19,1,RIGHT,False,False,wrong_paddle,False,120.0,650.0,396.30405405405406,204.0,0.4527027027027027,29,21,8,166.0,592,9.866666666666667,0.0,0.0,neurofeedback,Subject_004,ME
20,1,RIGHT,False,False,wrong_paddle,False,60.0,710.0,346.2313432835821,102.0,0.5802238805970149,20,7,13,268.0,536,8.933333333333334,42.0,0.7,neurofeedback,Subject_004,ME
21,1,RIGHT,False,False,wrong_paddle,False,60.0,710.0,567.7837837837837,372.0,0.0,12,12,0,0.0,296,4.933333333333334,,,neurofeedback,Subject_004,ME
22,0,LEFT,True,False,hit,False,60.0,0.0,290.4674556213018,0.0,0.5029585798816568,7,7,0,340.0,338,5.633333333333334,168.0,2.8,neurofeedback,Subject_004,ME
23,0,LEFT,False,False,wrong_early,True,496.0,436.0,448.54882154882154,290.0,0.08922558922558922,29,26,3,50.0,594,9.9,30.0,0.5,neurofeedback,Subject_004,ME
24,1,RIGHT,False,False,wrong_paddle,False,60.0,710.0,478.3333333333333,334.0,0.23863636363636365,17,10,7,36.0,264,4.4,0.0,0.0,neurofeedback,Subject_004,ME
25,1,RIGHT,False,False,wrong_paddle,False,60.0,710.0,529.7394957983194,372.0,0.0,10,10,0,0.0,238,3.966666666666667,,,neurofeedback,Subject_004,ME
26,0,LEFT,False,False,wrong_paddle,False,740.0,680.0,396.04237288135596,258.0,0.4067796610169492,19,3,16,82.0,472,7.866666666666666,0.0,0.0,neurofeedback,Subject_004,ME
27,1,RIGHT,True,False,hit,False,740.0,30.0,188.96129032258065,30.0,1.0,18,0,18,340.0,310,5.166666666666667,0.0,0.0,neurofeedback,Subject_004,ME
28,0,LEFT,False,False,wrong_paddle,False,740.0,680.0,522.2283464566929,342.0,0.0,10,10,0,0.0,254,4.233333333333333,,,neurofeedback,Subject_004,ME
29,0,LEFT,True,False,hit,False,60.0,0.0,245.10695187165774,0.0,0.6684491978609626,20,8,12,340.0,374,6.233333333333333,0.0,0.0,neurofeedback,Subject_004,ME
30,1,RIGHT,False,False,wrong_early,False,288.0,482.0,370.38047138047136,162.0,0.5016835016835017,16,4,12,208.0,594,9.9,0.0,0.0,neurofeedback,Subject_004,ME
31,1,RIGHT,False,False,wrong_early,False,322.0,448.0,214.20573355817876,32.0,0.9291736930860034,19,2,17,338.0,593,9.883333333333333,0.0,0.0,neurofeedback,Subject_004,ME
32,0,LEFT,False,True,timeout_wrong,True,400.0,340.0,395.81879194630875,198.0,0.348993288590604,44,24,20,142.0,596,9.933333333333334,20.0,0.3333333333333333,neurofeedback,Subject_004,ME
33,0,LEFT,False,False,wrong_paddle,True,740.0,680.0,511.1105527638191,342.0,0.0,18,18,0,0.0,398,6.633333333333334,,,neurofeedback,Subject_004,ME
34,1,RIGHT,True,False,hit,False,740.0,30.0,188.89595375722544,30.0,1.0,28,0,28,340.0,346,5.766666666666667,0.0,0.0,neurofeedback,Subject_004,ME
35,0,LEFT,True,False,hit,False,60.0,0.0,167.58585858585857,0.0,1.0,4,0,4,340.0,198,3.3,0.0,0.0,neurofeedback,Subject_004,ME
36,0,LEFT,True,False,hit,False,60.0,0.0,156.184,0.0,1.0,14,0,14,340.0,250,4.166666666666667,0.0,0.0,neurofeedback,Subject_004,ME
37,1,RIGHT,False,False,wrong_early,False,236.0,534.0,284.85858585858585,48.0,0.6683501683501684,45,24,21,322.0,594,9.9,0.0,0.0,neurofeedback,Subject_004,ME
38,1,RIGHT,False,False,wrong_paddle,False,60.0,710.0,389.4622641509434,212.0,0.5825471698113207,17,2,15,158.0,424,7.066666666666666,0.0,0.0,neurofeedback,Subject_004,ME
39,0,LEFT,True,False,hit,False,60.0,0.0,214.82758620689654,0.0,0.7974137931034483,7,4,3,340.0,232,3.8666666666666667,46.0,0.7666666666666667,neurofeedback,Subject_004,ME
40,1,RIGHT,True,False,hit,False,740.0,30.0,223.98013245033113,30.0,0.9867549668874173,19,1,18,340.0,302,5.033333333333333,4.0,0.06666666666666667,neurofeedback,Subject_004,ME
41,1,RIGHT,True,False,hit,False,740.0,30.0,206.46067415730337,30.0,0.9887640449438202,2,0,2,340.0,178,2.966666666666667,2.0,0.03333333333333333,neurofeedback,Subject_004,ME
42,0,LEFT,True,False,hit,False,60.0,0.0,226.18478260869566,0.0,0.8722826086956522,20,7,13,340.0,368,6.133333333333334,0.0,0.0,neurofeedback,Subject_004,ME
43,1,RIGHT,False,False,wrong_paddle,True,104.0,666.0,422.5353535353535,214.0,0.3838383838383838,42,30,12,156.0,594,9.9,18.0,0.3,neurofeedback,Subject_004,ME
44,1,RIGHT,True,False,hit,False,740.0,30.0,269.95757575757574,30.0,0.7787878787878788,16,3,13,340.0,330,5.5,2.0,0.03333333333333333,neurofeedback,Subject_004,ME
45,1,RIGHT,False,True,timeout_close_weak,False,502.0,268.0,190.54453781512606,40.0,1.0,21,0,21,330.0,595,9.916666666666666,0.0,0.0,neurofeedback,Subject_004,ME
46,0,LEFT,True,False,hit,False,60.0,0.0,258.59670781893004,0.0,0.7962962962962963,14,3,11,340.0,486,8.1,0.0,0.0,neurofeedback,Subject_004,ME
47,1,RIGHT,False,False,wrong_paddle,True,60.0,710.0,543.2521739130435,372.0,0.0,24,24,0,0.0,460,7.666666666666667,,,neurofeedback,Subject_004,ME
48,1,RIGHT,False,True,timeout_wrong,True,310.0,460.0,378.71932773109245,182.0,0.4235294117647059,45,27,18,188.0,595,9.916666666666666,0.0,0.0,neurofeedback,Subject_004,ME
49,0,LEFT,True,False,hit,False,60.0,0.0,208.33333333333334,0.0,1.0,10,0,10,340.0,354,5.9,0.0,0.0,neurofeedback,Subject_004,ME
50,0,LEFT,False,False,wrong_early,True,570.0,510.0,460.95446880269816,232.0,0.24451939291736932,22,17,5,108.0,593,9.883333333333333,0.0,0.0,neurofeedback,Subject_004,ME
51,0,LEFT,False,False,wrong_early,False,548.0,488.0,245.7027027027027,92.0,0.8547297297297297,11,1,10,248.0,592,9.866666666666667,0.0,0.0,neurofeedback,Subject_004,ME
52,0,LEFT,False,False,wrong_paddle,False,740.0,680.0,489.04918032786884,326.0,0.05327868852459016,6,5,1,14.0,244,4.066666666666666,4.0,0.06666666666666667,neurofeedback,Subject_004,ME
53,1,RIGHT,False,False,wrong_paddle,True,60.0,710.0,541.0774193548388,372.0,0.0,20,20,0,0.0,310,5.166666666666667,,,neurofeedback,Subject_004,ME
54,1,RIGHT,True,False,hit,False,740.0,30.0,191.22222222222223,30.0,1.0,4,0,4,340.0,180,3.0,0.0,0.0,neurofeedback,Subject_004,ME
55,0,LEFT,False,False,wrong_paddle,False,740.0,680.0,349.9125475285171,156.0,0.6159695817490495,23,3,20,184.0,526,8.766666666666667,0.0,0.0,neurofeedback,Subject_004,ME
56,1,RIGHT,False,True,timeout_close_strong,True,652.0,118.0,424.0268456375839,118.0,0.23993288590604026,25,22,3,252.0,596,9.933333333333334,270.0,4.5,neurofeedback,Subject_004,ME
57,0,LEFT,True,False,hit,False,60.0,0.0,171.27586206896552,0.0,1.0,2,0,2,340.0,174,2.9,0.0,0.0,neurofeedback,Subject_004,ME
58,0,LEFT,True,False,hit,False,60.0,0.0,203.42201834862385,0.0,0.9541284403669725,11,1,10,340.0,218,3.6333333333333333,10.0,0.16666666666666666,neurofeedback,Subject_004,ME
59,0,LEFT,False,False,wrong_early,False,444.0,384.0,310.37373737373736,158.0,0.5942760942760943,41,18,23,182.0,594,9.9,0.0,0.0,neurofeedback,Subject_004,ME
60,0,LEFT,False,False,wrong_paddle,True,658.0,598.0,502.0134907251265,342.0,0.0,41,41,0,0.0,593,9.883333333333333,,,neurofeedback,Subject_004,ME
61,0,LEFT,False,True,timeout_close_strong,False,210.0,150.0,287.05882352941177,44.0,0.6487394957983194,15,3,12,296.0,595,9.916666666666666,0.0,0.0,neurofeedback,Subject_004,ME
62,1,RIGHT,False,False,wrong_early,False,360.0,410.0,361.8821548821549,224.0,0.5016835016835017,41,31,10,146.0,594,9.9,34.0,0.5666666666666667,neurofeedback,Subject_004,ME
63,0,LEFT,True,False,hit,False,60.0,0.0,166.76576576576576,0.0,1.0,8,0,8,340.0,222,3.7,0.0,0.0,neurofeedback,Subject_004,ME
64,0,LEFT,False,True,timeout_close_strong,False,182.0,122.0,247.72436974789915,122.0,0.957983193277311,60,3,57,218.0,595,9.916666666666666,0.0,0.0,neurofeedback,Subject_004,ME
65,1,RIGHT,True,False,hit,False,740.0,30.0,230.63809523809525,30.0,0.9666666666666667,9,4,5,340.0,210,3.5,4.0,0.06666666666666667,neurofeedback,Subject_004,ME
66,0,LEFT,False,False,wrong_paddle,True,740.0,680.0,459.5874125874126,342.0,0.0,20,20,0,0.0,286,4.766666666666667,,,neurofeedback,Subject_004,ME
67,0,LEFT,True,False,hit,False,60.0,0.0,290.48325358851673,0.0,0.6172248803827751,19,5,14,340.0,418,6.966666666666667,160.0,2.6666666666666665,neurofeedback,Subject_004,ME
68,0,LEFT,True,False,hit,False,60.0,0.0,155.8080808080808,0.0,1.0,6,0,6,340.0,198,3.3,0.0,0.0,neurofeedback,Subject_004,ME
69,1,RIGHT,False,False,wrong_paddle,False,60.0,710.0,541.0,372.0,0.0,0,0,0,0.0,170,2.8333333333333335,,,neurofeedback,Subject_004,ME
70,1,RIGHT,False,False,wrong_paddle,True,60.0,710.0,555.2,372.0,0.0,34,34,0,0.0,400,6.666666666666667,,,neurofeedback,Subject_004,ME
71,1,RIGHT,True,False,hit,False,740.0,30.0,199.0,30.0,1.0,0,0,0,340.0,170,2.8333333333333335,0.0,0.0,neurofeedback,Subject_004,ME
72,0,LEFT,False,True,timeout_close_weak,True,350.0,290.0,445.8016806722689,244.0,0.173109243697479,48,39,9,96.0,595,9.916666666666666,492.0,8.2,neurofeedback,Subject_004,ME
73,1,RIGHT,False,False,wrong_paddle,False,60.0,710.0,541.0,372.0,0.0,0,0,0,0.0,170,2.8333333333333335,,,neurofeedback,Subject_004,ME
74,0,LEFT,True,False,hit,False,60.0,0.0,170.41284403669724,0.0,1.0,12,0,12,340.0,218,3.6333333333333333,0.0,0.0,neurofeedback,Subject_004,ME
75,1,RIGHT,False,False,wrong_paddle,False,60.0,710.0,554.7083333333334,372.0,0.0,8,8,0,0.0,192,3.2,,,neurofeedback,Subject_004,ME
76,1,RIGHT,False,False,wrong_paddle,False,60.0,710.0,452.4086956521739,240.0,0.40217391304347827,29,12,17,130.0,460,7.666666666666667,0.0,0.0,neurofeedback,Subject_004,ME
77,1,RIGHT,False,True,timeout_close_strong,True,624.0,146.0,441.13422818791946,146.0,0.19463087248322147,37,35,2,224.0,596,9.933333333333334,480.0,8.0,neurofeedback,Subject_004,ME
78,0,LEFT,False,True,timeout_wrong,False,414.0,354.0,276.05378151260504,116.0,0.6991596638655462,34,14,20,224.0,595,9.916666666666666,124.0,2.066666666666667,neurofeedback,Subject_004,ME
79,1,RIGHT,False,True,wrong_paddle,False,142.0,628.0,334.1708542713568,178.0,0.6934673366834171,37,11,26,192.0,597,9.95,0.0,0.0,neurofeedback,Subject_004,ME
80,1,RIGHT,False,False,wrong_paddle,True,60.0,710.0,547.2953020134228,368.0,0.006711409395973154,18,17,1,2.0,298,4.966666666666667,0.0,0.0,neurofeedback,Subject_004,ME
81,0,LEFT,False,False,wrong_paddle,False,740.0,680.0,410.0057142857143,202.0,0.4085714285714286,13,10,3,138.0,350,5.833333333333333,0.0,0.0,neurofeedback,Subject_004,ME
82,1,RIGHT,True,False,hit,False,740.0,30.0,185.48128342245988,30.0,0.9652406417112299,18,1,17,340.0,374,6.233333333333333,0.0,0.0,neurofeedback,Subject_004,ME
83,1,RIGHT,True,False,hit,False,740.0,30.0,243.66375545851528,30.0,0.9323144104803494,34,3,31,340.0,458,7.633333333333334,2.0,0.03333333333333333,neurofeedback,Subject_004,ME
84,0,LEFT,False,False,wrong_paddle,False,740.0,680.0,441.60526315789474,248.0,0.2993421052631579,11,10,1,92.0,304,5.066666666666666,0.0,0.0,neurofeedback,Subject_004,ME
85,1,RIGHT,True,False,hit,False,740.0,30.0,236.59016393442624,30.0,0.7786885245901639,7,5,2,340.0,244,4.066666666666666,54.0,0.9,neurofeedback,Subject_004,ME
86,0,LEFT,False,False,wrong_paddle,False,740.0,680.0,392.83185840707966,158.0,0.42035398230088494,15,11,4,182.0,452,7.533333333333333,2.0,0.03333333333333333,neurofeedback,Subject_004,ME
87,1,RIGHT,False,True,timeout_wrong,False,260.0,510.0,423.06711409395973,260.0,0.37919463087248323,19,7,12,110.0,596,9.933333333333334,0.0,0.0,neurofeedback,Subject_004,ME
88,0,LEFT,True,False,hit,False,60.0,0.0,237.79738562091504,0.0,0.8431372549019608,22,6,16,340.0,306,5.1,0.0,0.0,neurofeedback,Subject_004,ME
89,0,LEFT,False,False,wrong_paddle,False,740.0,680.0,511.0,342.0,0.0,0,0,0,0.0,170,2.8333333333333335,,,neurofeedback,Subject_004,ME
90,1,RIGHT,False,False,wrong_paddle,False,152.0,618.0,402.44781144781143,218.0,0.4612794612794613,33,13,20,152.0,594,9.9,32.0,0.5333333333333333,neurofeedback,Subject_004,ME
91,1,RIGHT,False,False,close_weak_early,False,442.0,328.0,346.0236087689713,50.0,0.5311973018549747,7,3,4,320.0,593,9.883333333333333,278.0,4.633333333333334,neurofeedback,Subject_004,ME
92,0,LEFT,True,False,hit,False,60.0,0.0,195.04580152671755,0.0,1.0,14,0,14,340.0,262,4.366666666666666,0.0,0.0,neurofeedback,Subject_004,ME
93,0,LEFT,False,False,wrong_paddle,False,740.0,680.0,511.0,342.0,0.0,0,0,0,0.0,170,2.8333333333333335,,,neurofeedback,Subject_004,ME
94,0,LEFT,False,False,wrong_paddle,False,740.0,680.0,499.0,342.0,0.0,8,8,0,0.0,236,3.933333333333333,,,neurofeedback,Subject_004,ME
95,0,LEFT,False,False,close_weak_early,False,378.0,318.0,264.01011804384484,132.0,0.9814502529510961,53,1,52,208.0,593,9.883333333333333,0.0,0.0,neurofeedback,Subject_004,ME
96,1,RIGHT,False,False,wrong_paddle,False,60.0,710.0,335.2923076923077,54.0,0.625,11,8,3,316.0,520,8.666666666666666,0.0,0.0,neurofeedback,Subject_004,ME
97,0,LEFT,True,False,hit,False,60.0,0.0,222.05084745762713,0.0,0.7203389830508474,7,7,0,340.0,236,3.933333333333333,66.0,1.1,neurofeedback,Subject_004,ME
98,1,RIGHT,False,False,wrong_paddle,True,60.0,710.0,527.5917602996254,320.0,0.12359550561797752,38,32,6,50.0,534,8.9,30.0,0.5,neurofeedback,Subject_004,ME
99,1,RIGHT,False,True,timeout_wrong,False,400.0,370.0,277.6241610738255,100.0,0.8036912751677853,32,5,27,270.0,596,9.933333333333334,116.0,1.9333333333333333,neurofeedback,Subject_004,ME
0,0,LEFT,False,False,wrong_early,False,400.0,340.0,340.0,340.0,0.0,0,0,0,0.0,554,9.233333333333333,,,neurofeedback,Subject_004,Session_001
1,0,LEFT,False,True,wrong_paddle,False,716.0,656.0,326.39799331103677,130.0,0.6220735785953178,9,1,8,210.0,598,9.966666666666667,0.0,0.0,neurofeedback,Subject_004,Session_001
2,0,LEFT,False,True,timeout_close_strong,False,202.0,142.0,318.78991596638656,98.0,0.5478991596638656,21,13,8,242.0,595,9.916666666666666,0.0,0.0,neurofeedback,Subject_004,Session_001
3,0,LEFT,False,False,close_weak_early,False,340.0,280.0,304.5151515151515,160.0,0.6986531986531986,49,15,34,180.0,594,9.9,0.0,0.0,neurofeedback,Subject_004,Session_001
4,0,LEFT,False,False,wrong_paddle,True,740.0,680.0,524.2582159624413,296.0,0.11502347417840375,23,20,3,44.0,426,7.1,0.0,0.0,neurofeedback,Subject_004,Session_001
5,0,LEFT,True,False,hit,False,60.0,0.0,228.83414634146342,0.0,0.8512195121951219,20,7,13,340.0,410,6.833333333333333,0.0,0.0,neurofeedback,Subject_004,Session_001
6,1,RIGHT,False,True,timeout_close_weak,True,562.0,208.0,413.3065326633166,208.0,0.20603015075376885,57,49,8,162.0,597,9.95,10.0,0.16666666666666666,neurofeedback,Subject_004,Session_001
7,0,LEFT,True,False,hit,False,60.0,0.0,164.57142857142858,0.0,1.0,8,0,8,340.0,196,3.2666666666666666,0.0,0.0,neurofeedback,Subject_004,Session_001
8,1,RIGHT,False,False,wrong_paddle,False,60.0,710.0,542.6781609195402,372.0,0.0,2,2,0,0.0,174,2.9,,,neurofeedback,Subject_004,Session_001
9,0,LEFT,False,False,wrong_paddle,False,740.0,680.0,504.26984126984127,282.0,0.18783068783068782,13,8,5,58.0,378,6.3,0.0,0.0,neurofeedback,Subject_004,Session_001
10,1,RIGHT,True,False,hit,False,740.0,30.0,231.23214285714286,30.0,1.0,8,0,8,340.0,224,3.7333333333333334,0.0,0.0,neurofeedback,Subject_004,Session_001
11,1,RIGHT,False,False,wrong_paddle,False,60.0,710.0,541.0,372.0,0.0,0,0,0,0.0,170,2.8333333333333335,,,neurofeedback,Subject_004,Session_001
12,0,LEFT,False,False,wrong_paddle,False,740.0,680.0,402.0660377358491,210.0,0.30424528301886794,15,14,1,130.0,424,7.066666666666666,0.0,0.0,neurofeedback,Subject_004,Session_001
13,1,RIGHT,False,False,wrong_paddle,False,178.0,592.0,255.23777403035413,58.0,0.8043844856661045,31,2,29,312.0,593,9.883333333333333,0.0,0.0,neurofeedback,Subject_004,Session_001
14,0,LEFT,False,False,wrong_paddle,False,740.0,680.0,554.1023622047244,342.0,0.0,4,4,0,0.0,254,4.233333333333333,,,neurofeedback,Subject_004,Session_001
15,1,RIGHT,True,False,hit,False,740.0,30.0,177.01092896174865,30.0,1.0,20,0,20,340.0,366,6.1,0.0,0.0,neurofeedback,Subject_004,Session_001
16,1,RIGHT,True,False,hit,False,740.0,30.0,199.0,30.0,1.0,0,0,0,340.0,170,2.8333333333333335,0.0,0.0,neurofeedback,Subject_004,Session_001
17,1,RIGHT,False,False,close_weak_early,False,480.0,290.0,316.86531986531986,144.0,0.7037037037037037,42,14,28,226.0,594,9.9,0.0,0.0,neurofeedback,Subject_004,Session_001
18,1,RIGHT,False,False,wrong_paddle,False,60.0,710.0,498.16814159292034,354.0,0.12389380530973451,8,6,2,16.0,226,3.7666666666666666,6.0,0.1,neurofeedback,Subject_004,Session_001
19,1,RIGHT,False,True,timeout_close_weak,True,446.0,324.0,385.1193277310924,268.0,0.4050420168067227,37,23,14,102.0,595,9.916666666666666,242.0,4.033333333333333,neurofeedback,Subject_004,Session_001
20,1,RIGHT,False,True,timeout_wrong,False,310.0,460.0,337.0991596638655,106.0,0.4890756302521008,29,18,11,264.0,595,9.916666666666666,86.0,1.4333333333333333,neurofeedback,Subject_004,Session_001
21,1,RIGHT,True,False,hit,False,740.0,30.0,202.22727272727272,30.0,1.0,10,0,10,340.0,264,4.4,0.0,0.0,neurofeedback,Subject_004,Session_001
22,0,LEFT,False,True,timeout_close_strong,False,96.0,36.0,249.8791946308725,36.0,0.8322147651006712,21,6,15,304.0,596,9.933333333333334,0.0,0.0,neurofeedback,Subject_004,Session_001
23,1,RIGHT,True,False,hit,False,740.0,30.0,198.04255319148936,30.0,1.0,2,0,2,340.0,188,3.1333333333333333,0.0,0.0,neurofeedback,Subject_004,Session_001
24,1,RIGHT,False,False,close_strong_early,False,656.0,114.0,354.9191919191919,114.0,0.45454545454545453,49,35,14,256.0,594,9.9,138.0,2.3,neurofeedback,Subject_004,Session_001
25,1,RIGHT,False,False,wrong_paddle,False,60.0,710.0,526.0909090909091,372.0,0.0,8,8,0,0.0,198,3.3,,,neurofeedback,Subject_004,Session_001
26,0,LEFT,True,False,hit,False,60.0,0.0,160.31632653061226,0.0,0.9438775510204082,19,2,17,340.0,392,6.533333333333333,0.0,0.0,neurofeedback,Subject_004,Session_001
27,0,LEFT,False,False,wrong_paddle,False,740.0,680.0,381.9201877934272,148.0,0.5046948356807511,15,6,9,192.0,426,7.1,0.0,0.0,neurofeedback,Subject_004,Session_001
28,1,RIGHT,False,False,close_weak_early,False,428.0,342.0,432.4074074074074,162.0,0.3720538720538721,11,10,1,208.0,594,9.9,24.0,0.4,neurofeedback,Subject_004,Session_001
29,0,LEFT,False,False,wrong_paddle,False,740.0,680.0,511.0,342.0,0.0,0,0,0,0.0,170,2.8333333333333335,,,neurofeedback,Subject_004,Session_001
30,1,RIGHT,False,False,close_strong_early,False,716.0,54.0,289.52702702702703,54.0,0.6841216216216216,40,13,27,316.0,592,9.866666666666667,0.0,0.0,neurofeedback,Subject_004,Session_001
31,0,LEFT,True,False,hit,False,60.0,0.0,277.07253886010363,0.0,0.5181347150259067,17,11,6,340.0,386,6.433333333333334,186.0,3.1,neurofeedback,Subject_004,Session_001
32,0,LEFT,True,False,hit,False,60.0,0.0,155.03773584905662,0.0,1.0,6,0,6,340.0,212,3.533333333333333,0.0,0.0,neurofeedback,Subject_004,Session_001
33,0,LEFT,True,False,hit,False,60.0,0.0,187.8217054263566,0.0,1.0,18,0,18,340.0,516,8.6,0.0,0.0,neurofeedback,Subject_004,Session_001
34,0,LEFT,False,False,wrong_early,False,452.0,392.0,340.6026936026936,184.0,0.4764309764309764,24,15,9,156.0,594,9.9,16.0,0.26666666666666666,neurofeedback,Subject_004,Session_001
35,0,LEFT,True,False,hit,False,60.0,0.0,293.03592814371257,0.0,0.5089820359281437,5,5,0,340.0,334,5.566666666666666,164.0,2.7333333333333334,neurofeedback,Subject_004,Session_001
36,1,RIGHT,False,False,wrong_paddle,False,60.0,710.0,541.0,372.0,0.0,0,0,0,0.0,170,2.8333333333333335,,,neurofeedback,Subject_004,Session_001
37,1,RIGHT,False,False,wrong_paddle,False,60.0,710.0,541.0,372.0,0.0,0,0,0,0.0,170,2.8333333333333335,,,neurofeedback,Subject_004,Session_001
38,0,LEFT,True,False,hit,False,60.0,0.0,169.0,0.0,1.0,0,0,0,340.0,170,2.8333333333333335,0.0,0.0,neurofeedback,Subject_004,Session_001
39,1,RIGHT,False,False,wrong_paddle,False,60.0,710.0,541.0,372.0,0.0,0,0,0,0.0,170,2.8333333333333335,,,neurofeedback,Subject_004,Session_001
40,1,RIGHT,False,False,wrong_early,True,364.0,406.0,461.9932432432432,216.0,0.2652027027027027,28,25,3,154.0,592,9.866666666666667,30.0,0.5,neurofeedback,Subject_004,Session_001
41,0,LEFT,False,False,wrong_paddle,False,740.0,680.0,503.46153846153845,342.0,0.0,8,8,0,0.0,208,3.466666666666667,,,neurofeedback,Subject_004,Session_001
42,0,LEFT,False,False,wrong_paddle,False,740.0,680.0,489.2894736842105,342.0,0.0,14,14,0,0.0,304,5.066666666666666,,,neurofeedback,Subject_004,Session_001
43,1,RIGHT,True,False,hit,False,740.0,30.0,199.0,30.0,1.0,0,0,0,340.0,170,2.8333333333333335,0.0,0.0,neurofeedback,Subject_004,Session_001
44,1,RIGHT,True,False,hit,False,740.0,30.0,160.97435897435898,30.0,1.0,6,0,6,340.0,312,5.2,0.0,0.0,neurofeedback,Subject_004,Session_001
45,0,LEFT,True,False,hit,False,60.0,0.0,169.0,0.0,1.0,0,0,0,340.0,170,2.8333333333333335,0.0,0.0,neurofeedback,Subject_004,Session_001
46,1,RIGHT,False,False,wrong_paddle,False,60.0,710.0,515.9719626168225,372.0,0.0,10,10,0,0.0,214,3.566666666666667,,,neurofeedback,Subject_004,Session_001
47,0,LEFT,True,False,hit,False,60.0,0.0,319.1170212765957,0.0,0.4521276595744681,1,1,0,340.0,376,6.266666666666667,206.0,3.433333333333333,neurofeedback,Subject_004,Session_001
48,1,RIGHT,False,False,wrong_paddle,False,60.0,710.0,541.0,372.0,0.0,0,0,0,0.0,170,2.8333333333333335,,,neurofeedback,Subject_004,Session_001
49,1,RIGHT,False,False,wrong_paddle,False,60.0,710.0,541.0,372.0,0.0,0,0,0,0.0,170,2.8333333333333335,,,neurofeedback,Subject_004,Session_001
50,1,RIGHT,False,False,wrong_paddle,False,60.0,710.0,541.0,372.0,0.0,0,0,0,0.0,170,2.8333333333333335,,,neurofeedback,Subject_004,Session_001
51,0,LEFT,True,False,hit,False,60.0,0.0,159.72164948453607,0.0,1.0,4,0,4,340.0,194,3.2333333333333334,0.0,0.0,neurofeedback,Subject_004,Session_001
52,0,LEFT,True,False,hit,False,60.0,0.0,169.0,0.0,1.0,0,0,0,340.0,170,2.8333333333333335,0.0,0.0,neurofeedback,Subject_004,Session_001
53,0,LEFT,True,False,hit,False,60.0,0.0,208.22222222222223,0.0,1.0,14,0,14,340.0,252,4.2,0.0,0.0,neurofeedback,Subject_004,Session_001
54,0,LEFT,True,False,hit,False,60.0,0.0,155.21052631578948,0.0,1.0,2,0,2,340.0,190,3.1666666666666665,0.0,0.0,neurofeedback,Subject_004,Session_001
55,0,LEFT,False,False,wrong_early,False,552.0,492.0,376.3333333333333,128.0,0.4713804713804714,27,11,16,212.0,594,9.9,0.0,0.0,neurofeedback,Subject_004,Session_001
56,1,RIGHT,True,False,hit,False,740.0,30.0,197.12765957446808,30.0,1.0,6,0,6,340.0,188,3.1333333333333333,0.0,0.0,neurofeedback,Subject_004,Session_001
57,1,RIGHT,False,False,wrong_paddle,False,60.0,710.0,529.0175438596491,372.0,0.0,10,10,0,0.0,228,3.8,,,neurofeedback,Subject_004,Session_001
58,0,LEFT,False,False,wrong_early,True,538.0,478.0,493.23857868020303,316.0,0.04568527918781726,30,27,3,24.0,591,9.85,0.0,0.0,neurofeedback,Subject_004,Session_001
59,1,RIGHT,False,False,wrong_paddle,False,60.0,710.0,450.1666666666667,240.0,0.3619791666666667,18,13,5,130.0,384,6.4,12.0,0.2,neurofeedback,Subject_004,Session_001
60,0,LEFT,False,False,close_weak_early,False,300.0,240.0,276.0067567567568,122.0,0.8766891891891891,62,3,59,218.0,592,9.866666666666667,0.0,0.0,neurofeedback,Subject_004,Session_001
61,1,RIGHT,False,False,wrong_paddle,True,60.0,710.0,493.8785046728972,372.0,0.0,24,24,0,0.0,428,7.133333333333334,,,neurofeedback,Subject_004,Session_001
62,1,RIGHT,True,False,hit,False,740.0,30.0,361.3125,30.0,0.44642857142857145,15,5,10,340.0,448,7.466666666666667,248.0,4.133333333333334,neurofeedback,Subject_004,Session_001
63,0,LEFT,False,False,wrong_paddle,False,740.0,680.0,514.5632183908046,342.0,0.0,2,2,0,0.0,174,2.9,,,neurofeedback,Subject_004,Session_001
64,1,RIGHT,False,True,timeout_close_strong,False,598.0,172.0,360.10420168067225,172.0,0.5277310924369748,49,24,25,198.0,595,9.916666666666666,28.0,0.4666666666666667,neurofeedback,Subject_004,Session_001
65,0,LEFT,False,False,wrong_paddle,False,740.0,680.0,523.1123595505618,342.0,0.0,14,14,0,0.0,356,5.933333333333334,,,neurofeedback,Subject_004,Session_001
66,1,RIGHT,True,False,hit,False,740.0,30.0,199.7391304347826,30.0,1.0,6,0,6,340.0,184,3.066666666666667,0.0,0.0,neurofeedback,Subject_004,Session_001
67,0,LEFT,True,False,hit,False,60.0,0.0,176.61061946902655,0.0,1.0,6,0,6,340.0,226,3.7666666666666666,0.0,0.0,neurofeedback,Subject_004,Session_001
68,1,RIGHT,False,False,wrong_paddle,False,60.0,710.0,538.2783505154639,372.0,0.0,6,6,0,0.0,194,3.2333333333333334,,,neurofeedback,Subject_004,Session_001
69,1,RIGHT,True,False,hit,False,740.0,30.0,197.44897959183675,30.0,1.0,10,0,10,340.0,196,3.2666666666666666,0.0,0.0,neurofeedback,Subject_004,Session_001
70,0,LEFT,False,False,close_strong_early,False,194.0,134.0,264.47554806070826,90.0,0.6795952782462057,46,5,41,250.0,593,9.883333333333333,190.0,3.1666666666666665,neurofeedback,Subject_004,Session_001
71,1,RIGHT,True,False,hit,True,740.0,30.0,370.1185185185185,30.0,0.43703703703703706,28,22,6,340.0,540,9.0,0.0,0.0,neurofeedback,Subject_004,Session_001
72,0,LEFT,False,False,wrong_paddle,True,740.0,680.0,474.6069868995633,274.0,0.14192139737991266,25,24,1,66.0,458,7.633333333333334,0.0,0.0,neurofeedback,Subject_004,Session_001
73,0,LEFT,False,False,wrong_paddle,True,740.0,680.0,532.2,342.0,0.0,22,22,0,0.0,260,4.333333333333333,,,neurofeedback,Subject_004,Session_001
74,0,LEFT,False,False,wrong_paddle,False,740.0,680.0,429.5442176870748,274.0,0.3979591836734694,13,2,11,66.0,294,4.9,0.0,0.0,neurofeedback,Subject_004,Session_001
75,1,RIGHT,False,True,timeout_wrong,False,350.0,420.0,375.45882352941175,226.0,0.5563025210084034,32,13,19,144.0,595,9.916666666666666,0.0,0.0,neurofeedback,Subject_004,Session_001
76,0,LEFT,False,False,wrong_paddle,True,740.0,680.0,398.7905405405405,264.0,0.3581081081081081,39,19,20,76.0,592,9.866666666666667,0.0,0.0,neurofeedback,Subject_004,Session_001
77,1,RIGHT,False,False,wrong_paddle,True,110.0,660.0,545.9864636209813,372.0,0.0,62,62,0,0.0,591,9.85,,,neurofeedback,Subject_004,Session_001
78,0,LEFT,False,False,close_weak_early,True,378.0,318.0,377.7639123102867,248.0,0.33389544688026984,27,15,12,92.0,593,9.883333333333333,0.0,0.0,neurofeedback,Subject_004,Session_001
79,1,RIGHT,True,False,hit,False,740.0,30.0,205.16363636363636,30.0,0.9590909090909091,9,3,6,340.0,220,3.6666666666666665,0.0,0.0,neurofeedback,Subject_004,Session_001
80,1,RIGHT,False,False,wrong_paddle,False,60.0,710.0,488.703125,318.0,0.23046875,11,6,5,52.0,256,4.266666666666667,0.0,0.0,neurofeedback,Subject_004,Session_001
81,0,LEFT,True,False,hit,False,60.0,0.0,169.0,0.0,1.0,0,0,0,340.0,170,2.8333333333333335,0.0,0.0,neurofeedback,Subject_004,Session_001
82,0,LEFT,False,False,wrong_paddle,True,740.0,680.0,518.4509803921569,322.0,0.09477124183006536,21,16,5,18.0,306,5.1,0.0,0.0,neurofeedback,Subject_004,Session_001
83,1,RIGHT,True,False,hit,False,740.0,30.0,183.6206896551724,30.0,1.0,46,0,46,340.0,580,9.666666666666666,0.0,0.0,neurofeedback,Subject_004,Session_001
84,0,LEFT,True,False,hit,False,60.0,0.0,330.48920863309354,0.0,0.5269784172661871,26,7,19,340.0,556,9.266666666666667,0.0,0.0,neurofeedback,Subject_004,Session_001
85,1,RIGHT,False,False,wrong_paddle,False,60.0,710.0,456.94160583941607,274.0,0.3759124087591241,5,0,5,96.0,274,4.566666666666666,0.0,0.0,neurofeedback,Subject_004,Session_001
86,0,LEFT,False,False,close_strong_early,False,210.0,150.0,124.13827993254637,22.0,1.0,53,0,53,318.0,593,9.883333333333333,0.0,0.0,neurofeedback,Subject_004,Session_001
87,0,LEFT,False,False,close_strong_early,False,128.0,68.0,228.7037037037037,26.0,0.7895622895622896,14,7,7,314.0,594,9.9,0.0,0.0,neurofeedback,Subject_004,Session_001
88,1,RIGHT,False,False,close_strong_early,False,702.0,68.0,363.74619289340103,60.0,0.5160744500846024,29,4,25,310.0,591,9.85,0.0,0.0,neurofeedback,Subject_004,Session_001
89,0,LEFT,False,False,close_weak_early,False,304.0,244.0,334.09090909090907,224.0,0.49326599326599324,32,27,5,116.0,594,9.9,0.0,0.0,neurofeedback,Subject_004,Session_001
90,0,LEFT,True,False,hit,False,60.0,0.0,189.77083333333334,0.0,0.8854166666666666,3,3,0,340.0,192,3.2,22.0,0.36666666666666664,neurofeedback,Subject_004,Session_001
91,1,RIGHT,False,False,wrong_paddle,False,60.0,710.0,521.84,362.0,0.07,11,7,4,8.0,200,3.3333333333333335,0.0,0.0,neurofeedback,Subject_004,Session_001
92,1,RIGHT,False,False,close_weak_early,False,542.0,228.0,328.86971235194585,186.0,0.6903553299492385,31,2,29,184.0,591,9.85,24.0,0.4,neurofeedback,Subject_004,Session_001
93,1,RIGHT,True,False,hit,False,740.0,30.0,201.9655172413793,30.0,1.0,2,0,2,340.0,174,2.9,0.0,0.0,neurofeedback,Subject_004,Session_001
94,0,LEFT,True,False,hit,False,60.0,0.0,187.44303797468353,0.0,0.9810126582278481,9,1,8,340.0,316,5.266666666666667,6.0,0.1,neurofeedback,Subject_004,Session_001
95,1,RIGHT,True,False,hit,False,740.0,30.0,226.76859504132233,30.0,1.0,6,0,6,340.0,242,4.033333333333333,0.0,0.0,neurofeedback,Subject_004,Session_001
96,1,RIGHT,False,False,wrong_paddle,False,92.0,678.0,341.2162162162162,44.0,0.5557432432432432,15,12,3,326.0,592,9.866666666666667,0.0,0.0,neurofeedback,Subject_004,Session_001
97,0,LEFT,False,False,wrong_paddle,False,740.0,680.0,511.0,342.0,0.0,0,0,0,0.0,170,2.8333333333333335,,,neurofeedback,Subject_004,Session_001
98,0,LEFT,False,False,wrong_paddle,False,740.0,680.0,460.8135593220339,298.0,0.25,9,2,7,42.0,236,3.933333333333333,0.0,0.0,neurofeedback,Subject_004,Session_001
99,1,RIGHT,True,False,hit,False,740.0,30.0,199.0,30.0,1.0,0,0,0,340.0,170,2.8333333333333335,0.0,0.0,neurofeedback,Subject_004,Session_001
100,0,LEFT,False,False,wrong_paddle,False,740.0,680.0,511.0,342.0,0.0,0,0,0,0.0,170,2.8333333333333335,,,neurofeedback,Subject_004,Session_001
101,1,RIGHT,True,False,hit,False,740.0,30.0,160.6030534351145,30.0,1.0,16,0,16,340.0,262,4.366666666666666,0.0,0.0,neurofeedback,Subject_004,Session_001
102,0,LEFT,False,False,close_weak_early,True,292.0,232.0,401.3703703703704,232.0,0.2676767676767677,26,19,7,108.0,594,9.9,0.0,0.0,neurofeedback,Subject_004,Session_001
103,0,LEFT,False,False,wrong_paddle,False,740.0,680.0,512.5619047619048,342.0,0.0,8,8,0,0.0,210,3.5,,,neurofeedback,Subject_004,Session_001
104,1,RIGHT,False,False,wrong_paddle,True,60.0,710.0,556.6891891891892,372.0,0.0,28,28,0,0.0,296,4.933333333333334,,,neurofeedback,Subject_004,Session_001
105,0,LEFT,False,False,wrong_paddle,False,740.0,680.0,376.4529147982063,134.0,0.5044843049327354,23,12,11,206.0,446,7.433333333333334,0.0,0.0,neurofeedback,Subject_004,Session_001
106,0,LEFT,False,False,wrong_paddle,False,740.0,680.0,435.43971631205676,284.0,0.30851063829787234,10,3,7,56.0,282,4.7,20.0,0.3333333333333333,neurofeedback,Subject_004,Session_001
107,0,LEFT,False,False,close_strong_early,False,158.0,98.0,319.8849407783418,68.0,0.5516074450084603,36,17,19,272.0,591,9.85,0.0,0.0,neurofeedback,Subject_004,Session_001
108,0,LEFT,True,False,hit,False,60.0,0.0,214.1937172774869,0.0,1.0,22,0,22,340.0,382,6.366666666666666,0.0,0.0,neurofeedback,Subject_004,Session_001
109,1,RIGHT,False,False,wrong_early,True,296.0,474.0,417.55218855218857,252.0,0.34175084175084175,35,18,17,118.0,594,9.9,236.0,3.933333333333333,neurofeedback,Subject_004,Session_001
110,0,LEFT,True,False,hit,False,60.0,0.0,224.38805970149255,0.0,0.7313432835820896,11,3,8,340.0,268,4.466666666666667,72.0,1.2,neurofeedback,Subject_004,Session_001
111,1,RIGHT,True,False,hit,False,740.0,30.0,220.20408163265307,30.0,1.0,6,0,6,340.0,196,3.2666666666666666,0.0,0.0,neurofeedback,Subject_004,Session_001
112,1,RIGHT,True,False,hit,False,740.0,30.0,196.0909090909091,30.0,1.0,6,0,6,340.0,198,3.3,0.0,0.0,neurofeedback,Subject_004,Session_001
113,1,RIGHT,True,False,hit,False,740.0,30.0,215.3125,30.0,1.0,6,0,6,340.0,192,3.2,0.0,0.0,neurofeedback,Subject_004,Session_001
114,1,RIGHT,False,False,wrong_paddle,True,60.0,710.0,502.2509090909091,352.0,0.06909090909090909,32,28,4,18.0,550,9.166666666666666,134.0,2.2333333333333334,neurofeedback,Subject_004,Session_001
115,1,RIGHT,False,False,wrong_paddle,False,60.0,710.0,435.06666666666666,230.0,0.3972222222222222,11,8,3,140.0,360,6.0,0.0,0.0,neurofeedback,Subject_004,Session_001
116,0,LEFT,True,False,hit,False,60.0,0.0,193.45045045045046,0.0,0.8378378378378378,9,3,6,340.0,222,3.7,36.0,0.6,neurofeedback,Subject_004,Session_001
117,1,RIGHT,True,False,hit,False,740.0,30.0,294.3738317757009,30.0,0.719626168224299,8,6,2,340.0,428,7.133333333333334,0.0,0.0,neurofeedback,Subject_004,Session_001
118,1,RIGHT,False,False,close_weak_early,False,492.0,278.0,320.9057239057239,132.0,0.6868686868686869,18,4,14,238.0,594,9.9,0.0,0.0,neurofeedback,Subject_004,Session_001
119,0,LEFT,False,False,wrong_paddle,False,740.0,680.0,511.0,342.0,0.0,0,0,0,0.0,170,2.8333333333333335,,,neurofeedback,Subject_004,Session_001
120,1,RIGHT,False,False,wrong_paddle,True,60.0,710.0,528.0370370370371,372.0,0.0,24,24,0,0.0,324,5.4,,,neurofeedback,Subject_004,Session_001
121,1,RIGHT,False,False,wrong_early,False,328.0,442.0,283.9016949152542,72.0,0.764406779661017,18,3,15,298.0,590,9.833333333333334,102.0,1.7,neurofeedback,Subject_004,Session_001
122,0,LEFT,True,False,hit,True,60.0,0.0,362.2762645914397,0.0,0.3852140077821012,25,23,2,340.0,514,8.566666666666666,316.0,5.266666666666667,neurofeedback,Subject_004,Session_001
123,0,LEFT,False,False,wrong_paddle,False,740.0,680.0,509.4130434782609,342.0,0.0,4,4,0,0.0,184,3.066666666666667,,,neurofeedback,Subject_004,Session_001
124,1,RIGHT,True,False,hit,False,740.0,30.0,205.19354838709677,30.0,1.0,8,0,8,340.0,186,3.1,0.0,0.0,neurofeedback,Subject_004,Session_001
125,1,RIGHT,True,False,hit,False,740.0,30.0,199.0,30.0,1.0,0,0,0,340.0,170,2.8333333333333335,0.0,0.0,neurofeedback,Subject_004,Session_001
126,0,LEFT,False,False,wrong_paddle,False,740.0,680.0,511.0,342.0,0.0,0,0,0,0.0,170,2.8333333333333335,,,neurofeedback,Subject_004,Session_001
127,0,LEFT,False,False,wrong_paddle,False,740.0,680.0,511.0,342.0,0.0,0,0,0,0.0,170,2.8333333333333335,,,neurofeedback,Subject_004,Session_001
128,1,RIGHT,True,False,hit,False,740.0,30.0,199.0,30.0,1.0,0,0,0,340.0,170,2.8333333333333335,0.0,0.0,neurofeedback,Subject_004,Session_001
129,0,LEFT,False,False,wrong_paddle,True,740.0,680.0,546.2528735632184,342.0,0.0,18,18,0,0.0,348,5.8,,,neurofeedback,Subject_004,Session_001
130,0,LEFT,False,False,close_weak_early,False,338.0,278.0,310.97123519458546,150.0,0.5549915397631133,33,20,13,190.0,591,9.85,28.0,0.4666666666666667,neurofeedback,Subject_004,Session_001
131,1,RIGHT,True,False,hit,False,740.0,30.0,191.80898876404495,30.0,1.0,4,0,4,340.0,178,2.966666666666667,0.0,0.0,neurofeedback,Subject_004,Session_001
132,0,LEFT,False,False,close_strong_early,False,150.0,90.0,234.7140439932318,84.0,0.8646362098138748,39,8,31,256.0,591,9.85,0.0,0.0,neurofeedback,Subject_004,Session_001
133,0,LEFT,True,False,hit,False,60.0,0.0,299.5,0.0,0.4941860465116279,1,1,0,340.0,344,5.733333333333333,174.0,2.9,neurofeedback,Subject_004,Session_001
134,1,RIGHT,False,False,wrong_paddle,False,60.0,710.0,541.0,372.0,0.0,0,0,0,0.0,170,2.8333333333333335,,,neurofeedback,Subject_004,Session_001
135,1,RIGHT,False,False,wrong_paddle,False,60.0,710.0,541.0,372.0,0.0,0,0,0,0.0,170,2.8333333333333335,,,neurofeedback,Subject_004,Session_001
136,1,RIGHT,False,False,wrong_paddle,False,60.0,710.0,541.0,372.0,0.0,0,0,0,0.0,170,2.8333333333333335,,,neurofeedback,Subject_004,Session_001
137,0,LEFT,True,False,hit,False,60.0,0.0,169.0,0.0,1.0,0,0,0,340.0,170,2.8333333333333335,0.0,0.0,neurofeedback,Subject_004,Session_001
138,1,RIGHT,False,False,wrong_paddle,False,60.0,710.0,541.0,372.0,0.0,0,0,0,0.0,170,2.8333333333333335,,,neurofeedback,Subject_004,Session_001
139,0,LEFT,False,False,wrong_paddle,True,740.0,680.0,504.19736842105266,324.0,0.06907894736842106,23,20,3,16.0,304,5.066666666666666,2.0,0.03333333333333333,neurofeedback,Subject_004,Session_001
140,1,RIGHT,False,False,wrong_paddle,False,60.0,710.0,509.7278911564626,316.0,0.09693877551020408,8,5,3,54.0,588,9.8,270.0,4.5,neurofeedback,Subject_004,Session_001
141,0,LEFT,False,False,wrong_paddle,True,740.0,680.0,517.5989304812834,342.0,0.0,16,16,0,0.0,374,6.233333333333333,,,neurofeedback,Subject_004,Session_001
142,1,RIGHT,True,False,hit,False,740.0,30.0,202.97701149425288,30.0,0.9770114942528736,1,1,0,340.0,174,2.9,4.0,0.06666666666666667,neurofeedback,Subject_004,Session_001
143,0,LEFT,False,False,wrong_paddle,False,740.0,680.0,511.0,342.0,0.0,0,0,0,0.0,170,2.8333333333333335,,,neurofeedback,Subject_004,Session_001
144,1,RIGHT,False,False,wrong_paddle,False,60.0,710.0,492.2701421800948,304.0,0.24170616113744076,15,9,6,66.0,422,7.033333333333333,0.0,0.0,neurofeedback,Subject_004,Session_001
145,1,RIGHT,False,False,wrong_paddle,False,60.0,710.0,437.94117647058823,238.0,0.42810457516339867,3,2,1,132.0,306,5.1,0.0,0.0,neurofeedback,Subject_004,Session_001
146,1,RIGHT,False,False,wrong_early,True,256.0,514.0,367.6621621621622,148.0,0.4189189189189189,34,26,8,222.0,592,9.866666666666667,228.0,3.8,neurofeedback,Subject_004,Session_001
147,0,LEFT,False,False,wrong_paddle,True,740.0,680.0,507.3484848484849,342.0,0.0,18,18,0,0.0,264,4.4,,,neurofeedback,Subject_004,Session_001
148,0,LEFT,False,False,wrong_paddle,False,740.0,680.0,511.0,342.0,0.0,0,0,0,0.0,170,2.8333333333333335,,,neurofeedback,Subject_004,Session_001
149,0,LEFT,False,False,wrong_paddle,True,740.0,680.0,498.7163120567376,342.0,0.0,38,38,0,0.0,564,9.4,,,neurofeedback,Subject_004,Session_001
150,1,RIGHT,False,False,close_weak_early,False,564.0,206.0,385.71380471380473,134.0,0.46464646464646464,19,1,18,236.0,594,9.9,318.0,5.3,neurofeedback,Subject_004,Session_001
151,0,LEFT,False,False,wrong_paddle,False,740.0,680.0,433.67836257309943,302.0,0.20760233918128654,20,7,13,38.0,342,5.7,96.0,1.6,neurofeedback,Subject_004,Session_001
152,0,LEFT,False,False,wrong_paddle,False,740.0,680.0,511.0,342.0,0.0,0,0,0,0.0,170,2.8333333333333335,,,neurofeedback,Subject_004,Session_001
153,0,LEFT,False,False,wrong_paddle,True,740.0,680.0,468.8326359832636,274.0,0.15271966527196654,35,30,5,66.0,478,7.966666666666667,0.0,0.0,neurofeedback,Subject_004,Session_001
154,1,RIGHT,False,False,wrong_paddle,False,60.0,710.0,455.55128205128204,302.0,0.30448717948717946,10,3,7,68.0,312,5.2,46.0,0.7666666666666667,neurofeedback,Subject_004,Session_001
155,1,RIGHT,False,False,wrong_paddle,False,60.0,710.0,444.46666666666664,248.0,0.4166666666666667,5,2,3,122.0,300,5.0,0.0,0.0,neurofeedback,Subject_004,Session_001
156,0,LEFT,True,False,hit,False,60.0,0.0,144.87878787878788,0.0,1.0,20,0,20,340.0,330,5.5,0.0,0.0,neurofeedback,Subject_004,Session_001
157,1,RIGHT,False,False,close_weak_early,False,574.0,196.0,337.4517766497462,110.0,0.467005076142132,48,32,16,260.0,591,9.85,84.0,1.4,neurofeedback,Subject_004,Session_001
158,0,LEFT,False,False,wrong_early,False,458.0,398.0,400.59560067681895,240.0,0.2436548223350254,21,13,8,100.0,591,9.85,56.0,0.9333333333333333,neurofeedback,Subject_004,Session_001
159,1,RIGHT,False,False,wrong_paddle,True,60.0,710.0,583.1318681318681,372.0,0.0,20,20,0,0.0,364,6.066666666666666,,,neurofeedback,Subject_004,Session_001
160,1,RIGHT,False,False,wrong_paddle,False,60.0,710.0,488.6695652173913,314.0,0.2565217391304348,3,0,3,56.0,230,3.8333333333333335,0.0,0.0,neurofeedback,Subject_004,Session_001
161,0,LEFT,False,False,wrong_early,False,442.0,382.0,183.55517826825127,30.0,0.9626485568760611,13,0,13,310.0,589,9.816666666666666,0.0,0.0,neurofeedback,Subject_004,Session_001
162,0,LEFT,False,False,wrong_paddle,False,740.0,680.0,516.25,342.0,0.0,2,2,0,0.0,176,2.933333333333333,,,neurofeedback,Subject_004,Session_001
163,0,LEFT,False,False,wrong_paddle,False,740.0,680.0,511.0,342.0,0.0,0,0,0,0.0,170,2.8333333333333335,,,neurofeedback,Subject_004,Session_001
164,1,RIGHT,True,False,hit,False,740.0,30.0,208.47826086956522,30.0,1.0,4,0,4,340.0,184,3.066666666666667,0.0,0.0,neurofeedback,Subject_004,Session_001
165,1,RIGHT,True,False,hit,False,740.0,30.0,199.0,30.0,1.0,0,0,0,340.0,170,2.8333333333333335,0.0,0.0,neurofeedback,Subject_004,Session_001
166,0,LEFT,False,False,wrong_paddle,False,740.0,680.0,511.0,342.0,0.0,0,0,0,0.0,170,2.8333333333333335,,,neurofeedback,Subject_004,Session_001
167,1,RIGHT,True,False,hit,False,740.0,30.0,245.04724409448818,30.0,0.7559055118110236,11,5,6,340.0,254,4.233333333333333,62.0,1.0333333333333334,neurofeedback,Subject_004,Session_001
168,0,LEFT,False,False,close_strong_early,False,210.0,150.0,245.94567062818336,98.0,0.8387096774193549,54,7,47,242.0,589,9.816666666666666,0.0,0.0,neurofeedback,Subject_004,Session_001
169,1,RIGHT,False,False,wrong_early,True,374.0,396.0,429.4804753820034,286.0,0.35144312393887944,42,23,19,84.0,589,9.816666666666666,10.0,0.16666666666666666,neurofeedback,Subject_004,Session_001
170,0,LEFT,False,False,wrong_paddle,False,740.0,680.0,511.0,342.0,0.0,0,0,0,0.0,170,2.8333333333333335,,,neurofeedback,Subject_004,Session_001
171,0,LEFT,True,False,hit,False,60.0,0.0,282.04294478527606,0.0,0.5398773006134969,5,3,2,340.0,326,5.433333333333334,150.0,2.5,neurofeedback,Subject_004,Session_001
172,1,RIGHT,False,False,wrong_paddle,False,60.0,710.0,507.9622641509434,350.0,0.10849056603773585,7,4,3,20.0,212,3.533333333333333,0.0,0.0,neurofeedback,Subject_004,Session_001
173,0,LEFT,True,False,hit,False,60.0,0.0,169.0,0.0,1.0,0,0,0,340.0,170,2.8333333333333335,0.0,0.0,neurofeedback,Subject_004,Session_001
174,1,RIGHT,False,False,wrong_paddle,False,60.0,710.0,541.0,372.0,0.0,0,0,0,0.0,170,2.8333333333333335,,,neurofeedback,Subject_004,Session_001
175,1,RIGHT,False,False,wrong_paddle,False,60.0,710.0,541.0,372.0,0.0,0,0,0,0.0,170,2.8333333333333335,,,neurofeedback,Subject_004,Session_001
176,0,LEFT,True,False,hit,False,60.0,0.0,169.0,0.0,1.0,0,0,0,340.0,170,2.8333333333333335,0.0,0.0,neurofeedback,Subject_004,Session_001
177,1,RIGHT,False,False,wrong_paddle,True,60.0,710.0,421.25961538461536,222.0,0.43509615384615385,30,17,13,148.0,416,6.933333333333334,30.0,0.5,neurofeedback,Subject_004,Session_001
178,0,LEFT,False,False,close_strong_early,False,192.0,132.0,292.9251700680272,132.0,0.7551020408163265,44,12,32,208.0,588,9.8,0.0,0.0,neurofeedback,Subject_004,Session_001
179,1,RIGHT,False,False,wrong_early,False,380.0,390.0,321.0472972972973,146.0,0.6925675675675675,25,11,14,224.0,592,9.866666666666667,0.0,0.0,neurofeedback,Subject_004,Session_001
180,0,LEFT,True,False,hit,False,60.0,0.0,288.280276816609,0.0,0.6193771626297578,41,21,20,340.0,578,9.633333333333333,220.0,3.6666666666666665,neurofeedback,Subject_004,Session_001
181,0,LEFT,False,False,close_weak_early,False,362.0,302.0,362.0611205432937,164.0,0.45500848896434637,31,9,22,176.0,589,9.816666666666666,0.0,0.0,neurofeedback,Subject_004,Session_001
182,1,RIGHT,False,False,wrong_paddle,False,60.0,710.0,537.1609195402299,372.0,0.0,2,2,0,0.0,174,2.9,,,neurofeedback,Subject_004,Session_001
183,0,LEFT,False,False,wrong_paddle,True,626.0,566.0,418.3531409168082,296.0,0.12903225806451613,24,16,8,44.0,589,9.816666666666666,6.0,0.1,neurofeedback,Subject_004,Session_001
184,1,RIGHT,False,False,close_weak_early,False,484.0,286.0,321.2040816326531,166.0,0.7142857142857143,25,8,17,204.0,588,9.8,0.0,0.0,neurofeedback,Subject_004,Session_001
185,0,LEFT,True,False,hit,False,60.0,0.0,220.45454545454547,0.0,0.8429752066115702,14,4,10,340.0,242,4.033333333333333,0.0,0.0,neurofeedback,Subject_004,Session_001
186,1,RIGHT,False,False,wrong_paddle,False,60.0,710.0,541.0,372.0,0.0,0,0,0,0.0,170,2.8333333333333335,,,neurofeedback,Subject_004,Session_001
187,0,LEFT,True,False,hit,False,60.0,0.0,174.21100917431193,0.0,1.0,6,0,6,340.0,218,3.6333333333333333,0.0,0.0,neurofeedback,Subject_004,Session_001
188,0,LEFT,True,False,hit,False,60.0,0.0,157.2608695652174,0.0,1.0,4,0,4,340.0,184,3.066666666666667,0.0,0.0,neurofeedback,Subject_004,Session_001
189,0,LEFT,False,False,wrong_paddle,False,740.0,680.0,446.1764705882353,300.0,0.14705882352941177,11,9,2,40.0,272,4.533333333333333,0.0,0.0,neurofeedback,Subject_004,Session_001
190,0,LEFT,True,False,hit,False,60.0,0.0,302.55631399317406,0.0,0.5170648464163823,30,25,5,340.0,586,9.766666666666667,0.0,0.0,neurofeedback,Subject_004,Session_001
191,1,RIGHT,False,False,wrong_paddle,False,60.0,710.0,541.0,372.0,0.0,0,0,0,0.0,170,2.8333333333333335,,,neurofeedback,Subject_004,Session_001
192,0,LEFT,False,False,wrong_paddle,False,740.0,680.0,288.16923076923075,12.0,0.6711538461538461,11,0,11,328.0,520,8.666666666666666,0.0,0.0,neurofeedback,Subject_004,Session_001
193,1,RIGHT,True,False,hit,False,740.0,30.0,201.53731343283582,30.0,1.0,18,0,18,340.0,268,4.466666666666667,0.0,0.0,neurofeedback,Subject_004,Session_001
194,1,RIGHT,True,False,hit,False,740.0,30.0,215.83809523809524,30.0,1.0,10,0,10,340.0,210,3.5,0.0,0.0,neurofeedback,Subject_004,Session_001
195,1,RIGHT,False,False,wrong_early,False,300.0,470.0,273.69594594594594,46.0,0.6537162162162162,46,23,23,324.0,592,9.866666666666667,0.0,0.0,neurofeedback,Subject_004,Session_001
196,1,RIGHT,True,False,hit,False,740.0,30.0,242.42105263157896,30.0,1.0,28,0,28,340.0,304,5.066666666666666,0.0,0.0,neurofeedback,Subject_004,Session_001
197,0,LEFT,False,False,wrong_paddle,True,740.0,680.0,403.19112627986345,196.0,0.30887372013651876,40,31,9,144.0,586,9.766666666666667,154.0,2.566666666666667,neurofeedback,Subject_004,Session_001
198,1,RIGHT,False,False,wrong_paddle,False,60.0,710.0,515.5652173913044,372.0,0.0,12,12,0,0.0,276,4.6,,,neurofeedback,Subject_004,Session_001
199,1,RIGHT,False,False,wrong_paddle,False,60.0,710.0,538.2183908045977,372.0,0.0,2,2,0,0.0,174,2.9,,,neurofeedback,Subject_004,Session_001
0,0,LEFT,False,False,wrong_early,False,400.0,340.0,340.0,340.0,0.0,0,0,0,0.0,545,9.083333333333334,,,neurofeedback,Subject_005,Session_001
1,0,LEFT,True,False,hit,False,60.0,0.0,192.3551912568306,0.0,0.9562841530054644,23,3,20,340.0,366,6.1,16.0,0.26666666666666666,neurofeedback,Subject_005,Session_001
2,0,LEFT,True,False,hit,False,60.0,0.0,159.52,0.0,1.0,18,0,18,340.0,400,6.666666666666667,0.0,0.0,neurofeedback,Subject_005,Session_001
3,1,RIGHT,False,False,wrong_paddle,False,60.0,710.0,541.0,372.0,0.0,0,0,0,0.0,170,2.8333333333333335,,,neurofeedback,Subject_005,Session_001
4,0,LEFT,False,False,wrong_paddle,False,740.0,680.0,374.314606741573,166.0,0.5196629213483146,7,0,7,174.0,356,5.933333333333334,0.0,0.0,neurofeedback,Subject_005,Session_001
5,0,LEFT,True,False,hit,False,60.0,0.0,232.35757575757575,0.0,0.7393939393939394,5,3,2,340.0,330,5.5,86.0,1.4333333333333333,neurofeedback,Subject_005,Session_001
6,0,LEFT,False,False,wrong_paddle,False,740.0,680.0,369.6875,184.0,0.4739583333333333,17,10,7,156.0,576,9.6,0.0,0.0,neurofeedback,Subject_005,Session_001
7,0,LEFT,True,False,hit,False,60.0,0.0,173.20408163265307,0.0,1.0,6,0,6,340.0,196,3.2666666666666666,0.0,0.0,neurofeedback,Subject_005,Session_001
8,1,RIGHT,False,False,wrong_paddle,False,60.0,710.0,541.0,372.0,0.0,0,0,0,0.0,170,2.8333333333333335,,,neurofeedback,Subject_005,Session_001
9,1,RIGHT,True,False,hit,False,740.0,30.0,199.0,30.0,1.0,0,0,0,340.0,170,2.8333333333333335,0.0,0.0,neurofeedback,Subject_005,Session_001
10,1,RIGHT,True,False,hit,False,740.0,30.0,151.7391304347826,30.0,1.0,4,0,4,340.0,276,4.6,0.0,0.0,neurofeedback,Subject_005,Session_001
11,0,LEFT,False,False,wrong_paddle,False,740.0,680.0,513.7789473684211,342.0,0.0,6,6,0,0.0,190,3.1666666666666665,,,neurofeedback,Subject_005,Session_001
12,0,LEFT,False,False,wrong_paddle,False,740.0,680.0,433.7763157894737,268.0,0.24671052631578946,8,5,3,72.0,304,5.066666666666666,54.0,0.9,neurofeedback,Subject_005,Session_001
13,1,RIGHT,True,False,hit,False,740.0,30.0,199.0,30.0,1.0,0,0,0,340.0,170,2.8333333333333335,0.0,0.0,neurofeedback,Subject_005,Session_001
14,1,RIGHT,True,False,hit,False,740.0,30.0,199.0,30.0,1.0,0,0,0,340.0,170,2.8333333333333335,0.0,0.0,neurofeedback,Subject_005,Session_001
15,0,LEFT,False,False,wrong_paddle,False,740.0,680.0,511.0,342.0,0.0,0,0,0,0.0,170,2.8333333333333335,,,neurofeedback,Subject_005,Session_001
16,1,RIGHT,True,False,hit,True,740.0,30.0,425.7391304347826,30.0,0.3188405797101449,19,17,2,340.0,552,9.2,376.0,6.266666666666667,neurofeedback,Subject_005,Session_001
17,1,RIGHT,False,False,wrong_paddle,False,60.0,710.0,492.94029850746267,296.0,0.27238805970149255,5,4,1,74.0,268,4.466666666666667,0.0,0.0,neurofeedback,Subject_005,Session_001
18,1,RIGHT,False,False,wrong_paddle,False,60.0,710.0,544.0925925925926,372.0,0.0,8,8,0,0.0,216,3.6,,,neurofeedback,Subject_005,Session_001
19,1,RIGHT,False,False,wrong_paddle,False,60.0,710.0,511.4195804195804,330.0,0.15734265734265734,7,4,3,40.0,286,4.766666666666667,0.0,0.0,neurofeedback,Subject_005,Session_001
20,1,RIGHT,True,False,hit,False,740.0,30.0,199.0,30.0,1.0,0,0,0,340.0,170,2.8333333333333335,0.0,0.0,neurofeedback,Subject_005,Session_001
21,1,RIGHT,True,False,hit,False,740.0,30.0,324.48809523809524,30.0,0.5059523809523809,1,1,0,340.0,336,5.6,166.0,2.7666666666666666,neurofeedback,Subject_005,Session_001
22,0,LEFT,False,False,wrong_paddle,False,740.0,680.0,511.0,342.0,0.0,0,0,0,0.0,170,2.8333333333333335,,,neurofeedback,Subject_005,Session_001
23,1,RIGHT,True,False,hit,False,740.0,30.0,199.0,30.0,1.0,0,0,0,340.0,170,2.8333333333333335,0.0,0.0,neurofeedback,Subject_005,Session_001
24,0,LEFT,False,False,wrong_paddle,False,740.0,680.0,522.3529411764706,342.0,0.0,8,8,0,0.0,204,3.4,,,neurofeedback,Subject_005,Session_001
25,1,RIGHT,True,False,hit,False,740.0,30.0,232.69892473118279,30.0,1.0,20,0,20,340.0,372,6.2,0.0,0.0,neurofeedback,Subject_005,Session_001
26,1,RIGHT,True,False,hit,False,740.0,30.0,182.92156862745097,30.0,1.0,32,0,32,340.0,510,8.5,0.0,0.0,neurofeedback,Subject_005,Session_001
27,1,RIGHT,True,False,hit,False,740.0,30.0,199.0,30.0,1.0,0,0,0,340.0,170,2.8333333333333335,0.0,0.0,neurofeedback,Subject_005,Session_001
28,1,RIGHT,True,False,hit,False,740.0,30.0,306.2636815920398,30.0,0.6766169154228856,28,10,18,340.0,402,6.7,0.0,0.0,neurofeedback,Subject_005,Session_001
29,1,RIGHT,False,False,wrong_paddle,True,60.0,710.0,570.4774774774775,372.0,0.0,24,24,0,0.0,444,7.4,,,neurofeedback,Subject_005,Session_001
30,0,LEFT,False,False,wrong_paddle,False,740.0,680.0,461.0650406504065,288.0,0.26422764227642276,11,4,7,52.0,246,4.1,0.0,0.0,neurofeedback,Subject_005,Session_001
31,1,RIGHT,False,False,wrong_paddle,False,60.0,710.0,546.3404255319149,366.0,0.015957446808510637,5,4,1,4.0,188,3.1333333333333333,0.0,0.0,neurofeedback,Subject_005,Session_001
32,0,LEFT,False,False,wrong_paddle,False,740.0,680.0,511.0,342.0,0.0,0,0,0,0.0,170,2.8333333333333335,,,neurofeedback,Subject_005,Session_001
33,0,LEFT,False,False,wrong_paddle,False,740.0,680.0,511.0,342.0,0.0,0,0,0,0.0,170,2.8333333333333335,,,neurofeedback,Subject_005,Session_001
34,0,LEFT,False,False,wrong_paddle,False,740.0,680.0,511.9032258064516,342.0,0.0,6,6,0,0.0,186,3.1,,,neurofeedback,Subject_005,Session_001
35,0,LEFT,False,False,wrong_paddle,False,740.0,680.0,511.0,342.0,0.0,0,0,0,0.0,170,2.8333333333333335,,,neurofeedback,Subject_005,Session_001
36,0,LEFT,False,False,wrong_paddle,False,740.0,680.0,511.0,342.0,0.0,0,0,0,0.0,170,2.8333333333333335,,,neurofeedback,Subject_005,Session_001
37,0,LEFT,True,False,hit,False,60.0,0.0,247.36666666666667,0.0,0.7222222222222222,15,5,10,340.0,360,6.0,100.0,1.6666666666666667,neurofeedback,Subject_005,Session_001
38,1,RIGHT,False,True,timeout_close_weak,False,402.0,368.0,394.82689075630253,184.0,0.519327731092437,18,6,12,186.0,595,9.916666666666666,0.0,0.0,neurofeedback,Subject_005,Session_001
39,0,LEFT,False,True,timeout_wrong,False,472.0,412.0,277.0402684563758,62.0,0.7181208053691275,20,8,12,278.0,596,9.933333333333334,0.0,0.0,neurofeedback,Subject_005,Session_001
40,0,LEFT,True,False,hit,True,60.0,0.0,354.6101083032491,0.0,0.30685920577617326,19,19,0,340.0,554,9.233333333333333,384.0,6.4,neurofeedback,Subject_005,Session_001
41,1,RIGHT,True,False,hit,False,740.0,30.0,199.0,30.0,1.0,0,0,0,340.0,170,2.8333333333333335,0.0,0.0,neurofeedback,Subject_005,Session_001
42,1,RIGHT,True,False,hit,False,740.0,30.0,199.0,30.0,1.0,0,0,0,340.0,170,2.8333333333333335,0.0,0.0,neurofeedback,Subject_005,Session_001
43,0,LEFT,False,False,wrong_paddle,False,740.0,680.0,506.97777777777776,342.0,0.0,4,4,0,0.0,180,3.0,,,neurofeedback,Subject_005,Session_001
44,1,RIGHT,True,False,hit,False,740.0,30.0,199.0,30.0,1.0,0,0,0,340.0,170,2.8333333333333335,0.0,0.0,neurofeedback,Subject_005,Session_001
45,1,RIGHT,True,False,hit,False,740.0,30.0,199.0,30.0,1.0,0,0,0,340.0,170,2.8333333333333335,0.0,0.0,neurofeedback,Subject_005,Session_001
46,0,LEFT,False,False,wrong_paddle,False,740.0,680.0,511.0,342.0,0.0,0,0,0,0.0,170,2.8333333333333335,,,neurofeedback,Subject_005,Session_001
47,1,RIGHT,False,False,wrong_paddle,False,60.0,710.0,538.3563218390805,372.0,0.0,2,2,0,0.0,174,2.9,,,neurofeedback,Subject_005,Session_001
48,0,LEFT,True,False,hit,False,60.0,0.0,138.25454545454545,0.0,1.0,10,0,10,340.0,220,3.6666666666666665,0.0,0.0,neurofeedback,Subject_005,Session_001
49,1,RIGHT,False,False,wrong_paddle,False,60.0,710.0,541.0,372.0,0.0,0,0,0,0.0,170,2.8333333333333335,,,neurofeedback,Subject_005,Session_001
50,0,LEFT,True,False,hit,False,60.0,0.0,171.04395604395606,0.0,1.0,4,0,4,340.0,182,3.033333333333333,0.0,0.0,neurofeedback,Subject_005,Session_001
51,0,LEFT,False,False,wrong_paddle,False,740.0,680.0,511.0,342.0,0.0,0,0,0,0.0,170,2.8333333333333335,,,neurofeedback,Subject_005,Session_001
52,0,LEFT,False,False,wrong_paddle,False,740.0,680.0,511.0,342.0,0.0,0,0,0,0.0,170,2.8333333333333335,,,neurofeedback,Subject_005,Session_001
53,1,RIGHT,False,False,wrong_paddle,True,60.0,710.0,542.2178217821782,372.0,0.0,22,22,0,0.0,404,6.733333333333333,,,neurofeedback,Subject_005,Session_001
54,0,LEFT,False,False,wrong_paddle,False,740.0,680.0,511.0,342.0,0.0,0,0,0,0.0,170,2.8333333333333335,,,neurofeedback,Subject_005,Session_001
55,1,RIGHT,True,False,hit,False,740.0,30.0,199.0,30.0,1.0,0,0,0,340.0,170,2.8333333333333335,0.0,0.0,neurofeedback,Subject_005,Session_001
56,1,RIGHT,True,False,hit,False,740.0,30.0,197.0625,30.0,1.0,6,0,6,340.0,192,3.2,0.0,0.0,neurofeedback,Subject_005,Session_001
57,0,LEFT,False,True,timeout_close_weak,False,328.0,268.0,254.5704697986577,26.0,0.7332214765100671,24,14,10,314.0,596,9.933333333333334,6.0,0.1,neurofeedback,Subject_005,Session_001
58,1,RIGHT,False,True,timeout_wrong,True,318.0,452.0,464.76974789915965,236.0,0.24033613445378152,36,31,5,134.0,595,9.916666666666666,0.0,0.0,neurofeedback,Subject_005,Session_001
59,0,LEFT,True,False,hit,False,60.0,0.0,282.9664804469274,0.0,0.48324022346368717,20,19,1,340.0,358,5.966666666666667,0.0,0.0,neurofeedback,Subject_005,Session_001
60,0,LEFT,False,False,wrong_paddle,False,740.0,680.0,511.0,342.0,0.0,0,0,0,0.0,170,2.8333333333333335,,,neurofeedback,Subject_005,Session_001
61,1,RIGHT,True,False,hit,False,740.0,30.0,199.0,30.0,1.0,0,0,0,340.0,170,2.8333333333333335,0.0,0.0,neurofeedback,Subject_005,Session_001
62,0,LEFT,True,False,hit,False,60.0,0.0,270.84795321637426,0.0,0.5672514619883041,7,1,6,340.0,342,5.7,148.0,2.466666666666667,neurofeedback,Subject_005,Session_001
63,0,LEFT,False,False,wrong_paddle,True,740.0,680.0,488.34177215189874,286.0,0.1751054852320675,36,25,11,54.0,474,7.9,58.0,0.9666666666666667,neurofeedback,Subject_005,Session_001
64,0,LEFT,False,False,wrong_paddle,True,740.0,680.0,467.2328767123288,324.0,0.0684931506849315,22,19,3,16.0,292,4.866666666666666,0.0,0.0,neurofeedback,Subject_005,Session_001
65,0,LEFT,False,False,wrong_paddle,False,740.0,680.0,510.40983606557376,342.0,0.0,4,4,0,0.0,244,4.066666666666666,,,neurofeedback,Subject_005,Session_001
66,1,RIGHT,True,False,hit,False,740.0,30.0,167.67676767676767,30.0,1.0,14,0,14,340.0,396,6.6,0.0,0.0,neurofeedback,Subject_005,Session_001
67,1,RIGHT,True,False,hit,True,740.0,30.0,364.5378151260504,30.0,0.35714285714285715,17,17,0,340.0,476,7.933333333333334,306.0,5.1,neurofeedback,Subject_005,Session_001
68,1,RIGHT,False,False,wrong_paddle,False,60.0,710.0,541.7252747252747,372.0,0.0,2,2,0,0.0,182,3.033333333333333,,,neurofeedback,Subject_005,Session_001
69,1,RIGHT,False,False,close_weak_early,False,576.0,194.0,393.90909090909093,128.0,0.4175084175084175,16,7,9,242.0,594,9.9,346.0,5.766666666666667,neurofeedback,Subject_005,Session_001
70,1,RIGHT,True,False,hit,False,740.0,30.0,210.93478260869566,30.0,1.0,6,0,6,340.0,184,3.066666666666667,0.0,0.0,neurofeedback,Subject_005,Session_001
71,1,RIGHT,True,False,hit,False,740.0,30.0,198.88505747126436,30.0,1.0,2,0,2,340.0,174,2.9,0.0,0.0,neurofeedback,Subject_005,Session_001
72,0,LEFT,False,False,wrong_paddle,False,740.0,680.0,511.0,342.0,0.0,0,0,0,0.0,170,2.8333333333333335,,,neurofeedback,Subject_005,Session_001
73,1,RIGHT,True,False,hit,False,740.0,30.0,224.18577075098815,30.0,1.0,12,0,12,340.0,506,8.433333333333334,0.0,0.0,neurofeedback,Subject_005,Session_001
74,0,LEFT,True,False,hit,False,60.0,0.0,170.83673469387756,0.0,1.0,8,0,8,340.0,196,3.2666666666666666,0.0,0.0,neurofeedback,Subject_005,Session_001
75,0,LEFT,False,False,wrong_paddle,False,740.0,680.0,364.9303482587065,174.0,0.5746268656716418,9,0,9,166.0,402,6.7,0.0,0.0,neurofeedback,Subject_005,Session_001
76,1,RIGHT,True,False,hit,False,740.0,30.0,388.4642857142857,30.0,0.3794642857142857,7,7,0,340.0,448,7.466666666666667,278.0,4.633333333333334,neurofeedback,Subject_005,Session_001
77,0,LEFT,False,False,wrong_paddle,True,740.0,680.0,533.063492063492,342.0,0.0,20,20,0,0.0,378,6.3,,,neurofeedback,Subject_005,Session_001
78,0,LEFT,False,False,wrong_paddle,True,740.0,680.0,457.08780487804876,330.0,0.05121951219512195,24,19,5,10.0,410,6.833333333333333,102.0,1.7,neurofeedback,Subject_005,Session_001
79,1,RIGHT,False,True,timeout_wrong,False,300.0,470.0,331.3288590604027,174.0,0.674496644295302,25,7,18,196.0,596,9.933333333333334,0.0,0.0,neurofeedback,Subject_005,Session_001
80,1,RIGHT,True,False,hit,False,740.0,30.0,199.0,30.0,1.0,0,0,0,340.0,170,2.8333333333333335,0.0,0.0,neurofeedback,Subject_005,Session_001
81,0,LEFT,True,False,hit,False,60.0,0.0,284.0938775510204,0.0,0.673469387755102,34,16,18,340.0,490,8.166666666666666,0.0,0.0,neurofeedback,Subject_005,Session_001
82,0,LEFT,False,False,wrong_early,True,524.0,464.0,424.54208754208753,274.0,0.21548821548821548,29,21,8,66.0,594,9.9,0.0,0.0,neurofeedback,Subject_005,Session_001
83,1,RIGHT,True,False,hit,False,740.0,30.0,171.61744966442953,30.0,1.0,20,0,20,340.0,298,4.966666666666667,0.0,0.0,neurofeedback,Subject_005,Session_001
84,1,RIGHT,True,False,hit,False,740.0,30.0,199.0,30.0,1.0,0,0,0,340.0,170,2.8333333333333335,0.0,0.0,neurofeedback,Subject_005,Session_001
85,1,RIGHT,True,False,hit,False,740.0,30.0,199.0,30.0,1.0,0,0,0,340.0,170,2.8333333333333335,0.0,0.0,neurofeedback,Subject_005,Session_001
86,1,RIGHT,True,False,hit,False,740.0,30.0,200.8372093023256,30.0,1.0,2,0,2,340.0,172,2.8666666666666667,0.0,0.0,neurofeedback,Subject_005,Session_001
87,1,RIGHT,True,False,hit,False,740.0,30.0,201.0,30.0,0.9883720930232558,0,0,0,340.0,172,2.8666666666666667,2.0,0.03333333333333333,neurofeedback,Subject_005,Session_001
88,1,RIGHT,False,True,wrong_paddle,False,222.0,548.0,377.07202680067,206.0,0.4824120603015075,39,19,20,164.0,597,9.95,0.0,0.0,neurofeedback,Subject_005,Session_001
89,0,LEFT,False,True,wrong_paddle,True,606.0,546.0,481.6649916247906,262.0,0.1541038525963149,26,24,2,78.0,597,9.95,0.0,0.0,neurofeedback,Subject_005,Session_001
90,0,LEFT,True,False,hit,False,60.0,0.0,242.04098360655738,0.0,0.8381147540983607,22,1,21,340.0,488,8.133333333333333,0.0,0.0,neurofeedback,Subject_005,Session_001
91,0,LEFT,False,False,wrong_early,False,410.0,350.0,344.3946037099494,156.0,0.5413153456998314,24,7,17,184.0,593,9.883333333333333,266.0,4.433333333333334,neurofeedback,Subject_005,Session_001
92,0,LEFT,False,True,timeout_wrong,True,418.0,358.0,387.38823529411764,220.0,0.35798319327731093,49,30,19,120.0,595,9.916666666666666,0.0,0.0,neurofeedback,Subject_005,Session_001
93,0,LEFT,False,False,wrong_paddle,False,740.0,680.0,323.62357414448667,92.0,0.5893536121673004,20,3,17,248.0,526,8.766666666666667,0.0,0.0,neurofeedback,Subject_005,Session_001
94,1,RIGHT,True,False,hit,False,740.0,30.0,292.8445595854922,30.0,0.655440414507772,14,11,3,340.0,386,6.433333333333334,0.0,0.0,neurofeedback,Subject_005,Session_001
95,0,LEFT,False,False,wrong_paddle,False,740.0,680.0,513.3678160919541,342.0,0.0,2,2,0,0.0,174,2.9,,,neurofeedback,Subject_005,Session_001
96,1,RIGHT,True,False,hit,False,740.0,30.0,245.77777777777777,30.0,0.7916666666666666,9,1,8,340.0,288,4.8,60.0,1.0,neurofeedback,Subject_005,Session_001
97,0,LEFT,False,False,close_weak_early,False,292.0,232.0,212.07070707070707,54.0,0.9208754208754208,27,1,26,286.0,594,9.9,0.0,0.0,neurofeedback,Subject_005,Session_001
98,0,LEFT,False,False,wrong_paddle,False,740.0,680.0,493.94797687861274,300.0,0.12427745664739884,13,8,5,40.0,346,5.766666666666667,0.0,0.0,neurofeedback,Subject_005,Session_001
99,1,RIGHT,False,True,wrong_paddle,False,80.0,690.0,362.4113712374582,146.0,0.6020066889632107,30,14,16,224.0,598,9.966666666666667,0.0,0.0,neurofeedback,Subject_005,Session_001
100,1,RIGHT,True,False,hit,False,740.0,30.0,193.3658536585366,30.0,1.0,8,0,8,340.0,328,5.466666666666667,0.0,0.0,neurofeedback,Subject_005,Session_001
101,1,RIGHT,False,False,wrong_paddle,False,60.0,710.0,407.47686832740214,194.0,0.5569395017793595,27,12,15,176.0,562,9.366666666666667,0.0,0.0,neurofeedback,Subject_005,Session_001
102,1,RIGHT,False,False,close_weak_early,False,488.0,282.0,230.75084175084174,60.0,0.9848484848484849,25,1,24,310.0,594,9.9,0.0,0.0,neurofeedback,Subject_005,Session_001
103,1,RIGHT,False,False,wrong_paddle,True,60.0,710.0,542.2049689440994,366.0,0.009316770186335404,17,16,1,4.0,322,5.366666666666666,0.0,0.0,neurofeedback,Subject_005,Session_001
104,0,LEFT,False,False,wrong_early,False,526.0,466.0,342.4654300168634,188.0,0.45193929173693087,38,28,10,152.0,593,9.883333333333333,110.0,1.8333333333333333,neurofeedback,Subject_005,Session_001
105,1,RIGHT,True,False,hit,False,740.0,30.0,241.0764331210191,30.0,0.8598726114649682,17,1,16,340.0,314,5.233333333333333,44.0,0.7333333333333333,neurofeedback,Subject_005,Session_001
106,1,RIGHT,False,True,timeout_close_weak,False,482.0,288.0,163.84873949579833,36.0,1.0,27,0,27,334.0,595,9.916666666666666,0.0,0.0,neurofeedback,Subject_005,Session_001
107,0,LEFT,True,False,hit,False,60.0,0.0,249.44776119402985,0.0,0.6343283582089553,1,1,0,340.0,268,4.466666666666667,98.0,1.6333333333333333,neurofeedback,Subject_005,Session_001
108,1,RIGHT,False,False,wrong_paddle,True,60.0,710.0,446.5742574257426,278.0,0.2698019801980198,22,15,7,92.0,404,6.733333333333333,86.0,1.4333333333333333,neurofeedback,Subject_005,Session_001
109,1,RIGHT,True,False,hit,False,740.0,30.0,330.7456647398844,30.0,0.4913294797687861,1,1,0,340.0,346,5.766666666666667,176.0,2.933333333333333,neurofeedback,Subject_005,Session_001
110,0,LEFT,False,False,wrong_paddle,False,740.0,680.0,513.1379310344828,342.0,0.0,2,2,0,0.0,174,2.9,,,neurofeedback,Subject_005,Session_001
111,0,LEFT,False,False,wrong_paddle,False,740.0,680.0,511.0,342.0,0.0,0,0,0,0.0,170,2.8333333333333335,,,neurofeedback,Subject_005,Session_001
112,0,LEFT,False,False,wrong_paddle,False,740.0,680.0,414.5960591133005,186.0,0.41625615763546797,21,14,7,154.0,406,6.766666666666667,0.0,0.0,neurofeedback,Subject_005,Session_001
113,0,LEFT,False,False,wrong_paddle,False,740.0,680.0,466.93220338983053,332.0,0.029661016949152543,8,7,1,8.0,236,3.933333333333333,58.0,0.9666666666666667,neurofeedback,Subject_005,Session_001
114,1,RIGHT,False,True,timeout_close_weak,False,558.0,212.0,331.0218487394958,72.0,0.5126050420168067,30,19,11,298.0,595,9.916666666666666,290.0,4.833333333333333,neurofeedback,Subject_005,Session_001
115,0,LEFT,False,True,wrong_paddle,True,692.0,632.0,402.2953020134228,256.0,0.3036912751677852,52,31,21,84.0,596,9.933333333333334,210.0,3.5,neurofeedback,Subject_005,Session_001
116,1,RIGHT,False,False,wrong_paddle,False,60.0,710.0,490.55172413793105,320.0,0.23706896551724138,7,4,3,50.0,232,3.8666666666666667,0.0,0.0,neurofeedback,Subject_005,Session_001
117,0,LEFT,True,False,hit,False,60.0,0.0,169.0,0.0,1.0,0,0,0,340.0,170,2.8333333333333335,0.0,0.0,neurofeedback,Subject_005,Session_001
118,0,LEFT,True,False,hit,False,60.0,0.0,169.0,0.0,1.0,0,0,0,340.0,170,2.8333333333333335,0.0,0.0,neurofeedback,Subject_005,Session_001
119,0,LEFT,True,False,hit,False,60.0,0.0,169.0,0.0,1.0,0,0,0,340.0,170,2.8333333333333335,0.0,0.0,neurofeedback,Subject_005,Session_001
120,1,RIGHT,False,False,wrong_paddle,False,60.0,710.0,541.0,372.0,0.0,0,0,0,0.0,170,2.8333333333333335,,,neurofeedback,Subject_005,Session_001
121,0,LEFT,True,False,hit,False,60.0,0.0,169.0,0.0,1.0,0,0,0,340.0,170,2.8333333333333335,0.0,0.0,neurofeedback,Subject_005,Session_001
122,0,LEFT,True,False,hit,False,60.0,0.0,169.0,0.0,1.0,0,0,0,340.0,170,2.8333333333333335,0.0,0.0,neurofeedback,Subject_005,Session_001
123,0,LEFT,True,False,hit,False,60.0,0.0,169.0,0.0,1.0,0,0,0,340.0,170,2.8333333333333335,0.0,0.0,neurofeedback,Subject_005,Session_001
124,1,RIGHT,False,False,wrong_paddle,False,60.0,710.0,541.0,372.0,0.0,0,0,0,0.0,170,2.8333333333333335,,,neurofeedback,Subject_005,Session_001
125,0,LEFT,True,False,hit,False,60.0,0.0,169.0,0.0,1.0,0,0,0,340.0,170,2.8333333333333335,0.0,0.0,neurofeedback,Subject_005,Session_001
126,0,LEFT,True,False,hit,False,60.0,0.0,169.0,0.0,1.0,0,0,0,340.0,170,2.8333333333333335,0.0,0.0,neurofeedback,Subject_005,Session_001
127,0,LEFT,True,False,hit,False,60.0,0.0,169.0,0.0,1.0,0,0,0,340.0,170,2.8333333333333335,0.0,0.0,neurofeedback,Subject_005,Session_001
128,1,RIGHT,False,False,wrong_paddle,False,60.0,710.0,541.0,372.0,0.0,0,0,0,0.0,170,2.8333333333333335,,,neurofeedback,Subject_005,Session_001
129,1,RIGHT,False,False,wrong_paddle,False,60.0,710.0,541.0,372.0,0.0,0,0,0,0.0,170,2.8333333333333335,,,neurofeedback,Subject_005,Session_001
130,0,LEFT,True,False,hit,False,60.0,0.0,169.0,0.0,1.0,0,0,0,340.0,170,2.8333333333333335,0.0,0.0,neurofeedback,Subject_005,Session_001
131,1,RIGHT,False,False,wrong_paddle,False,60.0,710.0,541.0,372.0,0.0,0,0,0,0.0,170,2.8333333333333335,,,neurofeedback,Subject_005,Session_001
132,1,RIGHT,False,False,wrong_paddle,False,60.0,710.0,541.0,372.0,0.0,0,0,0,0.0,170,2.8333333333333335,,,neurofeedback,Subject_005,Session_001
133,1,RIGHT,False,False,wrong_paddle,False,60.0,710.0,541.0,372.0,0.0,0,0,0,0.0,170,2.8333333333333335,,,neurofeedback,Subject_005,Session_001
134,0,LEFT,True,False,hit,False,60.0,0.0,169.0,0.0,1.0,0,0,0,340.0,170,2.8333333333333335,0.0,0.0,neurofeedback,Subject_005,Session_001
135,0,LEFT,True,False,hit,False,60.0,0.0,169.0,0.0,1.0,0,0,0,340.0,170,2.8333333333333335,0.0,0.0,neurofeedback,Subject_005,Session_001
136,1,RIGHT,False,False,wrong_paddle,False,60.0,710.0,541.0,372.0,0.0,0,0,0,0.0,170,2.8333333333333335,,,neurofeedback,Subject_005,Session_001
137,0,LEFT,True,False,hit,False,60.0,0.0,169.0,0.0,1.0,0,0,0,340.0,170,2.8333333333333335,0.0,0.0,neurofeedback,Subject_005,Session_001
138,1,RIGHT,False,False,wrong_paddle,False,60.0,710.0,541.0,372.0,0.0,0,0,0,0.0,170,2.8333333333333335,,,neurofeedback,Subject_005,Session_001
139,1,RIGHT,False,False,wrong_paddle,False,60.0,710.0,541.0,372.0,0.0,0,0,0,0.0,170,2.8333333333333335,,,neurofeedback,Subject_005,Session_001
140,1,RIGHT,False,False,wrong_paddle,False,60.0,710.0,541.0,372.0,0.0,0,0,0,0.0,170,2.8333333333333335,,,neurofeedback,Subject_005,Session_001
141,1,RIGHT,False,False,wrong_paddle,False,60.0,710.0,541.0,372.0,0.0,0,0,0,0.0,170,2.8333333333333335,,,neurofeedback,Subject_005,Session_001
142,1,RIGHT,False,False,wrong_paddle,False,60.0,710.0,541.0,372.0,0.0,0,0,0,0.0,170,2.8333333333333335,,,neurofeedback,Subject_005,Session_001
143,1,RIGHT,False,False,wrong_paddle,False,60.0,710.0,541.0,372.0,0.0,0,0,0,0.0,170,2.8333333333333335,,,neurofeedback,Subject_005,Session_001
144,0,LEFT,True,False,hit,False,60.0,0.0,169.0,0.0,1.0,0,0,0,340.0,170,2.8333333333333335,0.0,0.0,neurofeedback,Subject_005,Session_001
145,1,RIGHT,False,False,wrong_paddle,False,60.0,710.0,541.0,372.0,0.0,0,0,0,0.0,170,2.8333333333333335,,,neurofeedback,Subject_005,Session_001
146,1,RIGHT,False,False,wrong_paddle,False,60.0,710.0,541.0,372.0,0.0,0,0,0,0.0,170,2.8333333333333335,,,neurofeedback,Subject_005,Session_001
147,0,LEFT,True,False,hit,False,60.0,0.0,169.0,0.0,1.0,0,0,0,340.0,170,2.8333333333333335,0.0,0.0,neurofeedback,Subject_005,Session_001
148,0,LEFT,True,False,hit,False,60.0,0.0,169.0,0.0,1.0,0,0,0,340.0,170,2.8333333333333335,0.0,0.0,neurofeedback,Subject_005,Session_001
149,0,LEFT,True,False,hit,False,60.0,0.0,169.0,0.0,1.0,0,0,0,340.0,170,2.8333333333333335,0.0,0.0,neurofeedback,Subject_005,Session_001
150,0,LEFT,True,False,hit,False,60.0,0.0,169.0,0.0,1.0,0,0,0,340.0,170,2.8333333333333335,0.0,0.0,neurofeedback,Subject_005,Session_001
151,0,LEFT,True,False,hit,False,60.0,0.0,169.0,0.0,1.0,0,0,0,340.0,170,2.8333333333333335,0.0,0.0,neurofeedback,Subject_005,Session_001
152,0,LEFT,True,False,hit,False,60.0,0.0,169.0,0.0,1.0,0,0,0,340.0,170,2.8333333333333335,0.0,0.0,neurofeedback,Subject_005,Session_001
153,1,RIGHT,False,False,wrong_paddle,False,60.0,710.0,541.0,372.0,0.0,0,0,0,0.0,170,2.8333333333333335,,,neurofeedback,Subject_005,Session_001
154,1,RIGHT,False,False,wrong_paddle,False,60.0,710.0,541.0,372.0,0.0,0,0,0,0.0,170,2.8333333333333335,,,neurofeedback,Subject_005,Session_001
155,1,RIGHT,False,False,wrong_paddle,False,60.0,710.0,541.0,372.0,0.0,0,0,0,0.0,170,2.8333333333333335,,,neurofeedback,Subject_005,Session_001
156,0,LEFT,True,False,hit,False,60.0,0.0,169.0,0.0,1.0,0,0,0,340.0,170,2.8333333333333335,0.0,0.0,neurofeedback,Subject_005,Session_001
157,1,RIGHT,False,False,wrong_paddle,False,60.0,710.0,541.0,372.0,0.0,0,0,0,0.0,170,2.8333333333333335,,,neurofeedback,Subject_005,Session_001
158,0,LEFT,True,False,hit,False,60.0,0.0,169.0,0.0,1.0,0,0,0,340.0,170,2.8333333333333335,0.0,0.0,neurofeedback,Subject_005,Session_001
159,0,LEFT,True,False,hit,False,60.0,0.0,169.0,0.0,1.0,0,0,0,340.0,170,2.8333333333333335,0.0,0.0,neurofeedback,Subject_005,Session_001
160,1,RIGHT,False,False,wrong_paddle,False,60.0,710.0,541.0,372.0,0.0,0,0,0,0.0,170,2.8333333333333335,,,neurofeedback,Subject_005,Session_001
161,1,RIGHT,False,False,wrong_paddle,False,60.0,710.0,541.0,372.0,0.0,0,0,0,0.0,170,2.8333333333333335,,,neurofeedback,Subject_005,Session_001
162,0,LEFT,True,False,hit,False,60.0,0.0,169.0,0.0,1.0,0,0,0,340.0,170,2.8333333333333335,0.0,0.0,neurofeedback,Subject_005,Session_001
163,1,RIGHT,False,False,wrong_paddle,False,60.0,710.0,541.0,372.0,0.0,0,0,0,0.0,170,2.8333333333333335,,,neurofeedback,Subject_005,Session_001
164,0,LEFT,True,False,hit,False,60.0,0.0,169.0,0.0,1.0,0,0,0,340.0,170,2.8333333333333335,0.0,0.0,neurofeedback,Subject_005,Session_001
165,1,RIGHT,False,False,wrong_paddle,False,60.0,710.0,541.0,372.0,0.0,0,0,0,0.0,170,2.8333333333333335,,,neurofeedback,Subject_005,Session_001
166,0,LEFT,True,False,hit,False,60.0,0.0,169.0,0.0,1.0,0,0,0,340.0,170,2.8333333333333335,0.0,0.0,neurofeedback,Subject_005,Session_001
167,1,RIGHT,False,False,wrong_paddle,False,60.0,710.0,541.0,372.0,0.0,0,0,0,0.0,170,2.8333333333333335,,,neurofeedback,Subject_005,Session_001
168,1,RIGHT,False,False,wrong_paddle,False,60.0,710.0,541.0,372.0,0.0,0,0,0,0.0,170,2.8333333333333335,,,neurofeedback,Subject_005,Session_001
169,0,LEFT,True,False,hit,False,60.0,0.0,169.0,0.0,1.0,0,0,0,340.0,170,2.8333333333333335,0.0,0.0,neurofeedback,Subject_005,Session_001
170,1,RIGHT,False,False,wrong_paddle,False,60.0,710.0,541.0,372.0,0.0,0,0,0,0.0,170,2.8333333333333335,,,neurofeedback,Subject_005,Session_001
171,1,RIGHT,False,False,wrong_paddle,False,60.0,710.0,541.0,372.0,0.0,0,0,0,0.0,170,2.8333333333333335,,,neurofeedback,Subject_005,Session_001
172,1,RIGHT,False,False,wrong_paddle,False,60.0,710.0,541.0,372.0,0.0,0,0,0,0.0,170,2.8333333333333335,,,neurofeedback,Subject_005,Session_001
173,0,LEFT,True,False,hit,False,60.0,0.0,169.0,0.0,1.0,0,0,0,340.0,170,2.8333333333333335,0.0,0.0,neurofeedback,Subject_005,Session_001
174,0,LEFT,True,False,hit,False,60.0,0.0,169.0,0.0,1.0,0,0,0,340.0,170,2.8333333333333335,0.0,0.0,neurofeedback,Subject_005,Session_001
175,0,LEFT,True,False,hit,False,60.0,0.0,169.0,0.0,1.0,0,0,0,340.0,170,2.8333333333333335,0.0,0.0,neurofeedback,Subject_005,Session_001
176,0,LEFT,True,False,hit,False,60.0,0.0,169.0,0.0,1.0,0,0,0,340.0,170,2.8333333333333335,0.0,0.0,neurofeedback,Subject_005,Session_001
177,0,LEFT,True,False,hit,False,60.0,0.0,169.0,0.0,1.0,0,0,0,340.0,170,2.8333333333333335,0.0,0.0,neurofeedback,Subject_005,Session_001
178,1,RIGHT,False,False,wrong_paddle,False,60.0,710.0,541.0,372.0,0.0,0,0,0,0.0,170,2.8333333333333335,,,neurofeedback,Subject_005,Session_001
179,0,LEFT,True,False,hit,False,60.0,0.0,169.0,0.0,1.0,0,0,0,340.0,170,2.8333333333333335,0.0,0.0,neurofeedback,Subject_005,Session_001
180,0,LEFT,True,False,hit,False,60.0,0.0,169.0,0.0,1.0,0,0,0,340.0,170,2.8333333333333335,0.0,0.0,neurofeedback,Subject_005,Session_001
181,1,RIGHT,False,False,wrong_paddle,False,60.0,710.0,541.0,372.0,0.0,0,0,0,0.0,170,2.8333333333333335,,,neurofeedback,Subject_005,Session_001
182,1,RIGHT,False,False,wrong_paddle,False,60.0,710.0,541.0,372.0,0.0,0,0,0,0.0,170,2.8333333333333335,,,neurofeedback,Subject_005,Session_001
183,1,RIGHT,False,False,wrong_paddle,False,60.0,710.0,541.0,372.0,0.0,0,0,0,0.0,170,2.8333333333333335,,,neurofeedback,Subject_005,Session_001
184,0,LEFT,True,False,hit,False,60.0,0.0,169.0,0.0,1.0,0,0,0,340.0,170,2.8333333333333335,0.0,0.0,neurofeedback,Subject_005,Session_001
185,0,LEFT,True,False,hit,False,60.0,0.0,169.0,0.0,1.0,0,0,0,340.0,170,2.8333333333333335,0.0,0.0,neurofeedback,Subject_005,Session_001
186,1,RIGHT,False,False,wrong_paddle,False,60.0,710.0,541.0,372.0,0.0,0,0,0,0.0,170,2.8333333333333335,,,neurofeedback,Subject_005,Session_001
187,0,LEFT,True,False,hit,False,60.0,0.0,169.0,0.0,1.0,0,0,0,340.0,170,2.8333333333333335,0.0,0.0,neurofeedback,Subject_005,Session_001
188,0,LEFT,True,False,hit,False,60.0,0.0,169.0,0.0,1.0,0,0,0,340.0,170,2.8333333333333335,0.0,0.0,neurofeedback,Subject_005,Session_001
189,1,RIGHT,False,False,wrong_paddle,False,60.0,710.0,541.0,372.0,0.0,0,0,0,0.0,170,2.8333333333333335,,,neurofeedback,Subject_005,Session_001
190,0,LEFT,True,False,hit,False,60.0,0.0,169.0,0.0,1.0,0,0,0,340.0,170,2.8333333333333335,0.0,0.0,neurofeedback,Subject_005,Session_001
191,1,RIGHT,False,False,wrong_paddle,False,60.0,710.0,541.0,372.0,0.0,0,0,0,0.0,170,2.8333333333333335,,,neurofeedback,Subject_005,Session_001
192,0,LEFT,True,False,hit,False,60.0,0.0,169.0,0.0,1.0,0,0,0,340.0,170,2.8333333333333335,0.0,0.0,neurofeedback,Subject_005,Session_001
193,0,LEFT,True,False,hit,False,60.0,0.0,169.0,0.0,1.0,0,0,0,340.0,170,2.8333333333333335,0.0,0.0,neurofeedback,Subject_005,Session_001
194,1,RIGHT,False,False,wrong_paddle,False,60.0,710.0,541.0,372.0,0.0,0,0,0,0.0,170,2.8333333333333335,,,neurofeedback,Subject_005,Session_001
195,0,LEFT,True,False,hit,False,60.0,0.0,169.0,0.0,1.0,0,0,0,340.0,170,2.8333333333333335,0.0,0.0,neurofeedback,Subject_005,Session_001
196,1,RIGHT,False,False,wrong_paddle,False,60.0,710.0,541.0,372.0,0.0,0,0,0,0.0,170,2.8333333333333335,,,neurofeedback,Subject_005,Session_001
197,1,RIGHT,False,False,wrong_paddle,False,60.0,710.0,541.0,372.0,0.0,0,0,0,0.0,170,2.8333333333333335,,,neurofeedback,Subject_005,Session_001
198,0,LEFT,True,False,hit,False,60.0,0.0,169.0,0.0,1.0,0,0,0,340.0,170,2.8333333333333335,0.0,0.0,neurofeedback,Subject_005,Session_001
199,1,RIGHT,False,False,wrong_paddle,False,60.0,710.0,541.0,372.0,0.0,0,0,0,0.0,170,2.8333333333333335,,,neurofeedback,Subject_005,Session_001
0,0,LEFT,False,False,wrong_early,False,400.0,340.0,340.0,340.0,0.0,0,0,0,0.0,592,9.866666666666667,,,neurofeedback,Subject_005,Session_002
1,0,LEFT,False,True,timeout_close_weak,False,270.0,210.0,366.36638655462184,186.0,0.5025210084033613,19,4,15,154.0,595,9.916666666666666,0.0,0.0,neurofeedback,Subject_005,Session_002
2,0,LEFT,True,False,hit,False,60.0,0.0,177.8421052631579,0.0,1.0,28,0,28,340.0,494,8.233333333333333,0.0,0.0,neurofeedback,Subject_005,Session_002
3,0,LEFT,True,False,hit,False,60.0,0.0,163.6595744680851,0.0,1.0,4,0,4,340.0,188,3.1333333333333333,0.0,0.0,neurofeedback,Subject_005,Session_002
4,1,RIGHT,False,False,wrong_paddle,False,60.0,710.0,463.59090909090907,280.0,0.3522727272727273,3,0,3,90.0,264,4.4,0.0,0.0,neurofeedback,Subject_005,Session_002
5,1,RIGHT,False,False,close_strong_early,False,730.0,40.0,410.1188455008489,40.0,0.3921901528013582,13,9,4,330.0,589,9.816666666666666,358.0,5.966666666666667,neurofeedback,Subject_005,Session_002
6,0,LEFT,False,False,wrong_paddle,False,740.0,680.0,496.22641509433964,342.0,0.0,12,12,0,0.0,212,3.533333333333333,,,neurofeedback,Subject_005,Session_002
7,1,RIGHT,False,False,wrong_early,False,288.0,482.0,326.62033898305083,108.0,0.6237288135593221,28,18,10,262.0,590,9.833333333333334,0.0,0.0,neurofeedback,Subject_005,Session_002
8,0,LEFT,False,False,close_weak_early,False,268.0,208.0,310.67003367003366,166.0,0.6380471380471381,43,22,21,174.0,594,9.9,8.0,0.13333333333333333,neurofeedback,Subject_005,Session_002
9,1,RIGHT,False,True,timeout_wrong,True,306.0,464.0,410.8542713567839,206.0,0.3601340033500838,40,29,11,164.0,597,9.95,334.0,5.566666666666666,neurofeedback,Subject_005,Session_002
10,1,RIGHT,False,False,wrong_paddle,True,174.0,596.0,402.7309644670051,196.0,0.3756345177664975,29,21,8,174.0,591,9.85,168.0,2.8,neurofeedback,Subject_005,Session_002
11,1,RIGHT,False,False,wrong_paddle,False,60.0,710.0,527.4565217391304,356.0,0.07065217391304347,1,0,1,14.0,184,3.066666666666667,0.0,0.0,neurofeedback,Subject_005,Session_002
12,1,RIGHT,True,False,hit,False,740.0,30.0,275.5072463768116,30.0,0.6920289855072463,6,3,3,340.0,276,4.6,0.0,0.0,neurofeedback,Subject_005,Session_002
13,1,RIGHT,True,False,hit,False,740.0,30.0,199.0,30.0,1.0,0,0,0,340.0,170,2.8333333333333335,0.0,0.0,neurofeedback,Subject_005,Session_002
14,0,LEFT,True,False,hit,False,60.0,0.0,201.06428571428572,0.0,0.925,16,2,14,340.0,560,9.333333333333334,2.0,0.03333333333333333,neurofeedback,Subject_005,Session_002
15,0,LEFT,True,False,hit,False,60.0,0.0,225.72972972972974,0.0,0.8986486486486487,23,4,19,340.0,444,7.4,10.0,0.16666666666666666,neurofeedback,Subject_005,Session_002
16,1,RIGHT,False,False,wrong_paddle,False,60.0,710.0,528.2181818181818,368.0,0.004545454545454545,15,14,1,2.0,220,3.6666666666666665,2.0,0.03333333333333333,neurofeedback,Subject_005,Session_002
17,0,LEFT,False,False,wrong_early,False,404.0,344.0,322.25925925925924,198.0,0.5134680134680135,37,22,15,142.0,594,9.9,0.0,0.0,neurofeedback,Subject_005,Session_002
18,1,RIGHT,False,False,close_weak_early,False,550.0,220.0,344.2293423271501,88.0,0.5413153456998314,37,10,27,282.0,593,9.883333333333333,0.0,0.0,neurofeedback,Subject_005,Session_002
19,0,LEFT,False,False,wrong_paddle,False,740.0,680.0,508.20454545454544,342.0,0.0,2,2,0,0.0,176,2.933333333333333,,,neurofeedback,Subject_005,Session_002
20,1,RIGHT,True,False,hit,False,740.0,30.0,199.0,30.0,1.0,0,0,0,340.0,170,2.8333333333333335,0.0,0.0,neurofeedback,Subject_005,Session_002
21,0,LEFT,True,False,hit,False,60.0,0.0,297.46666666666664,0.0,0.5083333333333333,14,11,3,340.0,360,6.0,0.0,0.0,neurofeedback,Subject_005,Session_002
22,0,LEFT,True,False,hit,False,60.0,0.0,286.04294478527606,0.0,0.5214723926380368,9,9,0,340.0,326,5.433333333333334,156.0,2.6,neurofeedback,Subject_005,Session_002
23,1,RIGHT,False,False,wrong_paddle,False,60.0,710.0,541.0,372.0,0.0,0,0,0,0.0,170,2.8333333333333335,,,neurofeedback,Subject_005,Session_002
24,0,LEFT,False,False,close_strong_early,False,76.0,16.0,274.8213058419244,16.0,0.6151202749140894,61,21,40,324.0,582,9.7,224.0,3.7333333333333334,neurofeedback,Subject_005,Session_002
25,1,RIGHT,True,False,hit,False,740.0,30.0,199.54945054945054,30.0,1.0,6,0,6,340.0,182,3.033333333333333,0.0,0.0,neurofeedback,Subject_005,Session_002
26,0,LEFT,False,False,close_weak_early,True,324.0,264.0,367.9220338983051,230.0,0.39322033898305087,53,30,23,110.0,590,9.833333333333334,0.0,0.0,neurofeedback,Subject_005,Session_002
27,1,RIGHT,False,False,wrong_paddle,False,60.0,710.0,541.0,372.0,0.0,0,0,0,0.0,170,2.8333333333333335,,,neurofeedback,Subject_005,Session_002
28,0,LEFT,False,False,wrong_paddle,True,596.0,536.0,415.0204081632653,198.0,0.29931972789115646,26,15,11,142.0,588,9.8,0.0,0.0,neurofeedback,Subject_005,Session_002
29,1,RIGHT,False,False,wrong_paddle,True,60.0,710.0,504.1623931623932,344.0,0.053418803418803416,28,27,1,26.0,468,7.8,184.0,3.066666666666667,neurofeedback,Subject_005,Session_002
30,1,RIGHT,False,False,wrong_paddle,False,60.0,710.0,548.9120879120879,372.0,0.0,4,4,0,0.0,182,3.033333333333333,,,neurofeedback,Subject_005,Session_002
31,0,LEFT,False,False,wrong_paddle,True,716.0,656.0,521.7728813559322,342.0,0.0,36,36,0,0.0,590,9.833333333333334,,,neurofeedback,Subject_005,Session_002
32,1,RIGHT,False,False,wrong_early,False,322.0,448.0,303.99659284497443,108.0,0.6490630323679727,35,20,15,262.0,587,9.783333333333333,0.0,0.0,neurofeedback,Subject_005,Session_002
33,1,RIGHT,False,False,wrong_paddle,True,60.0,710.0,504.7096774193548,372.0,0.0,16,16,0,0.0,248,4.133333333333334,,,neurofeedback,Subject_005,Session_002
34,0,LEFT,True,False,hit,False,60.0,0.0,222.74242424242425,0.0,0.7727272727272727,14,2,12,340.0,264,4.4,0.0,0.0,neurofeedback,Subject_005,Session_002
35,1,RIGHT,True,False,hit,False,740.0,30.0,199.0,30.0,1.0,0,0,0,340.0,170,2.8333333333333335,0.0,0.0,neurofeedback,Subject_005,Session_002
36,0,LEFT,False,False,close_strong_early,False,142.0,82.0,217.81663837011885,26.0,0.8794567062818336,29,4,25,314.0,589,9.816666666666666,46.0,0.7666666666666667,neurofeedback,Subject_005,Session_002
37,0,LEFT,False,False,wrong_paddle,False,740.0,680.0,428.02702702702703,252.0,0.2972972972972973,9,7,2,88.0,296,4.933333333333334,0.0,0.0,neurofeedback,Subject_005,Session_002
38,1,RIGHT,False,False,wrong_paddle,False,98.0,672.0,358.48054145516073,122.0,0.5042301184433164,17,1,16,248.0,591,9.85,0.0,0.0,neurofeedback,Subject_005,Session_002
39,0,LEFT,True,False,hit,False,60.0,0.0,163.36974789915968,0.0,1.0,8,0,8,340.0,238,3.966666666666667,0.0,0.0,neurofeedback,Subject_005,Session_002
40,0,LEFT,True,False,hit,False,60.0,0.0,255.30612244897958,0.0,0.6921768707482994,21,10,11,340.0,588,9.8,106.0,1.7666666666666666,neurofeedback,Subject_005,Session_002
41,0,LEFT,True,False,hit,False,60.0,0.0,217.2112676056338,0.0,0.9084507042253521,29,7,22,340.0,284,4.733333333333333,26.0,0.43333333333333335,neurofeedback,Subject_005,Session_002
42,1,RIGHT,False,False,wrong_paddle,True,60.0,710.0,552.672131147541,372.0,0.0,18,18,0,0.0,244,4.066666666666666,,,neurofeedback,Subject_005,Session_002
43,1,RIGHT,False,False,wrong_paddle,True,60.0,710.0,538.261744966443,372.0,0.0,22,22,0,0.0,298,4.966666666666667,,,neurofeedback,Subject_005,Session_002
44,0,LEFT,False,False,wrong_early,False,570.0,510.0,307.8132427843803,158.0,0.6740237691001698,26,13,13,182.0,589,9.816666666666666,12.0,0.2,neurofeedback,Subject_005,Session_002
45,0,LEFT,False,False,wrong_paddle,False,740.0,680.0,375.85714285714283,166.0,0.5302197802197802,5,0,5,174.0,364,6.066666666666666,0.0,0.0,neurofeedback,Subject_005,Session_002
46,1,RIGHT,False,False,wrong_early,True,258.0,512.0,469.58714043993234,300.0,0.16243654822335024,33,29,4,70.0,591,9.85,0.0,0.0,neurofeedback,Subject_005,Session_002
47,0,LEFT,False,False,wrong_paddle,False,740.0,680.0,464.57142857142856,304.0,0.23660714285714285,9,0,9,36.0,224,3.7333333333333334,0.0,0.0,neurofeedback,Subject_005,Session_002
48,1,RIGHT,False,False,wrong_early,True,332.0,438.0,418.4169491525424,252.0,0.29152542372881357,50,34,16,118.0,590,9.833333333333334,266.0,4.433333333333334,neurofeedback,Subject_005,Session_002
49,1,RIGHT,False,False,wrong_paddle,False,60.0,710.0,430.35907335907336,302.0,0.40733590733590735,21,6,15,68.0,518,8.633333333333333,0.0,0.0,neurofeedback,Subject_005,Session_002
50,1,RIGHT,False,False,wrong_paddle,False,60.0,710.0,519.969696969697,370.0,0.0,6,6,0,0.0,198,3.3,,,neurofeedback,Subject_005,Session_002
51,1,RIGHT,False,False,close_strong_early,False,602.0,168.0,243.42131979695432,56.0,0.7292724196277496,43,11,32,314.0,591,9.85,160.0,2.6666666666666665,neurofeedback,Subject_005,Session_002
52,0,LEFT,True,False,hit,False,60.0,0.0,317.3673469387755,0.0,0.4642857142857143,12,8,4,340.0,392,6.533333333333333,0.0,0.0,neurofeedback,Subject_005,Session_002
53,1,RIGHT,False,False,wrong_paddle,False,60.0,710.0,466.47058823529414,312.0,0.3125,14,1,13,58.0,272,4.533333333333333,16.0,0.26666666666666666,neurofeedback,Subject_005,Session_002
54,0,LEFT,True,False,hit,False,60.0,0.0,209.41095890410958,0.0,1.0,32,0,32,340.0,438,7.3,0.0,0.0,neurofeedback,Subject_005,Session_002
55,1,RIGHT,True,False,hit,False,740.0,30.0,199.0,30.0,1.0,0,0,0,340.0,170,2.8333333333333335,0.0,0.0,neurofeedback,Subject_005,Session_002
56,0,LEFT,True,False,hit,False,60.0,0.0,277.734693877551,0.0,0.6607142857142857,2,1,1,340.0,392,6.533333333333333,0.0,0.0,neurofeedback,Subject_005,Session_002
57,0,LEFT,True,False,hit,False,60.0,0.0,273.77966101694915,0.0,0.5480225988700564,21,15,6,340.0,354,5.9,160.0,2.6666666666666665,neurofeedback,Subject_005,Session_002
58,1,RIGHT,False,False,wrong_paddle,True,60.0,710.0,568.1743119266055,372.0,0.0,28,28,0,0.0,436,7.266666666666667,,,neurofeedback,Subject_005,Session_002
59,0,LEFT,False,False,wrong_paddle,False,740.0,680.0,511.26666666666665,342.0,0.0,4,4,0,0.0,180,3.0,,,neurofeedback,Subject_005,Session_002
60,1,RIGHT,True,False,hit,False,740.0,30.0,189.13186813186815,30.0,1.0,6,0,6,340.0,182,3.033333333333333,0.0,0.0,neurofeedback,Subject_005,Session_002
61,0,LEFT,True,False,hit,False,60.0,0.0,157.46408839779005,0.0,1.0,14,0,14,340.0,362,6.033333333333333,0.0,0.0,neurofeedback,Subject_005,Session_002
62,0,LEFT,True,False,hit,False,60.0,0.0,255.4229074889868,0.0,0.7819383259911894,17,8,9,340.0,454,7.566666666666666,70.0,1.1666666666666667,neurofeedback,Subject_005,Session_002
63,1,RIGHT,False,False,wrong_paddle,True,60.0,710.0,441.94835680751174,280.0,0.3380281690140845,44,24,20,90.0,426,7.1,4.0,0.06666666666666667,neurofeedback,Subject_005,Session_002
64,0,LEFT,True,False,hit,False,60.0,0.0,285.64,0.0,0.5955555555555555,29,11,18,340.0,450,7.5,182.0,3.033333333333333,neurofeedback,Subject_005,Session_002
65,1,RIGHT,True,False,hit,False,740.0,30.0,173.4,30.0,0.9714285714285714,21,1,20,340.0,420,7.0,12.0,0.2,neurofeedback,Subject_005,Session_002
66,0,LEFT,False,False,close_strong_early,True,214.0,154.0,443.77777777777777,154.0,0.15897435897435896,27,27,0,186.0,585,9.75,492.0,8.2,neurofeedback,Subject_005,Session_002
67,1,RIGHT,True,False,hit,False,740.0,30.0,343.0978260869565,30.0,0.46195652173913043,5,5,0,340.0,368,6.133333333333334,198.0,3.3,neurofeedback,Subject_005,Session_002
68,1,RIGHT,False,False,wrong_paddle,True,60.0,710.0,573.9461077844311,372.0,0.0,16,16,0,0.0,334,5.566666666666666,,,neurofeedback,Subject_005,Session_002
69,1,RIGHT,True,False,hit,False,740.0,30.0,241.9090909090909,30.0,0.7727272727272727,5,5,0,340.0,220,3.6666666666666665,50.0,0.8333333333333334,neurofeedback,Subject_005,Session_002
70,1,RIGHT,False,False,close_strong_early,False,668.0,102.0,319.7635135135135,102.0,0.6722972972972973,43,19,24,268.0,592,9.866666666666667,50.0,0.8333333333333334,neurofeedback,Subject_005,Session_002
71,0,LEFT,False,False,wrong_paddle,True,740.0,680.0,407.69651741293535,224.0,0.3706467661691542,26,15,11,116.0,402,6.7,16.0,0.26666666666666666,neurofeedback,Subject_005,Session_002
72,0,LEFT,True,False,hit,False,60.0,0.0,169.0,0.0,1.0,0,0,0,340.0,170,2.8333333333333335,0.0,0.0,neurofeedback,Subject_005,Session_002
73,0,LEFT,True,False,hit,True,60.0,0.0,320.01785714285717,0.0,0.3794642857142857,15,15,0,340.0,448,7.466666666666667,278.0,4.633333333333334,neurofeedback,Subject_005,Session_002
74,1,RIGHT,False,False,wrong_paddle,False,196.0,574.0,328.4237288135593,110.0,0.6576271186440678,21,5,16,260.0,590,9.833333333333334,0.0,0.0,neurofeedback,Subject_005,Session_002
75,1,RIGHT,False,False,wrong_paddle,False,60.0,710.0,515.4401913875598,372.0,0.0,10,10,0,0.0,418,6.966666666666667,,,neurofeedback,Subject_005,Session_002
76,0,LEFT,True,False,hit,False,60.0,0.0,128.08045977011494,0.0,1.0,8,0,8,340.0,348,5.8,0.0,0.0,neurofeedback,Subject_005,Session_002
77,1,RIGHT,True,False,hit,False,740.0,30.0,230.12408759124088,30.0,0.8759124087591241,17,3,14,340.0,274,4.566666666666666,34.0,0.5666666666666667,neurofeedback,Subject_005,Session_002
78,0,LEFT,False,False,wrong_paddle,False,740.0,680.0,405.62893081761007,214.0,0.449685534591195,9,2,7,126.0,318,5.3,0.0,0.0,neurofeedback,Subject_005,Session_002
79,0,LEFT,False,False,wrong_paddle,False,740.0,680.0,558.3428571428572,342.0,0.0,14,14,0,0.0,280,4.666666666666667,,,neurofeedback,Subject_005,Session_002
80,0,LEFT,False,False,wrong_paddle,True,740.0,680.0,468.5123966942149,336.0,0.006198347107438017,16,15,1,4.0,484,8.066666666666666,310.0,5.166666666666667,neurofeedback,Subject_005,Session_002
81,1,RIGHT,False,False,wrong_paddle,False,60.0,710.0,519.6782608695652,372.0,0.0,10,10,0,0.0,230,3.8333333333333335,,,neurofeedback,Subject_005,Session_002
82,1,RIGHT,False,False,wrong_paddle,True,60.0,710.0,458.66336633663366,284.0,0.25,26,19,7,86.0,404,6.733333333333333,86.0,1.4333333333333333,neurofeedback,Subject_005,Session_002
83,1,RIGHT,False,False,wrong_early,True,232.0,538.0,416.97250859106526,202.0,0.40378006872852235,38,29,9,168.0,582,9.7,0.0,0.0,neurofeedback,Subject_005,Session_002
84,1,RIGHT,False,False,wrong_paddle,False,182.0,588.0,330.32246998284734,164.0,0.7152658662092625,30,7,23,206.0,583,9.716666666666667,56.0,0.9333333333333333,neurofeedback,Subject_005,Session_002
85,0,LEFT,True,False,hit,False,60.0,0.0,169.0,0.0,1.0,0,0,0,340.0,170,2.8333333333333335,0.0,0.0,neurofeedback,Subject_005,Session_002
86,0,LEFT,True,False,hit,False,60.0,0.0,234.72727272727272,0.0,0.6818181818181818,11,9,2,340.0,264,4.4,48.0,0.8,neurofeedback,Subject_005,Session_002
87,0,LEFT,False,False,close_weak_early,True,258.0,198.0,364.8428324697755,156.0,0.39378238341968913,29,25,4,184.0,579,9.65,0.0,0.0,neurofeedback,Subject_005,Session_002
88,1,RIGHT,False,False,wrong_paddle,False,60.0,710.0,542.9120879120879,372.0,0.0,4,4,0,0.0,182,3.033333333333333,,,neurofeedback,Subject_005,Session_002
89,0,LEFT,True,False,hit,False,60.0,0.0,169.09756097560975,0.0,1.0,10,0,10,340.0,246,4.1,0.0,0.0,neurofeedback,Subject_005,Session_002
90,0,LEFT,False,False,wrong_paddle,False,740.0,680.0,508.67816091954023,342.0,0.0,2,2,0,0.0,174,2.9,,,neurofeedback,Subject_005,Session_002
91,1,RIGHT,True,False,hit,False,740.0,30.0,199.0,30.0,1.0,0,0,0,340.0,170,2.8333333333333335,0.0,0.0,neurofeedback,Subject_005,Session_002
92,1,RIGHT,True,False,hit,False,740.0,30.0,199.0,30.0,1.0,0,0,0,340.0,170,2.8333333333333335,0.0,0.0,neurofeedback,Subject_005,Session_002
93,1,RIGHT,True,False,hit,False,740.0,30.0,200.78571428571428,30.0,1.0,10,0,10,340.0,224,3.7333333333333334,0.0,0.0,neurofeedback,Subject_005,Session_002
94,0,LEFT,True,False,hit,False,60.0,0.0,213.4223602484472,0.0,0.9906832298136646,22,1,21,340.0,322,5.366666666666666,0.0,0.0,neurofeedback,Subject_005,Session_002
95,1,RIGHT,False,False,wrong_paddle,False,60.0,710.0,480.81944444444446,356.0,0.09027777777777778,13,7,6,14.0,288,4.8,0.0,0.0,neurofeedback,Subject_005,Session_002
96,0,LEFT,True,False,hit,False,60.0,0.0,166.69230769230768,0.0,1.0,4,0,4,340.0,182,3.033333333333333,0.0,0.0,neurofeedback,Subject_005,Session_002
97,1,RIGHT,True,False,hit,False,740.0,30.0,389.8503937007874,30.0,0.4311023622047244,14,5,9,340.0,508,8.466666666666667,0.0,0.0,neurofeedback,Subject_005,Session_002
98,0,LEFT,True,False,hit,False,60.0,0.0,169.0,0.0,1.0,0,0,0,340.0,170,2.8333333333333335,0.0,0.0,neurofeedback,Subject_005,Session_002
99,0,LEFT,True,False,hit,False,60.0,0.0,201.75,0.0,0.8221153846153846,5,5,0,340.0,208,3.466666666666667,0.0,0.0,neurofeedback,Subject_005,Session_002
0,1,RIGHT,False,False,wrong_early,False,400.0,370.0,370.0,370.0,0.0,0,0,0,0.0,547,9.116666666666667,,,neurofeedback,Subject_006,Session_001
1,0,LEFT,False,True,timeout_close_strong,True,188.0,128.0,394.7056856187291,128.0,0.36622073578595316,35,22,13,212.0,598,9.966666666666667,6.0,0.1,neurofeedback,Subject_006,Session_001
2,1,RIGHT,False,False,wrong_paddle,False,60.0,710.0,531.7692307692307,372.0,0.0,4,4,0,0.0,182,3.033333333333333,,,neurofeedback,Subject_006,Session_001
3,1,RIGHT,False,False,wrong_paddle,False,60.0,710.0,541.6274509803922,372.0,0.0,6,6,0,0.0,306,5.1,,,neurofeedback,Subject_006,Session_001
4,1,RIGHT,False,True,timeout_wrong,True,262.0,508.0,426.06050420168066,280.0,0.21176470588235294,28,24,4,90.0,595,9.916666666666666,0.0,0.0,neurofeedback,Subject_006,Session_001
5,1,RIGHT,True,False,hit,False,740.0,30.0,208.21153846153845,30.0,1.0,14,0,14,340.0,208,3.466666666666667,0.0,0.0,neurofeedback,Subject_006,Session_001
6,0,LEFT,False,False,wrong_paddle,False,740.0,680.0,492.5,342.0,0.0,4,4,0,0.0,352,5.866666666666666,,,neurofeedback,Subject_006,Session_001
7,0,LEFT,True,False,hit,False,60.0,0.0,245.91929824561404,0.0,0.7807017543859649,18,1,17,340.0,570,9.5,0.0,0.0,neurofeedback,Subject_006,Session_001
8,0,LEFT,False,True,timeout_wrong,False,408.0,348.0,264.7391304347826,76.0,0.7441471571906354,16,5,11,264.0,598,9.966666666666667,148.0,2.466666666666667,neurofeedback,Subject_006,Session_001
9,0,LEFT,True,False,hit,False,60.0,0.0,193.66,0.0,0.965,4,1,3,340.0,200,3.3333333333333335,0.0,0.0,neurofeedback,Subject_006,Session_001
10,1,RIGHT,False,False,wrong_paddle,False,60.0,710.0,535.4664031620554,362.0,0.01383399209486166,7,6,1,8.0,506,8.433333333333334,0.0,0.0,neurofeedback,Subject_006,Session_001
11,0,LEFT,True,False,hit,False,60.0,0.0,169.0,0.0,1.0,0,0,0,340.0,170,2.8333333333333335,0.0,0.0,neurofeedback,Subject_006,Session_001
12,1,RIGHT,False,False,wrong_paddle,False,60.0,710.0,541.0,372.0,0.0,0,0,0,0.0,170,2.8333333333333335,,,neurofeedback,Subject_006,Session_001
13,0,LEFT,False,True,timeout_wrong,False,554.0,494.0,287.1932773109244,62.0,0.6588235294117647,9,5,4,278.0,595,9.916666666666666,2.0,0.03333333333333333,neurofeedback,Subject_006,Session_001
14,1,RIGHT,True,False,hit,False,740.0,30.0,202.93103448275863,30.0,0.9827586206896551,1,1,0,340.0,174,2.9,0.0,0.0,neurofeedback,Subject_006,Session_001
15,0,LEFT,False,False,wrong_paddle,False,740.0,680.0,454.24460431654677,320.0,0.0539568345323741,16,8,8,20.0,556,9.266666666666667,156.0,2.6,neurofeedback,Subject_006,Session_001
16,0,LEFT,False,False,wrong_paddle,False,740.0,680.0,511.0,342.0,0.0,0,0,0,0.0,170,2.8333333333333335,,,neurofeedback,Subject_006,Session_001
17,1,RIGHT,False,False,wrong_paddle,False,60.0,710.0,540.5777777777778,372.0,0.0,4,4,0,0.0,180,3.0,,,neurofeedback,Subject_006,Session_001
18,1,RIGHT,False,True,timeout_close_weak,False,430.0,340.0,308.2050420168067,70.0,0.6470588235294118,6,2,4,300.0,595,9.916666666666666,0.0,0.0,neurofeedback,Subject_006,Session_001
19,0,LEFT,True,False,hit,False,60.0,0.0,263.56852791878174,0.0,0.7233502538071066,6,3,3,340.0,394,6.566666666666666,0.0,0.0,neurofeedback,Subject_006,Session_001
20,0,LEFT,False,False,wrong_paddle,False,740.0,680.0,481.3762376237624,308.0,0.15346534653465346,1,0,1,32.0,202,3.3666666666666667,0.0,0.0,neurofeedback,Subject_006,Session_001
21,1,RIGHT,False,True,timeout_close_weak,False,414.0,356.0,516.7563025210084,302.0,0.1092436974789916,14,11,3,68.0,595,9.916666666666666,530.0,8.833333333333334,neurofeedback,Subject_006,Session_001
22,1,RIGHT,False,True,timeout_wrong,False,352.0,418.0,259.08053691275165,100.0,0.8859060402684564,10,2,8,270.0,596,9.933333333333334,32.0,0.5333333333333333,neurofeedback,Subject_006,Session_001
23,0,LEFT,False,False,wrong_paddle,False,740.0,680.0,449.2079207920792,280.0,0.14603960396039603,9,8,1,60.0,404,6.733333333333333,0.0,0.0,neurofeedback,Subject_006,Session_001
24,1,RIGHT,False,False,wrong_paddle,True,60.0,710.0,563.9081632653061,372.0,0.0,18,18,0,0.0,392,6.533333333333333,,,neurofeedback,Subject_006,Session_001
25,0,LEFT,False,False,wrong_paddle,False,740.0,680.0,438.2487804878049,258.0,0.1975609756097561,8,7,1,82.0,410,6.833333333333333,108.0,1.8,neurofeedback,Subject_006,Session_001
26,1,RIGHT,False,False,wrong_paddle,False,60.0,710.0,438.1788079470199,248.0,0.4337748344370861,5,0,5,122.0,302,5.033333333333333,0.0,0.0,neurofeedback,Subject_006,Session_001
27,0,LEFT,True,False,hit,False,60.0,0.0,169.0,0.0,1.0,0,0,0,340.0,170,2.8333333333333335,0.0,0.0,neurofeedback,Subject_006,Session_001
28,0,LEFT,False,True,timeout_close_weak,False,244.0,184.0,185.8695652173913,22.0,0.9214046822742475,3,1,2,318.0,598,9.966666666666667,0.0,0.0,neurofeedback,Subject_006,Session_001
29,1,RIGHT,False,True,timeout_close_weak,False,442.0,328.0,423.6046901172529,252.0,0.31155778894472363,6,4,2,118.0,597,9.95,180.0,3.0,neurofeedback,Subject_006,Session_001
30,0,LEFT,False,False,wrong_paddle,False,740.0,680.0,511.0,342.0,0.0,0,0,0,0.0,170,2.8333333333333335,,,neurofeedback,Subject_006,Session_001
31,1,RIGHT,False,True,timeout_close_strong,False,630.0,140.0,366.6386554621849,72.0,0.42016806722689076,18,8,10,298.0,595,9.916666666666666,118.0,1.9666666666666666,neurofeedback,Subject_006,Session_001
32,0,LEFT,False,False,wrong_paddle,False,740.0,680.0,410.69953051643193,220.0,0.2887323943661972,4,1,3,120.0,426,7.1,132.0,2.2,neurofeedback,Subject_006,Session_001
33,0,LEFT,False,False,wrong_paddle,False,740.0,680.0,511.9732142857143,334.0,0.013392857142857142,16,14,2,6.0,448,7.466666666666667,4.0,0.06666666666666667,neurofeedback,Subject_006,Session_001
34,1,RIGHT,True,False,hit,False,740.0,30.0,199.0,30.0,1.0,0,0,0,340.0,170,2.8333333333333335,0.0,0.0,neurofeedback,Subject_006,Session_001
35,1,RIGHT,True,False,hit,False,740.0,30.0,199.0,30.0,1.0,0,0,0,340.0,170,2.8333333333333335,0.0,0.0,neurofeedback,Subject_006,Session_001
36,0,LEFT,False,False,wrong_paddle,False,740.0,680.0,511.0,342.0,0.0,0,0,0,0.0,170,2.8333333333333335,,,neurofeedback,Subject_006,Session_001
37,1,RIGHT,True,False,hit,False,740.0,30.0,341.2834008097166,30.0,0.5121457489878543,36,19,17,340.0,494,8.233333333333333,0.0,0.0,neurofeedback,Subject_006,Session_001
38,0,LEFT,False,True,timeout_close_strong,True,146.0,86.0,378.57621440536013,86.0,0.36180904522613067,46,33,13,254.0,597,9.95,0.0,0.0,neurofeedback,Subject_006,Session_001
39,1,RIGHT,False,False,wrong_paddle,False,60.0,710.0,431.40796019900495,244.0,0.42786069651741293,19,11,8,126.0,402,6.7,0.0,0.0,neurofeedback,Subject_006,Session_001
40,0,LEFT,False,False,wrong_paddle,False,740.0,680.0,505.31496062992125,342.0,0.0,10,10,0,0.0,254,4.233333333333333,,,neurofeedback,Subject_006,Session_001
41,1,RIGHT,False,False,wrong_early,False,300.0,470.0,478.37373737373736,304.0,0.13636363636363635,12,5,7,66.0,594,9.9,462.0,7.7,neurofeedback,Subject_006,Session_001
42,0,LEFT,True,False,hit,False,60.0,0.0,184.82978723404256,0.0,0.9840425531914894,6,1,5,340.0,188,3.1333333333333333,0.0,0.0,neurofeedback,Subject_006,Session_001
43,0,LEFT,False,False,wrong_paddle,False,740.0,680.0,462.22222222222223,340.0,0.0,14,14,0,0.0,252,4.2,,,neurofeedback,Subject_006,Session_001
44,1,RIGHT,False,False,wrong_paddle,False,60.0,710.0,424.70588235294116,226.0,0.3627450980392157,9,7,2,144.0,408,6.8,0.0,0.0,neurofeedback,Subject_006,Session_001
45,1,RIGHT,False,True,timeout_close_strong,False,616.0,154.0,206.14093959731542,48.0,1.0,32,0,32,322.0,596,9.933333333333334,0.0,0.0,neurofeedback,Subject_006,Session_001
46,1,RIGHT,True,False,hit,False,740.0,30.0,303.5,30.0,0.5969387755102041,15,1,14,340.0,392,6.533333333333333,158.0,2.6333333333333333,neurofeedback,Subject_006,Session_001
47,0,LEFT,False,False,wrong_paddle,True,740.0,680.0,531.2721088435375,342.0,0.0,16,16,0,0.0,294,4.9,,,neurofeedback,Subject_006,Session_001
48,0,LEFT,False,False,wrong_paddle,False,740.0,680.0,512.7727272727273,342.0,0.0,2,2,0,0.0,176,2.933333333333333,,,neurofeedback,Subject_006,Session_001
49,1,RIGHT,True,False,hit,False,740.0,30.0,260.0,30.0,0.7272727272727273,15,7,8,340.0,264,4.4,72.0,1.2,neurofeedback,Subject_006,Session_001
50,1,RIGHT,False,True,timeout_close_weak,False,406.0,364.0,271.84589614740366,62.0,0.7470686767169179,30,7,23,308.0,597,9.95,0.0,0.0,neurofeedback,Subject_006,Session_001
51,1,RIGHT,False,True,timeout_wrong,True,286.0,484.0,467.14285714285717,336.0,0.09411764705882353,33,23,10,34.0,595,9.916666666666666,4.0,0.06666666666666667,neurofeedback,Subject_006,Session_001
52,0,LEFT,True,False,hit,False,60.0,0.0,175.560553633218,0.0,1.0,18,0,18,340.0,578,9.633333333333333,0.0,0.0,neurofeedback,Subject_006,Session_001
53,0,LEFT,True,False,hit,False,60.0,0.0,239.40637450199202,0.0,0.7928286852589641,7,3,4,340.0,502,8.366666666666667,104.0,1.7333333333333334,neurofeedback,Subject_006,Session_001
54,1,RIGHT,False,True,timeout_wrong,False,384.0,386.0,522.5906040268457,368.0,0.003355704697986577,16,14,2,2.0,596,9.933333333333334,2.0,0.03333333333333333,neurofeedback,Subject_006,Session_001
55,1,RIGHT,False,False,close_strong_early,False,652.0,118.0,378.46127946127945,98.0,0.41245791245791247,18,6,12,272.0,594,9.9,222.0,3.7,neurofeedback,Subject_006,Session_001
56,0,LEFT,False,False,wrong_paddle,False,740.0,680.0,511.0,342.0,0.0,0,0,0,0.0,170,2.8333333333333335,,,neurofeedback,Subject_006,Session_001
57,0,LEFT,False,False,wrong_paddle,True,740.0,680.0,526.979797979798,342.0,0.0,18,18,0,0.0,396,6.6,,,neurofeedback,Subject_006,Session_001
58,1,RIGHT,True,False,hit,False,740.0,30.0,210.70338983050848,30.0,0.989406779661017,24,1,23,340.0,472,7.866666666666666,0.0,0.0,neurofeedback,Subject_006,Session_001
59,0,LEFT,False,False,wrong_paddle,False,740.0,680.0,521.4356435643564,342.0,0.0,8,8,0,0.0,202,3.3666666666666667,,,neurofeedback,Subject_006,Session_001
60,1,RIGHT,True,False,hit,False,740.0,30.0,193.95454545454547,30.0,1.0,2,0,2,340.0,176,2.933333333333333,0.0,0.0,neurofeedback,Subject_006,Session_001
61,0,LEFT,False,False,wrong_early,False,418.0,358.0,384.33389544688026,224.0,0.33895446880269814,20,7,13,116.0,593,9.883333333333333,0.0,0.0,neurofeedback,Subject_006,Session_001
62,0,LEFT,True,False,hit,False,60.0,0.0,169.0,0.0,1.0,0,0,0,340.0,170,2.8333333333333335,0.0,0.0,neurofeedback,Subject_006,Session_001
63,1,RIGHT,False,False,wrong_paddle,False,60.0,710.0,537.2376237623762,372.0,0.0,8,8,0,0.0,202,3.3666666666666667,,,neurofeedback,Subject_006,Session_001
64,1,RIGHT,False,False,wrong_paddle,False,60.0,710.0,504.84761904761905,336.0,0.18571428571428572,3,0,3,34.0,210,3.5,0.0,0.0,neurofeedback,Subject_006,Session_001
65,1,RIGHT,False,False,close_strong_early,False,658.0,112.0,320.2900505902192,110.0,0.7116357504215851,36,14,22,260.0,593,9.883333333333333,94.0,1.5666666666666667,neurofeedback,Subject_006,Session_001
66,1,RIGHT,False,False,wrong_early,False,350.0,420.0,367.858347386172,218.0,0.5092748735244519,13,9,4,152.0,593,9.883333333333333,20.0,0.3333333333333333,neurofeedback,Subject_006,Session_001
67,1,RIGHT,False,False,wrong_paddle,False,60.0,710.0,499.9308176100629,314.0,0.1792452830188679,17,14,3,56.0,318,5.3,0.0,0.0,neurofeedback,Subject_006,Session_001
68,1,RIGHT,True,False,hit,False,740.0,30.0,362.46902654867256,30.0,0.4269911504424779,14,9,5,340.0,452,7.533333333333333,0.0,0.0,neurofeedback,Subject_006,Session_001
69,0,LEFT,True,False,hit,False,60.0,0.0,167.95744680851064,0.0,1.0,6,0,6,340.0,188,3.1333333333333333,0.0,0.0,neurofeedback,Subject_006,Session_001
70,0,LEFT,False,False,wrong_paddle,False,740.0,680.0,403.4186046511628,208.0,0.31627906976744186,6,3,3,132.0,430,7.166666666666667,0.0,0.0,neurofeedback,Subject_006,Session_001
71,0,LEFT,False,False,wrong_paddle,False,740.0,680.0,511.0,342.0,0.0,0,0,0,0.0,170,2.8333333333333335,,,neurofeedback,Subject_006,Session_001
72,0,LEFT,False,False,wrong_paddle,False,740.0,680.0,511.0,342.0,0.0,0,0,0,0.0,170,2.8333333333333335,,,neurofeedback,Subject_006,Session_001
73,0,LEFT,False,False,wrong_paddle,False,740.0,680.0,511.0,342.0,0.0,0,0,0,0.0,170,2.8333333333333335,,,neurofeedback,Subject_006,Session_001
74,1,RIGHT,True,False,hit,False,740.0,30.0,199.0,30.0,1.0,0,0,0,340.0,170,2.8333333333333335,0.0,0.0,neurofeedback,Subject_006,Session_001
75,0,LEFT,False,False,wrong_paddle,True,740.0,680.0,533.4875,342.0,0.0,22,22,0,0.0,320,5.333333333333333,,,neurofeedback,Subject_006,Session_001
76,0,LEFT,False,False,wrong_paddle,True,740.0,680.0,551.3857142857142,342.0,0.0,18,18,0,0.0,280,4.666666666666667,,,neurofeedback,Subject_006,Session_001
77,1,RIGHT,False,False,wrong_paddle,False,60.0,710.0,541.0,372.0,0.0,0,0,0,0.0,170,2.8333333333333335,,,neurofeedback,Subject_006,Session_001
78,0,LEFT,True,False,hit,False,60.0,0.0,169.0,0.0,1.0,0,0,0,340.0,170,2.8333333333333335,0.0,0.0,neurofeedback,Subject_006,Session_001
79,1,RIGHT,False,False,wrong_paddle,False,60.0,710.0,529.4086021505376,372.0,0.0,4,4,0,0.0,186,3.1,,,neurofeedback,Subject_006,Session_001
80,1,RIGHT,False,False,wrong_paddle,False,60.0,710.0,541.0,372.0,0.0,0,0,0,0.0,170,2.8333333333333335,,,neurofeedback,Subject_006,Session_001
81,1,RIGHT,False,True,timeout_close_weak,False,438.0,332.0,343.83249581239534,124.0,0.5510887772194305,30,5,25,246.0,597,9.95,268.0,4.466666666666667,neurofeedback,Subject_006,Session_001
82,1,RIGHT,True,False,hit,False,740.0,30.0,199.0,30.0,1.0,0,0,0,340.0,170,2.8333333333333335,0.0,0.0,neurofeedback,Subject_006,Session_001
83,0,LEFT,False,False,wrong_paddle,True,740.0,680.0,463.7142857142857,256.0,0.22704081632653061,21,16,5,84.0,392,6.533333333333333,0.0,0.0,neurofeedback,Subject_006,Session_001
84,0,LEFT,False,True,timeout_close_strong,False,66.0,6.0,240.09715242881072,6.0,0.7805695142378559,15,10,5,334.0,597,9.95,24.0,0.4,neurofeedback,Subject_006,Session_001
85,0,LEFT,False,False,wrong_paddle,False,740.0,680.0,515.7851851851852,342.0,0.0,4,4,0,0.0,270,4.5,,,neurofeedback,Subject_006,Session_001
86,0,LEFT,False,False,wrong_early,True,410.0,350.0,387.47048903878584,192.0,0.2984822934232715,27,20,7,148.0,593,9.883333333333333,216.0,3.6,neurofeedback,Subject_006,Session_001
87,1,RIGHT,False,True,timeout_close_weak,True,468.0,302.0,390.2953020134228,236.0,0.43456375838926176,37,20,17,134.0,596,9.933333333333334,128.0,2.1333333333333333,neurofeedback,Subject_006,Session_001
88,0,LEFT,False,False,wrong_early,True,504.0,444.0,474.986531986532,324.0,0.045454545454545456,30,27,3,16.0,594,9.9,0.0,0.0,neurofeedback,Subject_006,Session_001
89,0,LEFT,False,True,timeout_wrong,False,496.0,436.0,342.6308724832215,170.0,0.45302013422818793,14,12,2,170.0,596,9.933333333333334,190.0,3.1666666666666665,neurofeedback,Subject_006,Session_001
90,0,LEFT,False,False,wrong_paddle,False,740.0,680.0,489.9004329004329,254.0,0.21861471861471862,19,14,5,86.0,462,7.7,0.0,0.0,neurofeedback,Subject_006,Session_001
91,1,RIGHT,False,False,wrong_paddle,False,60.0,710.0,541.0,372.0,0.0,0,0,0,0.0,170,2.8333333333333335,,,neurofeedback,Subject_006,Session_001
92,1,RIGHT,False,False,close_weak_early,False,476.0,294.0,354.6835016835017,58.0,0.5151515151515151,12,3,9,312.0,594,9.9,288.0,4.8,neurofeedback,Subject_006,Session_001
93,1,RIGHT,False,True,timeout_wrong,False,338.0,432.0,336.50084033613444,130.0,0.5680672268907563,31,5,26,240.0,595,9.916666666666666,0.0,0.0,neurofeedback,Subject_006,Session_001
94,1,RIGHT,True,False,hit,False,740.0,30.0,326.46031746031747,30.0,0.48677248677248675,13,9,4,340.0,378,6.3,194.0,3.2333333333333334,neurofeedback,Subject_006,Session_001
95,1,RIGHT,False,False,wrong_paddle,False,60.0,710.0,541.0,372.0,0.0,0,0,0,0.0,170,2.8333333333333335,,,neurofeedback,Subject_006,Session_001
96,0,LEFT,False,True,wrong_paddle,False,734.0,674.0,395.3613445378151,166.0,0.3630252100840336,7,3,4,174.0,595,9.916666666666666,0.0,0.0,neurofeedback,Subject_006,Session_001
97,1,RIGHT,True,False,hit,False,740.0,30.0,199.0,30.0,1.0,0,0,0,340.0,170,2.8333333333333335,0.0,0.0,neurofeedback,Subject_006,Session_001
98,0,LEFT,False,False,wrong_paddle,False,740.0,680.0,511.0,342.0,0.0,0,0,0,0.0,170,2.8333333333333335,,,neurofeedback,Subject_006,Session_001
99,0,LEFT,False,True,timeout_close_weak,False,302.0,242.0,317.0420168067227,78.0,0.561344537815126,25,8,17,262.0,595,9.916666666666666,244.0,4.066666666666666,neurofeedback,Subject_006,Session_001
100,1,RIGHT,False,False,wrong_paddle,False,60.0,710.0,513.0795454545455,372.0,0.0,2,2,0,0.0,352,5.866666666666666,,,neurofeedback,Subject_006,Session_001
101,1,RIGHT,False,False,wrong_paddle,True,60.0,710.0,426.112,240.0,0.352,43,27,16,130.0,500,8.333333333333334,0.0,0.0,neurofeedback,Subject_006,Session_001
102,1,RIGHT,False,False,close_weak_early,False,570.0,200.0,402.13153456998316,88.0,0.3490725126475548,14,9,5,282.0,593,9.883333333333333,386.0,6.433333333333334,neurofeedback,Subject_006,Session_001
103,0,LEFT,False,False,wrong_paddle,False,740.0,680.0,432.8048780487805,206.0,0.3231707317073171,17,8,9,134.0,492,8.2,0.0,0.0,neurofeedback,Subject_006,Session_001
104,0,LEFT,True,False,hit,False,60.0,0.0,229.2057142857143,0.0,0.7571428571428571,20,5,15,340.0,350,5.833333333333333,0.0,0.0,neurofeedback,Subject_006,Session_001
105,1,RIGHT,True,False,hit,False,740.0,30.0,225.08860759493672,30.0,1.0,30,0,30,340.0,316,5.266666666666667,0.0,0.0,neurofeedback,Subject_006,Session_001
106,1,RIGHT,True,False,hit,False,740.0,30.0,199.0,30.0,1.0,0,0,0,340.0,170,2.8333333333333335,0.0,0.0,neurofeedback,Subject_006,Session_001
107,0,LEFT,False,False,wrong_paddle,False,700.0,640.0,463.0875420875421,292.0,0.1632996632996633,21,12,9,48.0,594,9.9,0.0,0.0,neurofeedback,Subject_006,Session_001
108,0,LEFT,True,False,hit,False,60.0,0.0,177.33333333333334,0.0,1.0,2,0,2,340.0,180,3.0,0.0,0.0,neurofeedback,Subject_006,Session_001
109,0,LEFT,True,False,hit,False,60.0,0.0,278.25619834710744,0.0,0.6694214876033058,11,3,8,340.0,484,8.066666666666666,160.0,2.6666666666666665,neurofeedback,Subject_006,Session_001
110,1,RIGHT,True,False,hit,False,740.0,30.0,251.29310344827587,30.0,0.7327586206896551,9,9,0,340.0,232,3.8666666666666667,62.0,1.0333333333333334,neurofeedback,Subject_006,Session_001
111,1,RIGHT,True,False,hit,False,740.0,30.0,199.0,30.0,1.0,0,0,0,340.0,170,2.8333333333333335,0.0,0.0,neurofeedback,Subject_006,Session_001
112,1,RIGHT,False,False,wrong_paddle,False,60.0,710.0,518.8290598290598,346.0,0.10683760683760683,9,6,3,24.0,234,3.9,0.0,0.0,neurofeedback,Subject_006,Session_001
113,1,RIGHT,True,False,hit,False,740.0,30.0,199.0,30.0,1.0,0,0,0,340.0,170,2.8333333333333335,0.0,0.0,neurofeedback,Subject_006,Session_001
114,0,LEFT,True,False,hit,False,60.0,0.0,236.62820512820514,0.0,0.7051282051282052,7,3,4,340.0,312,5.2,92.0,1.5333333333333334,neurofeedback,Subject_006,Session_001
115,0,LEFT,False,False,wrong_paddle,True,740.0,680.0,477.8854961832061,342.0,0.0,24,24,0,0.0,262,4.366666666666666,,,neurofeedback,Subject_006,Session_001
116,0,LEFT,False,False,wrong_paddle,False,740.0,680.0,344.15384615384613,102.0,0.5149572649572649,8,5,3,238.0,468,7.8,56.0,0.9333333333333333,neurofeedback,Subject_006,Session_001
117,0,LEFT,False,False,wrong_paddle,False,740.0,680.0,513.4821428571429,342.0,0.0,12,12,0,0.0,224,3.7333333333333334,,,neurofeedback,Subject_006,Session_001
118,0,LEFT,False,False,wrong_paddle,False,740.0,680.0,511.0,342.0,0.0,0,0,0,0.0,170,2.8333333333333335,,,neurofeedback,Subject_006,Session_001
119,1,RIGHT,False,True,timeout_close_weak,False,470.0,300.0,365.89915966386553,136.0,0.4907563025210084,21,8,13,234.0,595,9.916666666666666,74.0,1.2333333333333334,neurofeedback,Subject_006,Session_001
120,0,LEFT,True,False,hit,True,60.0,0.0,339.52985074626866,0.0,0.31716417910447764,19,19,0,340.0,536,8.933333333333334,366.0,6.1,neurofeedback,Subject_006,Session_001
121,1,RIGHT,True,False,hit,False,740.0,30.0,199.0,30.0,1.0,0,0,0,340.0,170,2.8333333333333335,0.0,0.0,neurofeedback,Subject_006,Session_001
122,1,RIGHT,False,True,timeout_wrong,False,358.0,412.0,435.6649916247906,300.0,0.25125628140703515,16,8,8,70.0,597,9.95,8.0,0.13333333333333333,neurofeedback,Subject_006,Session_001
123,1,RIGHT,False,False,wrong_paddle,False,60.0,710.0,507.38461538461536,338.0,0.14903846153846154,3,2,1,32.0,208,3.466666666666667,0.0,0.0,neurofeedback,Subject_006,Session_001
124,1,RIGHT,False,True,timeout_close_weak,False,580.0,190.0,430.79194630872485,190.0,0.2835570469798658,11,6,5,180.0,596,9.933333333333334,262.0,4.366666666666666,neurofeedback,Subject_006,Session_001
125,1,RIGHT,True,False,hit,False,740.0,30.0,199.0,30.0,1.0,0,0,0,340.0,170,2.8333333333333335,0.0,0.0,neurofeedback,Subject_006,Session_001
126,0,LEFT,False,False,wrong_paddle,False,740.0,680.0,511.0,342.0,0.0,0,0,0,0.0,170,2.8333333333333335,,,neurofeedback,Subject_006,Session_001
127,0,LEFT,False,False,wrong_early,False,504.0,444.0,251.24915824915826,88.0,0.803030303030303,27,10,17,252.0,594,9.9,12.0,0.2,neurofeedback,Subject_006,Session_001
128,0,LEFT,True,False,hit,False,60.0,0.0,280.31797235023043,0.0,0.5668202764976958,17,1,16,340.0,434,7.233333333333333,188.0,3.1333333333333333,neurofeedback,Subject_006,Session_001
129,0,LEFT,True,False,hit,False,60.0,0.0,181.44604316546761,0.0,1.0,8,0,8,340.0,278,4.633333333333334,0.0,0.0,neurofeedback,Subject_006,Session_001
130,1,RIGHT,True,False,hit,False,740.0,30.0,287.94392523364485,30.0,0.6799065420560748,17,10,7,340.0,428,7.133333333333334,94.0,1.5666666666666667,neurofeedback,Subject_006,Session_001
131,1,RIGHT,False,False,wrong_paddle,False,60.0,710.0,508.0576923076923,344.0,0.15865384615384615,5,2,3,26.0,208,3.466666666666667,0.0,0.0,neurofeedback,Subject_006,Session_001
132,0,LEFT,False,False,close_strong_early,False,128.0,68.0,331.75,68.0,0.606418918918919,31,6,25,272.0,592,9.866666666666667,10.0,0.16666666666666666,neurofeedback,Subject_006,Session_001
133,1,RIGHT,True,False,hit,False,740.0,30.0,285.680412371134,30.0,0.7396907216494846,27,14,13,340.0,388,6.466666666666667,80.0,1.3333333333333333,neurofeedback,Subject_006,Session_001
134,0,LEFT,True,False,hit,False,60.0,0.0,158.05389221556885,0.0,0.9850299401197605,16,1,15,340.0,334,5.566666666666666,0.0,0.0,neurofeedback,Subject_006,Session_001
135,1,RIGHT,True,False,hit,False,740.0,30.0,199.0,30.0,1.0,0,0,0,340.0,170,2.8333333333333335,0.0,0.0,neurofeedback,Subject_006,Session_001
136,0,LEFT,False,True,timeout_close_weak,False,380.0,320.0,263.758389261745,92.0,0.761744966442953,12,4,8,248.0,596,9.933333333333334,0.0,0.0,neurofeedback,Subject_006,Session_001
137,0,LEFT,True,False,hit,False,60.0,0.0,240.3658536585366,0.0,0.8262195121951219,6,3,3,340.0,328,5.466666666666667,0.0,0.0,neurofeedback,Subject_006,Session_001
138,1,RIGHT,False,False,wrong_paddle,False,60.0,710.0,538.1122448979592,304.0,0.17091836734693877,7,4,3,66.0,392,6.533333333333333,0.0,0.0,neurofeedback,Subject_006,Session_001
139,0,LEFT,False,False,wrong_paddle,False,740.0,680.0,437.9172413793103,214.0,0.22413793103448276,16,13,3,126.0,580,9.666666666666666,0.0,0.0,neurofeedback,Subject_006,Session_001
140,0,LEFT,False,False,wrong_paddle,False,740.0,680.0,445.64516129032256,272.0,0.31048387096774194,5,0,5,68.0,248,4.133333333333334,0.0,0.0,neurofeedback,Subject_006,Session_001
141,0,LEFT,False,False,wrong_paddle,False,740.0,680.0,511.0,342.0,0.0,0,0,0,0.0,170,2.8333333333333335,,,neurofeedback,Subject_006,Session_001
142,1,RIGHT,False,False,close_weak_early,False,580.0,190.0,311.30405405405406,124.0,0.7483108108108109,14,7,7,246.0,592,9.866666666666667,0.0,0.0,neurofeedback,Subject_006,Session_001
143,1,RIGHT,True,False,hit,False,740.0,30.0,165.39766081871346,30.0,1.0,10,0,10,340.0,342,5.7,0.0,0.0,neurofeedback,Subject_006,Session_001
144,0,LEFT,False,False,wrong_paddle,False,740.0,680.0,511.0,342.0,0.0,0,0,0,0.0,170,2.8333333333333335,,,neurofeedback,Subject_006,Session_001
145,1,RIGHT,True,False,hit,False,740.0,30.0,190.21153846153845,30.0,1.0,10,0,10,340.0,208,3.466666666666667,0.0,0.0,neurofeedback,Subject_006,Session_001
146,0,LEFT,True,False,hit,False,60.0,0.0,251.50666666666666,0.0,0.7577777777777778,7,4,3,340.0,450,7.5,88.0,1.4666666666666666,neurofeedback,Subject_006,Session_001
147,1,RIGHT,False,False,wrong_paddle,False,60.0,710.0,442.1098901098901,300.0,0.4697802197802198,23,4,19,70.0,364,6.066666666666666,0.0,0.0,neurofeedback,Subject_006,Session_001
148,1,RIGHT,False,False,close_strong_early,False,698.0,72.0,291.6964586846543,72.0,0.657672849915683,57,22,35,298.0,593,9.883333333333333,192.0,3.2,neurofeedback,Subject_006,Session_001
149,1,RIGHT,True,False,hit,False,740.0,30.0,199.0,30.0,1.0,0,0,0,340.0,170,2.8333333333333335,0.0,0.0,neurofeedback,Subject_006,Session_001
150,0,LEFT,False,True,timeout_wrong,True,460.0,400.0,422.08053691275165,244.0,0.1761744966442953,20,15,5,96.0,596,9.933333333333334,460.0,7.666666666666667,neurofeedback,Subject_006,Session_001
151,1,RIGHT,False,False,wrong_paddle,False,90.0,680.0,405.7807757166948,168.0,0.38617200674536256,22,11,11,202.0,593,9.883333333333333,104.0,1.7333333333333334,neurofeedback,Subject_006,Session_001
152,0,LEFT,False,False,wrong_paddle,False,740.0,680.0,528.2758620689655,342.0,0.0,6,6,0,0.0,232,3.8666666666666667,,,neurofeedback,Subject_006,Session_001
153,1,RIGHT,False,True,wrong_paddle,True,134.0,636.0,528.9176470588235,372.0,0.0,20,20,0,0.0,595,9.916666666666666,,,neurofeedback,Subject_006,Session_001
154,0,LEFT,True,False,hit,False,60.0,0.0,230.1404958677686,0.0,0.7024793388429752,3,3,0,340.0,242,4.033333333333333,72.0,1.2,neurofeedback,Subject_006,Session_001
155,0,LEFT,True,False,hit,False,60.0,0.0,169.0,0.0,1.0,0,0,0,340.0,170,2.8333333333333335,0.0,0.0,neurofeedback,Subject_006,Session_001
156,1,RIGHT,False,False,wrong_paddle,False,60.0,710.0,507.3,372.0,0.0,10,10,0,0.0,400,6.666666666666667,,,neurofeedback,Subject_006,Session_001
157,1,RIGHT,True,False,hit,False,740.0,30.0,319.08097165991904,30.0,0.6174089068825911,32,7,25,340.0,494,8.233333333333333,0.0,0.0,neurofeedback,Subject_006,Session_001
158,0,LEFT,False,False,wrong_early,False,440.0,380.0,273.32323232323233,104.0,0.7558922558922558,21,8,13,236.0,594,9.9,0.0,0.0,neurofeedback,Subject_006,Session_001
159,0,LEFT,True,False,hit,False,60.0,0.0,222.672131147541,0.0,0.7459016393442623,11,5,6,340.0,244,4.066666666666666,62.0,1.0333333333333334,neurofeedback,Subject_006,Session_001
160,1,RIGHT,True,False,hit,False,740.0,30.0,341.05405405405406,30.0,0.4797297297297297,17,12,5,340.0,444,7.4,48.0,0.8,neurofeedback,Subject_006,Session_001
161,0,LEFT,False,False,close_weak_early,False,258.0,198.0,239.13996627318718,24.0,0.7807757166947723,28,5,23,316.0,593,9.883333333333333,130.0,2.1666666666666665,neurofeedback,Subject_006,Session_001
162,0,LEFT,True,False,hit,False,60.0,0.0,160.2621359223301,0.0,1.0,4,0,4,340.0,206,3.433333333333333,0.0,0.0,neurofeedback,Subject_006,Session_001
163,0,LEFT,True,False,hit,False,60.0,0.0,218.68421052631578,0.0,0.7456140350877193,7,7,0,340.0,228,3.8,58.0,0.9666666666666667,neurofeedback,Subject_006,Session_001
164,1,RIGHT,True,False,hit,False,740.0,30.0,247.15929203539824,30.0,0.7522123893805309,7,7,0,340.0,226,3.7666666666666666,56.0,0.9333333333333333,neurofeedback,Subject_006,Session_001
165,0,LEFT,False,False,wrong_paddle,False,740.0,680.0,511.0,342.0,0.0,0,0,0,0.0,170,2.8333333333333335,,,neurofeedback,Subject_006,Session_001
166,1,RIGHT,True,False,hit,False,740.0,30.0,199.0,30.0,1.0,0,0,0,340.0,170,2.8333333333333335,0.0,0.0,neurofeedback,Subject_006,Session_001
167,1,RIGHT,False,False,close_weak_early,True,412.0,358.0,484.2972972972973,240.0,0.3091216216216216,29,23,6,130.0,592,9.866666666666667,0.0,0.0,neurofeedback,Subject_006,Session_001
168,1,RIGHT,False,False,wrong_paddle,False,60.0,710.0,541.0,372.0,0.0,0,0,0,0.0,170,2.8333333333333335,,,neurofeedback,Subject_006,Session_001
169,0,LEFT,True,False,hit,False,60.0,0.0,375.1021897810219,0.0,0.3102189781021898,5,5,0,340.0,548,9.133333333333333,378.0,6.3,neurofeedback,Subject_006,Session_001
170,0,LEFT,True,False,hit,False,60.0,0.0,304.2705882352941,0.0,0.5980392156862745,4,1,3,340.0,510,8.5,0.0,0.0,neurofeedback,Subject_006,Session_001
171,0,LEFT,True,False,hit,False,60.0,0.0,169.0,0.0,1.0,0,0,0,340.0,170,2.8333333333333335,0.0,0.0,neurofeedback,Subject_006,Session_001
172,0,LEFT,True,False,hit,False,60.0,0.0,187.0441176470588,0.0,1.0,8,0,8,340.0,272,4.533333333333333,0.0,0.0,neurofeedback,Subject_006,Session_001
173,1,RIGHT,False,False,close_strong_early,True,648.0,122.0,450.1689189189189,122.0,0.24155405405405406,22,19,3,248.0,592,9.866666666666667,0.0,0.0,neurofeedback,Subject_006,Session_001
174,1,RIGHT,True,False,hit,False,740.0,30.0,199.0,30.0,1.0,0,0,0,340.0,170,2.8333333333333335,0.0,0.0,neurofeedback,Subject_006,Session_001
175,0,LEFT,False,False,wrong_paddle,False,740.0,680.0,494.01785714285717,342.0,0.0,12,12,0,0.0,224,3.7333333333333334,,,neurofeedback,Subject_006,Session_001
176,0,LEFT,False,False,wrong_paddle,False,740.0,680.0,511.0,342.0,0.0,0,0,0,0.0,170,2.8333333333333335,,,neurofeedback,Subject_006,Session_001
177,1,RIGHT,False,False,close_strong_early,False,736.0,34.0,217.5627118644068,34.0,0.9966101694915255,32,0,32,336.0,590,9.833333333333334,2.0,0.03333333333333333,neurofeedback,Subject_006,Session_001
178,1,RIGHT,False,False,wrong_paddle,False,60.0,710.0,468.05263157894734,284.0,0.34210526315789475,5,2,3,86.0,266,4.433333333333334,0.0,0.0,neurofeedback,Subject_006,Session_001
179,1,RIGHT,False,False,wrong_paddle,False,60.0,710.0,406.5245283018868,178.0,0.3754716981132076,14,9,5,192.0,530,8.833333333333334,160.0,2.6666666666666665,neurofeedback,Subject_006,Session_001
180,0,LEFT,False,False,wrong_early,False,502.0,442.0,319.0253807106599,84.0,0.5008460236886633,32,24,8,256.0,591,9.85,0.0,0.0,neurofeedback,Subject_006,Session_001
181,1,RIGHT,True,False,hit,False,740.0,30.0,236.02857142857144,30.0,1.0,14,0,14,340.0,350,5.833333333333333,0.0,0.0,neurofeedback,Subject_006,Session_001
182,0,LEFT,False,False,wrong_paddle,True,740.0,680.0,442.54112554112555,240.0,0.2532467532467532,28,19,9,100.0,462,7.7,14.0,0.23333333333333334,neurofeedback,Subject_006,Session_001
183,1,RIGHT,True,False,hit,False,740.0,30.0,171.4262295081967,30.0,1.0,14,0,14,340.0,244,4.066666666666666,0.0,0.0,neurofeedback,Subject_006,Session_001
184,1,RIGHT,True,False,hit,False,740.0,30.0,203.73333333333332,30.0,1.0,4,0,4,340.0,180,3.0,0.0,0.0,neurofeedback,Subject_006,Session_001
185,0,LEFT,False,False,wrong_paddle,False,642.0,582.0,409.54991539763114,260.0,0.21658206429780033,19,11,8,80.0,591,9.85,0.0,0.0,neurofeedback,Subject_006,Session_001
186,1,RIGHT,False,False,wrong_early,False,398.0,372.0,377.55817875210795,206.0,0.5649241146711635,41,8,33,164.0,593,9.883333333333333,30.0,0.5,neurofeedback,Subject_006,Session_001
187,1,RIGHT,False,False,wrong_paddle,False,60.0,710.0,338.86524822695037,40.0,0.6152482269503546,21,14,7,330.0,564,9.4,0.0,0.0,neurofeedback,Subject_006,Session_001
188,0,LEFT,True,False,hit,False,60.0,0.0,169.0,0.0,1.0,0,0,0,340.0,170,2.8333333333333335,0.0,0.0,neurofeedback,Subject_006,Session_001
189,0,LEFT,False,False,wrong_paddle,False,740.0,680.0,512.080459770115,342.0,0.0,2,2,0,0.0,174,2.9,,,neurofeedback,Subject_006,Session_001
190,1,RIGHT,True,False,hit,False,740.0,30.0,199.0,30.0,1.0,0,0,0,340.0,170,2.8333333333333335,0.0,0.0,neurofeedback,Subject_006,Session_001
191,1,RIGHT,False,False,wrong_paddle,False,60.0,710.0,541.0,372.0,0.0,0,0,0,0.0,170,2.8333333333333335,,,neurofeedback,Subject_006,Session_001
192,1,RIGHT,False,False,wrong_paddle,False,60.0,710.0,506.14285714285717,340.0,0.17142857142857143,3,1,2,30.0,210,3.5,0.0,0.0,neurofeedback,Subject_006,Session_001
193,0,LEFT,True,False,hit,False,60.0,0.0,169.0,0.0,1.0,0,0,0,340.0,170,2.8333333333333335,0.0,0.0,neurofeedback,Subject_006,Session_001
194,0,LEFT,True,False,hit,False,60.0,0.0,169.0,0.0,1.0,0,0,0,340.0,170,2.8333333333333335,0.0,0.0,neurofeedback,Subject_006,Session_001
195,0,LEFT,False,False,wrong_early,False,506.0,446.0,369.4348561759729,158.0,0.38578680203045684,10,2,8,182.0,591,9.85,60.0,1.0,neurofeedback,Subject_006,Session_001
196,0,LEFT,True,False,hit,False,60.0,0.0,310.7842323651452,0.0,0.5746887966804979,8,3,5,340.0,482,8.033333333333333,0.0,0.0,neurofeedback,Subject_006,Session_001
197,0,LEFT,True,False,hit,False,60.0,0.0,280.01418439716315,0.0,0.601063829787234,25,14,11,340.0,564,9.4,132.0,2.2,neurofeedback,Subject_006,Session_001
198,1,RIGHT,False,False,wrong_paddle,False,60.0,710.0,428.57522123893807,220.0,0.32964601769911506,4,3,1,150.0,452,7.533333333333333,132.0,2.2,neurofeedback,Subject_006,Session_001
199,1,RIGHT,False,False,wrong_paddle,False,60.0,710.0,541.0,372.0,0.0,0,0,0,0.0,170,2.8333333333333335,,,neurofeedback,Subject_006,Session_001
0,0,LEFT,False,False,wrong_early,False,400.0,340.0,340.0,340.0,0.0,0,0,0,0.0,539,8.983333333333333,,,neurofeedback,Subject_006,Session_002
1,0,LEFT,True,False,hit,False,60.0,0.0,248.0375939849624,0.0,0.6390977443609023,1,1,0,340.0,266,4.433333333333334,96.0,1.6,neurofeedback,Subject_006,Session_002
2,0,LEFT,True,False,hit,False,60.0,0.0,169.0,0.0,1.0,0,0,0,340.0,170,2.8333333333333335,0.0,0.0,neurofeedback,Subject_006,Session_002
3,1,RIGHT,False,False,wrong_paddle,False,60.0,710.0,533.21,372.0,0.0,12,12,0,0.0,400,6.666666666666667,,,neurofeedback,Subject_006,Session_002
4,0,LEFT,False,True,timeout_close_strong,False,188.0,128.0,301.0469798657718,76.0,0.6140939597315436,21,7,14,264.0,596,9.933333333333334,230.0,3.8333333333333335,neurofeedback,Subject_006,Session_002
5,1,RIGHT,True,False,hit,False,740.0,30.0,199.0,30.0,1.0,0,0,0,340.0,170,2.8333333333333335,0.0,0.0,neurofeedback,Subject_006,Session_002
6,1,RIGHT,True,False,hit,False,740.0,30.0,234.57534246575344,30.0,0.7534246575342466,25,7,18,340.0,292,4.866666666666666,72.0,1.2,neurofeedback,Subject_006,Session_002
7,0,LEFT,False,False,wrong_early,False,536.0,476.0,451.13468013468014,266.0,0.14983164983164984,18,9,9,74.0,594,9.9,436.0,7.266666666666667,neurofeedback,Subject_006,Session_002
8,0,LEFT,False,False,close_strong_early,True,208.0,148.0,379.1010101010101,104.0,0.3771043771043771,41,15,26,236.0,594,9.9,370.0,6.166666666666667,neurofeedback,Subject_006,Session_002
9,1,RIGHT,False,False,wrong_early,True,300.0,470.0,575.4579124579125,372.0,0.0,34,34,0,0.0,594,9.9,,,neurofeedback,Subject_006,Session_002
10,1,RIGHT,True,False,hit,False,740.0,30.0,199.0,30.0,1.0,0,0,0,340.0,170,2.8333333333333335,0.0,0.0,neurofeedback,Subject_006,Session_002
11,1,RIGHT,True,False,hit,False,740.0,30.0,204.9157894736842,30.0,1.0,6,0,6,340.0,190,3.1666666666666665,0.0,0.0,neurofeedback,Subject_006,Session_002
12,0,LEFT,False,False,wrong_paddle,False,740.0,680.0,507.52272727272725,342.0,0.0,2,2,0,0.0,176,2.933333333333333,,,neurofeedback,Subject_006,Session_002
13,1,RIGHT,False,False,wrong_paddle,True,60.0,710.0,499.6351931330472,282.0,0.18669527896995708,17,16,1,88.0,466,7.766666666666667,0.0,0.0,neurofeedback,Subject_006,Session_002
14,1,RIGHT,False,False,close_weak_early,False,476.0,294.0,401.44444444444446,190.0,0.5117845117845118,20,10,10,180.0,594,9.9,0.0,0.0,neurofeedback,Subject_006,Session_002
15,0,LEFT,False,False,wrong_paddle,False,740.0,680.0,511.0,342.0,0.0,0,0,0,0.0,170,2.8333333333333335,,,neurofeedback,Subject_006,Session_002
16,0,LEFT,False,False,wrong_paddle,False,740.0,680.0,511.0,342.0,0.0,0,0,0,0.0,170,2.8333333333333335,,,neurofeedback,Subject_006,Session_002
17,1,RIGHT,True,False,hit,False,740.0,30.0,199.0,30.0,1.0,0,0,0,340.0,170,2.8333333333333335,0.0,0.0,neurofeedback,Subject_006,Session_002
18,0,LEFT,False,True,timeout_close_strong,False,70.0,10.0,262.4873949579832,10.0,0.66890756302521,21,18,3,330.0,595,9.916666666666666,140.0,2.3333333333333335,neurofeedback,Subject_006,Session_002
19,1,RIGHT,False,False,wrong_paddle,False,60.0,710.0,500.7142857142857,272.0,0.2724867724867725,7,4,3,98.0,378,6.3,0.0,0.0,neurofeedback,Subject_006,Session_002
20,0,LEFT,True,False,hit,False,60.0,0.0,298.09963099630994,0.0,0.551660516605166,11,4,7,340.0,542,9.033333333333333,128.0,2.1333333333333333,neurofeedback,Subject_006,Session_002
21,1,RIGHT,False,False,close_weak_early,True,548.0,222.0,474.6228956228956,222.0,0.12457912457912458,19,19,0,148.0,594,9.9,520.0,8.666666666666666,neurofeedback,Subject_006,Session_002
22,1,RIGHT,True,False,hit,False,740.0,30.0,189.86274509803923,30.0,1.0,10,0,10,340.0,204,3.4,0.0,0.0,neurofeedback,Subject_006,Session_002
23,1,RIGHT,True,False,hit,False,740.0,30.0,298.3422818791946,30.0,0.5704697986577181,7,7,0,340.0,298,4.966666666666667,128.0,2.1333333333333333,neurofeedback,Subject_006,Session_002
24,1,RIGHT,False,False,close_weak_early,False,426.0,344.0,182.93423271500842,32.0,1.0,33,0,33,338.0,593,9.883333333333333,0.0,0.0,neurofeedback,Subject_006,Session_002
25,1,RIGHT,False,False,wrong_paddle,False,60.0,710.0,524.9368421052632,372.0,0.0,4,4,0,0.0,190,3.1666666666666665,,,neurofeedback,Subject_006,Session_002
26,0,LEFT,False,True,timeout_close_weak,False,258.0,198.0,454.13109243697477,198.0,0.11932773109243698,7,7,0,142.0,595,9.916666666666666,524.0,8.733333333333333,neurofeedback,Subject_006,Session_002
27,0,LEFT,True,False,hit,False,60.0,0.0,204.26970954356847,0.0,0.8257261410788381,13,3,10,340.0,482,8.033333333333333,84.0,1.4,neurofeedback,Subject_006,Session_002
28,1,RIGHT,True,False,hit,False,740.0,30.0,244.59203980099502,30.0,0.9378109452736318,2,1,1,340.0,402,6.7,0.0,0.0,neurofeedback,Subject_006,Session_002
29,0,LEFT,False,False,wrong_paddle,False,740.0,680.0,517.2941176470588,342.0,0.0,12,12,0,0.0,204,3.4,,,neurofeedback,Subject_006,Session_002
30,0,LEFT,False,False,wrong_paddle,False,740.0,680.0,463.5,282.0,0.26644736842105265,15,8,7,58.0,304,5.066666666666666,0.0,0.0,neurofeedback,Subject_006,Session_002
31,1,RIGHT,True,False,hit,False,740.0,30.0,203.10526315789474,30.0,1.0,2,0,2,340.0,190,3.1666666666666665,0.0,0.0,neurofeedback,Subject_006,Session_002
32,0,LEFT,False,False,close_weak_early,True,372.0,312.0,464.17845117845116,312.0,0.02861952861952862,17,16,1,28.0,594,9.9,64.0,1.0666666666666667,neurofeedback,Subject_006,Session_002
33,1,RIGHT,False,False,wrong_paddle,False,60.0,710.0,390.99078341013825,234.0,0.5967741935483871,25,2,23,136.0,434,7.233333333333333,0.0,0.0,neurofeedback,Subject_006,Session_002
34,1,RIGHT,False,False,wrong_paddle,False,60.0,710.0,579.2159090909091,372.0,0.0,4,4,0,0.0,352,5.866666666666666,,,neurofeedback,Subject_006,Session_002
35,0,LEFT,False,False,wrong_paddle,False,740.0,680.0,508.4639175257732,342.0,0.0,8,8,0,0.0,194,3.2333333333333334,,,neurofeedback,Subject_006,Session_002
36,0,LEFT,False,False,wrong_paddle,False,740.0,680.0,455.679012345679,318.0,0.06481481481481481,4,3,1,22.0,324,5.4,132.0,2.2,neurofeedback,Subject_006,Session_002
37,1,RIGHT,True,False,hit,False,740.0,30.0,227.63366336633663,30.0,0.8613861386138614,5,3,2,340.0,202,3.3666666666666667,28.0,0.4666666666666667,neurofeedback,Subject_006,Session_002
38,0,LEFT,False,False,wrong_paddle,True,740.0,680.0,439.2173913043478,266.0,0.17173913043478262,20,15,5,74.0,460,7.666666666666667,174.0,2.9,neurofeedback,Subject_006,Session_002
39,0,LEFT,False,True,timeout_close_weak,False,288.0,228.0,232.4765100671141,62.0,0.8942953020134228,34,1,33,278.0,596,9.933333333333334,0.0,0.0,neurofeedback,Subject_006,Session_002
40,0,LEFT,False,False,close_strong_early,False,164.0,104.0,337.13468013468014,104.0,0.5016835016835017,28,20,8,236.0,594,9.9,0.0,0.0,neurofeedback,Subject_006,Session_002
41,0,LEFT,True,False,hit,False,60.0,0.0,348.201581027668,0.0,0.4505928853754941,15,7,8,340.0,506,8.433333333333334,278.0,4.633333333333334,neurofeedback,Subject_006,Session_002
42,0,LEFT,False,False,wrong_paddle,False,740.0,680.0,517.6966292134831,342.0,0.0,4,4,0,0.0,178,2.966666666666667,,,neurofeedback,Subject_006,Session_002
43,1,RIGHT,False,False,wrong_paddle,False,60.0,710.0,541.0,372.0,0.0,0,0,0,0.0,170,2.8333333333333335,,,neurofeedback,Subject_006,Session_002
44,1,RIGHT,True,False,hit,False,740.0,30.0,208.37777777777777,30.0,0.9833333333333333,4,1,3,340.0,180,3.0,2.0,0.03333333333333333,neurofeedback,Subject_006,Session_002
45,1,RIGHT,True,False,hit,False,740.0,30.0,199.0,30.0,1.0,0,0,0,340.0,170,2.8333333333333335,0.0,0.0,neurofeedback,Subject_006,Session_002
46,1,RIGHT,True,False,hit,False,740.0,30.0,199.0,30.0,1.0,0,0,0,340.0,170,2.8333333333333335,0.0,0.0,neurofeedback,Subject_006,Session_002
47,1,RIGHT,True,False,hit,False,740.0,30.0,299.5615384615385,30.0,0.6634615384615384,13,8,5,340.0,520,8.666666666666666,86.0,1.4333333333333333,neurofeedback,Subject_006,Session_002
48,1,RIGHT,True,False,hit,False,740.0,30.0,187.55913978494624,30.0,1.0,4,0,4,340.0,186,3.1,0.0,0.0,neurofeedback,Subject_006,Session_002
49,0,LEFT,False,False,wrong_paddle,False,644.0,584.0,331.90909090909093,86.0,0.4730639730639731,23,15,8,254.0,594,9.9,0.0,0.0,neurofeedback,Subject_006,Session_002
50,0,LEFT,False,False,wrong_paddle,False,740.0,680.0,508.2584269662921,342.0,0.0,2,2,0,0.0,178,2.966666666666667,,,neurofeedback,Subject_006,Session_002
51,0,LEFT,False,False,wrong_paddle,False,740.0,680.0,512.3131313131313,342.0,0.0,8,8,0,0.0,198,3.3,,,neurofeedback,Subject_006,Session_002
52,1,RIGHT,False,True,wrong_paddle,False,190.0,580.0,345.53613445378153,110.0,0.4756302521008403,26,23,3,260.0,595,9.916666666666666,104.0,1.7333333333333334,neurofeedback,Subject_006,Session_002
53,1,RIGHT,False,False,wrong_paddle,False,60.0,710.0,394.70754716981133,176.0,0.47877358490566035,18,11,7,194.0,424,7.066666666666666,32.0,0.5333333333333333,neurofeedback,Subject_006,Session_002
54,1,RIGHT,False,False,wrong_paddle,False,60.0,710.0,541.0,372.0,0.0,0,0,0,0.0,170,2.8333333333333335,,,neurofeedback,Subject_006,Session_002
55,0,LEFT,True,False,hit,False,60.0,0.0,169.0,0.0,1.0,0,0,0,340.0,170,2.8333333333333335,0.0,0.0,neurofeedback,Subject_006,Session_002
56,0,LEFT,True,False,hit,False,60.0,0.0,169.0,0.0,1.0,0,0,0,340.0,170,2.8333333333333335,0.0,0.0,neurofeedback,Subject_006,Session_002
57,1,RIGHT,False,False,wrong_paddle,False,60.0,710.0,512.1881188118812,348.0,0.15346534653465346,5,0,5,22.0,202,3.3666666666666667,0.0,0.0,neurofeedback,Subject_006,Session_002
58,0,LEFT,False,False,wrong_paddle,True,740.0,680.0,396.13553113553115,160.0,0.32783882783882784,18,17,1,180.0,546,9.1,90.0,1.5,neurofeedback,Subject_006,Session_002
59,0,LEFT,False,False,wrong_paddle,False,740.0,680.0,499.4175824175824,332.0,0.06043956043956044,3,0,3,8.0,182,3.033333333333333,0.0,0.0,neurofeedback,Subject_006,Session_002
60,1,RIGHT,False,False,wrong_early,False,284.0,486.0,357.44444444444446,106.0,0.5117845117845118,11,5,6,264.0,594,9.9,0.0,0.0,neurofeedback,Subject_006,Session_002
61,1,RIGHT,False,False,close_weak_early,True,544.0,226.0,395.7070707070707,214.0,0.39225589225589225,23,20,3,156.0,594,9.9,234.0,3.9,neurofeedback,Subject_006,Session_002
62,0,LEFT,False,False,wrong_paddle,False,684.0,624.0,382.44594594594594,140.0,0.3783783783783784,9,3,6,200.0,592,9.866666666666667,0.0,0.0,neurofeedback,Subject_006,Session_002
63,0,LEFT,False,False,wrong_paddle,False,740.0,680.0,494.1224489795918,342.0,0.0,10,10,0,0.0,196,3.2666666666666666,,,neurofeedback,Subject_006,Session_002
64,0,LEFT,False,False,wrong_paddle,False,740.0,680.0,393.60493827160496,196.0,0.4722222222222222,5,0,5,144.0,324,5.4,0.0,0.0,neurofeedback,Subject_006,Session_002
65,0,LEFT,False,False,wrong_paddle,False,740.0,680.0,494.8490566037736,342.0,0.0,10,10,0,0.0,212,3.533333333333333,,,neurofeedback,Subject_006,Session_002
66,0,LEFT,False,True,timeout_close_weak,False,348.0,288.0,309.89632107023414,168.0,0.6220735785953178,17,8,9,172.0,598,9.966666666666667,0.0,0.0,neurofeedback,Subject_006,Session_002
67,0,LEFT,False,False,wrong_paddle,False,740.0,680.0,472.3394495412844,326.0,0.17889908256880735,11,4,7,14.0,218,3.6333333333333333,0.0,0.0,neurofeedback,Subject_006,Session_002
68,1,RIGHT,False,True,timeout_close_weak,False,554.0,216.0,278.93467336683415,120.0,0.9279731993299832,26,1,25,250.0,597,9.95,0.0,0.0,neurofeedback,Subject_006,Session_002
69,0,LEFT,True,False,hit,False,60.0,0.0,262.7241379310345,0.0,0.6896551724137931,5,1,4,340.0,464,7.733333333333333,144.0,2.4,neurofeedback,Subject_006,Session_002
70,0,LEFT,False,True,timeout_close_strong,False,170.0,110.0,330.77647058823527,46.0,0.48067226890756304,6,2,4,294.0,595,9.916666666666666,242.0,4.033333333333333,neurofeedback,Subject_006,Session_002
71,1,RIGHT,False,False,close_weak_early,False,452.0,318.0,510.043771043771,318.0,0.04377104377104377,5,5,0,52.0,594,9.9,568.0,9.466666666666667,neurofeedback,Subject_006,Session_002
72,0,LEFT,False,False,wrong_paddle,False,740.0,680.0,505.87640449438203,342.0,0.0,4,4,0,0.0,178,2.966666666666667,,,neurofeedback,Subject_006,Session_002
73,1,RIGHT,True,False,hit,False,740.0,30.0,206.34782608695653,30.0,1.0,6,0,6,340.0,184,3.066666666666667,0.0,0.0,neurofeedback,Subject_006,Session_002
74,1,RIGHT,True,False,hit,False,740.0,30.0,231.64077669902912,30.0,0.8252427184466019,5,5,0,340.0,206,3.433333333333333,36.0,0.6,neurofeedback,Subject_006,Session_002
75,1,RIGHT,True,False,hit,False,740.0,30.0,287.74226804123714,30.0,0.697594501718213,24,12,12,340.0,582,9.7,0.0,0.0,neurofeedback,Subject_006,Session_002
76,1,RIGHT,False,False,wrong_paddle,False,60.0,710.0,507.671875,372.0,0.0,10,10,0,0.0,256,4.266666666666667,,,neurofeedback,Subject_006,Session_002
77,1,RIGHT,True,False,hit,False,740.0,30.0,199.0,30.0,1.0,0,0,0,340.0,170,2.8333333333333335,0.0,0.0,neurofeedback,Subject_006,Session_002
78,1,RIGHT,False,False,wrong_paddle,False,60.0,710.0,498.63358778625957,312.0,0.2480916030534351,9,6,3,58.0,262,4.366666666666666,0.0,0.0,neurofeedback,Subject_006,Session_002
79,0,LEFT,False,False,close_weak_early,False,250.0,190.0,302.77571669477237,130.0,0.6981450252951096,12,3,9,210.0,593,9.883333333333333,0.0,0.0,neurofeedback,Subject_006,Session_002
80,0,LEFT,False,False,wrong_paddle,False,740.0,680.0,511.0,342.0,0.0,0,0,0,0.0,170,2.8333333333333335,,,neurofeedback,Subject_006,Session_002
81,0,LEFT,False,False,wrong_paddle,False,740.0,680.0,450.3139534883721,314.0,0.10174418604651163,12,7,5,26.0,344,5.733333333333333,138.0,2.3,neurofeedback,Subject_006,Session_002
82,0,LEFT,False,False,wrong_paddle,False,740.0,680.0,511.0,342.0,0.0,0,0,0,0.0,170,2.8333333333333335,,,neurofeedback,Subject_006,Session_002
83,0,LEFT,False,False,wrong_paddle,True,740.0,680.0,522.2369477911647,342.0,0.0,32,32,0,0.0,498,8.3,,,neurofeedback,Subject_006,Session_002
84,1,RIGHT,False,False,wrong_paddle,False,60.0,710.0,462.69072164948454,330.0,0.19845360824742267,22,11,11,40.0,388,6.466666666666667,140.0,2.3333333333333335,neurofeedback,Subject_006,Session_002
85,1,RIGHT,False,False,close_strong_early,False,676.0,94.0,345.2020202020202,70.0,0.5437710437710438,18,11,7,300.0,594,9.9,0.0,0.0,neurofeedback,Subject_006,Session_002
86,0,LEFT,False,False,wrong_paddle,False,740.0,680.0,497.58947368421053,342.0,0.0,6,6,0,0.0,190,3.1666666666666665,,,neurofeedback,Subject_006,Session_002
87,1,RIGHT,True,False,hit,False,740.0,30.0,199.0,30.0,1.0,0,0,0,340.0,170,2.8333333333333335,0.0,0.0,neurofeedback,Subject_006,Session_002
88,0,LEFT,False,False,wrong_early,False,566.0,506.0,295.5177065767285,94.0,0.730185497470489,16,1,15,246.0,593,9.883333333333333,0.0,0.0,neurofeedback,Subject_006,Session_002
89,0,LEFT,False,False,close_strong_early,False,116.0,56.0,243.24324324324326,54.0,0.7668918918918919,10,6,4,286.0,592,9.866666666666667,0.0,0.0,neurofeedback,Subject_006,Session_002
90,0,LEFT,False,False,wrong_paddle,False,740.0,680.0,384.5124378109453,176.0,0.4054726368159204,4,3,1,164.0,402,6.7,68.0,1.1333333333333333,neurofeedback,Subject_006,Session_002
91,1,RIGHT,False,False,close_strong_early,False,642.0,128.0,447.59527824620574,128.0,0.209106239460371,9,8,1,242.0,593,9.883333333333333,154.0,2.566666666666667,neurofeedback,Subject_006,Session_002
92,1,RIGHT,True,False,hit,False,740.0,30.0,199.8181818181818,30.0,1.0,2,0,2,340.0,176,2.933333333333333,0.0,0.0,neurofeedback,Subject_006,Session_002
93,1,RIGHT,True,False,hit,False,740.0,30.0,318.5529411764706,30.0,0.5,9,9,0,340.0,340,5.666666666666667,170.0,2.8333333333333335,neurofeedback,Subject_006,Session_002
94,0,LEFT,False,False,wrong_paddle,False,740.0,680.0,511.0,342.0,0.0,0,0,0,0.0,170,2.8333333333333335,,,neurofeedback,Subject_006,Session_002
95,1,RIGHT,True,False,hit,False,740.0,30.0,295.94610778443115,30.0,0.5748502994011976,13,3,10,340.0,334,5.566666666666666,142.0,2.3666666666666667,neurofeedback,Subject_006,Session_002
96,1,RIGHT,True,False,hit,False,740.0,30.0,193.4090909090909,30.0,1.0,2,0,2,340.0,176,2.933333333333333,0.0,0.0,neurofeedback,Subject_006,Session_002
97,1,RIGHT,False,False,wrong_paddle,False,60.0,710.0,539.0,368.0,0.005813953488372093,0,0,0,2.0,172,2.8666666666666667,0.0,0.0,neurofeedback,Subject_006,Session_002
98,0,LEFT,False,False,close_strong_early,False,100.0,40.0,267.0878378378378,32.0,0.6300675675675675,32,10,22,308.0,592,9.866666666666667,76.0,1.2666666666666666,neurofeedback,Subject_006,Session_002
99,1,RIGHT,False,False,wrong_paddle,False,60.0,710.0,541.0,372.0,0.0,0,0,0,0.0,170,2.8333333333333335,,,neurofeedback,Subject_006,Session_002
0,1,RIGHT,False,False,wrong_early,False,400.0,370.0,370.0,370.0,0.0,0,0,0,0.0,486,8.1,,,neurofeedback,Subject_006,Session_003
1,1,RIGHT,False,False,wrong_paddle,False,60.0,710.0,404.7260273972603,186.0,0.4178082191780822,6,5,1,184.0,438,7.3,84.0,1.4,neurofeedback,Subject_006,Session_003
2,0,LEFT,False,False,close_weak_early,False,318.0,258.0,246.59359190556492,40.0,0.8161888701517707,37,5,32,300.0,593,9.883333333333333,0.0,0.0,neurofeedback,Subject_006,Session_003
3,1,RIGHT,False,False,wrong_paddle,False,60.0,710.0,427.3425414364641,256.0,0.4005524861878453,17,4,13,114.0,362,6.033333333333333,0.0,0.0,neurofeedback,Subject_006,Session_003
4,1,RIGHT,False,False,wrong_paddle,True,60.0,710.0,416.78210116731515,190.0,0.38715953307393,25,16,9,180.0,514,8.566666666666666,0.0,0.0,neurofeedback,Subject_006,Session_003
5,0,LEFT,False,False,wrong_paddle,True,740.0,680.0,431.56349206349205,154.0,0.4027777777777778,25,16,9,186.0,504,8.4,0.0,0.0,neurofeedback,Subject_006,Session_003
6,1,RIGHT,True,False,hit,False,740.0,30.0,224.66666666666666,30.0,1.0,14,0,14,340.0,372,6.2,0.0,0.0,neurofeedback,Subject_006,Session_003
7,1,RIGHT,False,False,wrong_paddle,False,60.0,710.0,556.5539568345324,372.0,0.0,10,10,0,0.0,278,4.633333333333334,,,neurofeedback,Subject_006,Session_003
8,1,RIGHT,True,False,hit,False,740.0,30.0,199.0,30.0,1.0,0,0,0,340.0,170,2.8333333333333335,0.0,0.0,neurofeedback,Subject_006,Session_003
9,1,RIGHT,False,False,wrong_paddle,False,60.0,710.0,517.5084745762712,372.0,0.0,4,4,0,0.0,236,3.933333333333333,,,neurofeedback,Subject_006,Session_003
10,0,LEFT,False,False,wrong_paddle,False,740.0,680.0,511.0,342.0,0.0,0,0,0,0.0,170,2.8333333333333335,,,neurofeedback,Subject_006,Session_003
11,0,LEFT,False,False,wrong_paddle,True,740.0,680.0,483.8695652173913,342.0,0.0,16,16,0,0.0,276,4.6,,,neurofeedback,Subject_006,Session_003
12,0,LEFT,False,False,wrong_paddle,False,740.0,680.0,537.0886699507389,342.0,0.0,10,10,0,0.0,406,6.766666666666667,,,neurofeedback,Subject_006,Session_003
13,0,LEFT,False,False,wrong_paddle,False,740.0,680.0,511.0,342.0,0.0,0,0,0,0.0,170,2.8333333333333335,,,neurofeedback,Subject_006,Session_003
14,1,RIGHT,True,False,hit,False,740.0,30.0,199.0,30.0,1.0,0,0,0,340.0,170,2.8333333333333335,0.0,0.0,neurofeedback,Subject_006,Session_003
15,0,LEFT,False,True,timeout_close_weak,False,374.0,314.0,322.1714285714286,200.0,0.5882352941176471,61,24,37,140.0,595,9.916666666666666,126.0,2.1,neurofeedback,Subject_006,Session_003
16,1,RIGHT,False,False,wrong_paddle,True,60.0,710.0,504.6078431372549,328.0,0.0803921568627451,22,21,1,42.0,510,8.5,252.0,4.2,neurofeedback,Subject_006,Session_003
17,0,LEFT,False,False,wrong_paddle,False,740.0,680.0,443.265625,278.0,0.33203125,13,0,13,62.0,256,4.266666666666667,0.0,0.0,neurofeedback,Subject_006,Session_003
18,0,LEFT,True,False,hit,False,60.0,0.0,169.0,0.0,1.0,0,0,0,340.0,170,2.8333333333333335,0.0,0.0,neurofeedback,Subject_006,Session_003
19,0,LEFT,False,False,close_weak_early,True,244.0,184.0,366.91808873720134,120.0,0.37372013651877134,33,25,8,220.0,586,9.766666666666667,0.0,0.0,neurofeedback,Subject_006,Session_003
20,0,LEFT,True,False,hit,False,60.0,0.0,182.08333333333334,0.0,1.0,12,0,12,340.0,336,5.6,0.0,0.0,neurofeedback,Subject_006,Session_003
21,1,RIGHT,True,False,hit,False,740.0,30.0,199.0,30.0,1.0,0,0,0,340.0,170,2.8333333333333335,0.0,0.0,neurofeedback,Subject_006,Session_003
22,1,RIGHT,True,False,hit,False,740.0,30.0,199.0,30.0,1.0,0,0,0,340.0,170,2.8333333333333335,0.0,0.0,neurofeedback,Subject_006,Session_003
23,0,LEFT,False,False,wrong_paddle,False,740.0,680.0,502.8666666666667,338.0,0.005555555555555556,3,2,1,2.0,180,3.0,2.0,0.03333333333333333,neurofeedback,Subject_006,Session_003
24,0,LEFT,False,False,wrong_paddle,False,740.0,680.0,473.61971830985914,342.0,0.0,10,10,0,0.0,284,4.733333333333333,,,neurofeedback,Subject_006,Session_003
25,1,RIGHT,True,False,hit,False,740.0,30.0,199.0,30.0,1.0,0,0,0,340.0,170,2.8333333333333335,0.0,0.0,neurofeedback,Subject_006,Session_003
26,0,LEFT,True,False,hit,False,60.0,0.0,221.49101796407186,0.0,0.9191616766467066,10,3,7,340.0,334,5.566666666666666,0.0,0.0,neurofeedback,Subject_006,Session_003
27,0,LEFT,True,False,hit,False,60.0,0.0,183.19354838709677,0.0,0.9838709677419355,2,1,1,340.0,186,3.1,0.0,0.0,neurofeedback,Subject_006,Session_003
28,1,RIGHT,False,False,wrong_paddle,False,60.0,710.0,515.2626262626262,348.0,0.13636363636363635,5,0,5,22.0,198,3.3,0.0,0.0,neurofeedback,Subject_006,Session_003
29,0,LEFT,True,False,hit,False,60.0,0.0,172.60919540229884,0.0,1.0,2,0,2,340.0,174,2.9,0.0,0.0,neurofeedback,Subject_006,Session_003
30,1,RIGHT,False,False,close_weak_early,True,492.0,278.0,520.1649831649831,278.0,0.20033670033670034,26,21,5,92.0,594,9.9,0.0,0.0,neurofeedback,Subject_006,Session_003
31,1,RIGHT,True,False,hit,False,740.0,30.0,199.0,30.0,1.0,0,0,0,340.0,170,2.8333333333333335,0.0,0.0,neurofeedback,Subject_006,Session_003
32,1,RIGHT,True,False,hit,False,740.0,30.0,199.0,30.0,1.0,0,0,0,340.0,170,2.8333333333333335,0.0,0.0,neurofeedback,Subject_006,Session_003
33,0,LEFT,False,False,wrong_paddle,False,740.0,680.0,511.0,342.0,0.0,0,0,0,0.0,170,2.8333333333333335,,,neurofeedback,Subject_006,Session_003
34,0,LEFT,False,False,wrong_paddle,False,740.0,680.0,506.75,338.0,0.005681818181818182,2,2,0,2.0,176,2.933333333333333,0.0,0.0,neurofeedback,Subject_006,Session_003
35,1,RIGHT,False,False,wrong_paddle,False,60.0,710.0,477.3252032520325,304.0,0.3048780487804878,3,0,3,66.0,246,4.1,0.0,0.0,neurofeedback,Subject_006,Session_003
36,0,LEFT,False,False,close_strong_early,False,90.0,30.0,282.0611205432937,30.0,0.6621392190152802,8,7,1,310.0,589,9.816666666666666,0.0,0.0,neurofeedback,Subject_006,Session_003
37,1,RIGHT,False,False,wrong_paddle,False,60.0,710.0,541.0,372.0,0.0,0,0,0,0.0,170,2.8333333333333335,,,neurofeedback,Subject_006,Session_003
38,1,RIGHT,False,False,wrong_paddle,False,60.0,710.0,535.2575757575758,372.0,0.0,10,10,0,0.0,264,4.4,,,neurofeedback,Subject_006,Session_003
39,0,LEFT,False,False,wrong_paddle,False,740.0,680.0,507.0888888888889,342.0,0.0,6,6,0,0.0,180,3.0,,,neurofeedback,Subject_006,Session_003
40,0,LEFT,True,False,hit,False,60.0,0.0,156.14851485148515,0.0,0.9801980198019802,9,1,8,340.0,202,3.3666666666666667,4.0,0.06666666666666667,neurofeedback,Subject_006,Session_003
41,0,LEFT,True,False,hit,False,60.0,0.0,216.63333333333333,0.0,0.8958333333333334,6,1,5,340.0,240,4.0,0.0,0.0,neurofeedback,Subject_006,Session_003
42,0,LEFT,True,False,hit,False,60.0,0.0,169.0,0.0,1.0,0,0,0,340.0,170,2.8333333333333335,0.0,0.0,neurofeedback,Subject_006,Session_003
43,1,RIGHT,False,False,wrong_paddle,False,60.0,710.0,535.6745098039215,316.0,0.10392156862745099,7,6,1,54.0,510,8.5,0.0,0.0,neurofeedback,Subject_006,Session_003
44,1,RIGHT,False,False,wrong_paddle,False,60.0,710.0,450.73493975903614,236.0,0.2710843373493976,5,2,3,134.0,498,8.3,0.0,0.0,neurofeedback,Subject_006,Session_003
45,1,RIGHT,True,False,hit,False,740.0,30.0,199.0,30.0,1.0,0,0,0,340.0,170,2.8333333333333335,0.0,0.0,neurofeedback,Subject_006,Session_003
46,0,LEFT,False,False,close_weak_early,False,240.0,180.0,415.3636363636364,106.0,0.25925925925925924,6,5,1,234.0,594,9.9,440.0,7.333333333333333,neurofeedback,Subject_006,Session_003
47,1,RIGHT,True,False,hit,False,740.0,30.0,375.5392491467577,30.0,0.39761092150170646,17,8,9,340.0,586,9.766666666666667,232.0,3.8666666666666667,neurofeedback,Subject_006,Session_003
48,0,LEFT,False,False,wrong_paddle,False,740.0,680.0,514.3260869565217,342.0,0.0,4,4,0,0.0,184,3.066666666666667,,,neurofeedback,Subject_006,Session_003
49,1,RIGHT,True,False,hit,False,740.0,30.0,199.0,30.0,1.0,0,0,0,340.0,170,2.8333333333333335,0.0,0.0,neurofeedback,Subject_006,Session_003
50,0,LEFT,False,False,wrong_paddle,False,740.0,680.0,511.0,342.0,0.0,0,0,0,0.0,170,2.8333333333333335,,,neurofeedback,Subject_006,Session_003
51,1,RIGHT,True,False,hit,False,740.0,30.0,198.79310344827587,30.0,1.0,2,0,2,340.0,174,2.9,0.0,0.0,neurofeedback,Subject_006,Session_003
52,0,LEFT,False,False,wrong_paddle,False,740.0,680.0,504.1182795698925,342.0,0.0,8,8,0,0.0,186,3.1,,,neurofeedback,Subject_006,Session_003
53,0,LEFT,True,False,hit,False,60.0,0.0,175.2921348314607,0.0,1.0,4,0,4,340.0,178,2.966666666666667,0.0,0.0,neurofeedback,Subject_006,Session_003
54,0,LEFT,True,False,hit,False,60.0,0.0,172.4,0.0,1.0,8,0,8,340.0,240,4.0,0.0,0.0,neurofeedback,Subject_006,Session_003
55,0,LEFT,True,False,hit,False,60.0,0.0,200.18965517241378,0.0,1.0,12,0,12,340.0,232,3.8666666666666667,0.0,0.0,neurofeedback,Subject_006,Session_003
56,1,RIGHT,False,False,close_weak_early,False,494.0,276.0,338.77908937605395,212.0,0.6087689713322091,19,13,6,158.0,593,9.883333333333333,72.0,1.2,neurofeedback,Subject_006,Session_003
57,1,RIGHT,True,False,hit,False,740.0,30.0,304.4039215686274,30.0,0.7450980392156863,28,14,14,340.0,510,8.5,0.0,0.0,neurofeedback,Subject_006,Session_003
58,1,RIGHT,True,False,hit,False,740.0,30.0,248.54074074074074,30.0,0.9851851851851852,10,2,8,340.0,270,4.5,0.0,0.0,neurofeedback,Subject_006,Session_003
59,1,RIGHT,False,False,wrong_paddle,False,60.0,710.0,351.9184549356223,86.0,0.6072961373390557,5,4,1,284.0,466,7.766666666666667,0.0,0.0,neurofeedback,Subject_006,Session_003
60,1,RIGHT,False,False,wrong_paddle,False,60.0,710.0,547.2637362637363,372.0,0.0,4,4,0,0.0,182,3.033333333333333,,,neurofeedback,Subject_006,Session_003
61,0,LEFT,True,False,hit,False,60.0,0.0,172.70114942528735,0.0,1.0,2,0,2,340.0,174,2.9,0.0,0.0,neurofeedback,Subject_006,Session_003
62,1,RIGHT,False,True,timeout_wrong,False,334.0,436.0,484.99159663865544,342.0,0.05546218487394958,16,13,3,28.0,595,9.916666666666666,528.0,8.8,neurofeedback,Subject_006,Session_003
63,0,LEFT,False,False,close_weak_early,False,248.0,188.0,266.8581081081081,36.0,0.6334459459459459,30,12,18,304.0,592,9.866666666666667,166.0,2.7666666666666666,neurofeedback,Subject_006,Session_003
64,0,LEFT,True,False,hit,False,60.0,0.0,176.6027397260274,0.0,1.0,6,0,6,340.0,292,4.866666666666666,0.0,0.0,neurofeedback,Subject_006,Session_003
65,1,RIGHT,False,True,wrong_paddle,False,178.0,592.0,410.74621848739497,240.0,0.4235294117647059,14,4,10,130.0,595,9.916666666666666,0.0,0.0,neurofeedback,Subject_006,Session_003
66,1,RIGHT,True,False,hit,False,740.0,30.0,294.3379310344828,30.0,0.5862068965517241,3,3,0,340.0,290,4.833333333333333,120.0,2.0,neurofeedback,Subject_006,Session_003
67,0,LEFT,False,False,wrong_paddle,False,740.0,680.0,510.14942528735634,342.0,0.0,2,2,0,0.0,174,2.9,,,neurofeedback,Subject_006,Session_003
68,0,LEFT,False,True,timeout_wrong,False,548.0,488.0,431.4161073825503,226.0,0.18959731543624161,8,7,1,114.0,596,9.933333333333334,408.0,6.8,neurofeedback,Subject_006,Session_003
69,0,LEFT,False,False,wrong_paddle,False,740.0,680.0,496.2549019607843,326.0,0.09313725490196079,9,4,5,14.0,204,3.4,0.0,0.0,neurofeedback,Subject_006,Session_003
70,0,LEFT,False,False,wrong_paddle,False,740.0,680.0,535.6601941747573,342.0,0.0,10,10,0,0.0,412,6.866666666666666,,,neurofeedback,Subject_006,Session_003
71,1,RIGHT,True,False,hit,False,740.0,30.0,252.52631578947367,30.0,0.9368421052631579,14,2,12,340.0,380,6.333333333333333,0.0,0.0,neurofeedback,Subject_006,Session_003
72,1,RIGHT,False,True,timeout_wrong,False,312.0,458.0,503.91946308724835,354.0,0.025167785234899327,15,14,1,16.0,596,9.933333333333334,492.0,8.2,neurofeedback,Subject_006,Session_003
73,0,LEFT,False,True,timeout_wrong,False,558.0,498.0,466.8168067226891,266.0,0.16470588235294117,8,2,6,74.0,595,9.916666666666666,0.0,0.0,neurofeedback,Subject_006,Session_003
74,1,RIGHT,True,False,hit,False,740.0,30.0,318.1917808219178,30.0,0.6626712328767124,43,8,35,340.0,584,9.733333333333333,10.0,0.16666666666666666,neurofeedback,Subject_006,Session_003
75,0,LEFT,False,False,wrong_paddle,False,740.0,680.0,511.0,342.0,0.0,0,0,0,0.0,170,2.8333333333333335,,,neurofeedback,Subject_006,Session_003
76,1,RIGHT,True,False,hit,False,740.0,30.0,179.52336448598132,30.0,1.0,6,0,6,340.0,214,3.566666666666667,0.0,0.0,neurofeedback,Subject_006,Session_003
77,1,RIGHT,False,False,wrong_early,True,372.0,398.0,419.74747474747477,292.0,0.29124579124579125,26,15,11,78.0,594,9.9,0.0,0.0,neurofeedback,Subject_006,Session_003
78,1,RIGHT,False,False,wrong_paddle,False,60.0,710.0,484.5230769230769,338.0,0.2,17,11,6,32.0,260,4.333333333333333,0.0,0.0,neurofeedback,Subject_006,Session_003
79,0,LEFT,True,False,hit,False,60.0,0.0,221.46969696969697,0.0,0.9204545454545454,8,1,7,340.0,264,4.4,0.0,0.0,neurofeedback,Subject_006,Session_003
80,0,LEFT,True,False,hit,False,60.0,0.0,290.984375,0.0,0.654296875,14,7,7,340.0,512,8.533333333333333,0.0,0.0,neurofeedback,Subject_006,Session_003
81,0,LEFT,False,True,wrong_paddle,True,700.0,640.0,385.4026845637584,172.0,0.43791946308724833,44,15,29,168.0,596,9.933333333333334,2.0,0.03333333333333333,neurofeedback,Subject_006,Session_003
82,1,RIGHT,True,False,hit,False,740.0,30.0,191.5801526717557,30.0,1.0,16,0,16,340.0,262,4.366666666666666,0.0,0.0,neurofeedback,Subject_006,Session_003
83,1,RIGHT,True,False,hit,False,740.0,30.0,148.15267175572518,30.0,1.0,56,0,56,340.0,524,8.733333333333333,0.0,0.0,neurofeedback,Subject_006,Session_003
84,0,LEFT,False,True,timeout_close_weak,False,242.0,182.0,191.64369747899158,4.0,0.9865546218487395,19,1,18,336.0,595,9.916666666666666,8.0,0.13333333333333333,neurofeedback,Subject_006,Session_003
85,0,LEFT,False,False,wrong_paddle,False,740.0,680.0,511.0,342.0,0.0,0,0,0,0.0,170,2.8333333333333335,,,neurofeedback,Subject_006,Session_003
86,0,LEFT,False,False,wrong_paddle,False,740.0,680.0,511.0,342.0,0.0,0,0,0,0.0,170,2.8333333333333335,,,neurofeedback,Subject_006,Session_003
87,1,RIGHT,True,False,hit,False,740.0,30.0,199.0,30.0,1.0,0,0,0,340.0,170,2.8333333333333335,0.0,0.0,neurofeedback,Subject_006,Session_003
88,0,LEFT,False,False,wrong_paddle,False,740.0,680.0,511.0,342.0,0.0,0,0,0,0.0,170,2.8333333333333335,,,neurofeedback,Subject_006,Session_003
89,0,LEFT,False,False,wrong_paddle,False,740.0,680.0,511.58947368421053,338.0,0.005263157894736842,6,6,0,2.0,190,3.1666666666666665,0.0,0.0,neurofeedback,Subject_006,Session_003
90,1,RIGHT,False,False,wrong_paddle,True,60.0,710.0,528.4508196721312,372.0,0.0,28,28,0,0.0,488,8.133333333333333,,,neurofeedback,Subject_006,Session_003
91,1,RIGHT,False,True,timeout_close_weak,True,436.0,334.0,484.20805369127515,334.0,0.06208053691275168,29,26,3,36.0,596,9.933333333333334,244.0,4.066666666666666,neurofeedback,Subject_006,Session_003
92,1,RIGHT,False,False,wrong_paddle,False,60.0,710.0,470.7878787878788,286.0,0.32954545454545453,5,2,3,84.0,264,4.4,0.0,0.0,neurofeedback,Subject_006,Session_003
93,1,RIGHT,True,False,hit,False,740.0,30.0,259.74444444444447,30.0,0.85,21,1,20,340.0,360,6.0,54.0,0.9,neurofeedback,Subject_006,Session_003
94,0,LEFT,False,False,wrong_paddle,False,740.0,680.0,511.0,342.0,0.0,0,0,0,0.0,170,2.8333333333333335,,,neurofeedback,Subject_006,Session_003
95,1,RIGHT,True,False,hit,False,740.0,30.0,199.0,30.0,1.0,0,0,0,340.0,170,2.8333333333333335,0.0,0.0,neurofeedback,Subject_006,Session_003
96,1,RIGHT,False,True,timeout_close_weak,False,488.0,282.0,448.38255033557044,282.0,0.2550335570469799,12,4,8,88.0,596,9.933333333333334,0.0,0.0,neurofeedback,Subject_006,Session_003
97,1,RIGHT,False,False,wrong_paddle,False,60.0,710.0,509.45739910313904,298.0,0.1591928251121076,10,9,1,72.0,446,7.433333333333334,52.0,0.8666666666666667,neurofeedback,Subject_006,Session_003
98,0,LEFT,False,False,wrong_paddle,False,740.0,680.0,513.6666666666666,342.0,0.0,2,2,0,0.0,180,3.0,,,neurofeedback,Subject_006,Session_003
99,0,LEFT,False,False,wrong_paddle,True,586.0,526.0,429.07666098807493,260.0,0.151618398637138,30,25,5,80.0,587,9.783333333333333,20.0,0.3333333333333333,neurofeedback,Subject_006,Session_003
0,0,LEFT,False,False,wrong_early,False,400.0,340.0,340.0,340.0,0.0,0,0,0,0.0,538,8.966666666666667,,,neurofeedback,Subject_007,Session_001
1,0,LEFT,False,False,wrong_paddle,False,740.0,680.0,510.0561797752809,342.0,0.0,2,2,0,0.0,178,2.966666666666667,,,neurofeedback,Subject_007,Session_001
2,1,RIGHT,False,False,wrong_paddle,False,60.0,710.0,411.7281105990783,204.0,0.3986175115207373,12,7,5,166.0,434,7.233333333333333,82.0,1.3666666666666667,neurofeedback,Subject_007,Session_001
3,0,LEFT,True,False,hit,False,60.0,0.0,169.0,0.0,1.0,0,0,0,340.0,170,2.8333333333333335,0.0,0.0,neurofeedback,Subject_007,Session_001
4,0,LEFT,True,False,hit,False,60.0,0.0,169.0,0.0,1.0,0,0,0,340.0,170,2.8333333333333335,0.0,0.0,neurofeedback,Subject_007,Session_001
5,1,RIGHT,False,True,timeout_wrong,False,290.0,480.0,426.33613445378154,236.0,0.2739495798319328,20,5,15,134.0,595,9.916666666666666,376.0,6.266666666666667,neurofeedback,Subject_007,Session_001
6,0,LEFT,True,False,hit,False,60.0,0.0,168.65116279069767,0.0,1.0,2,0,2,340.0,172,2.8666666666666667,0.0,0.0,neurofeedback,Subject_007,Session_001
7,1,RIGHT,True,False,hit,False,740.0,30.0,199.0,30.0,1.0,0,0,0,340.0,170,2.8333333333333335,0.0,0.0,neurofeedback,Subject_007,Session_001
8,1,RIGHT,False,False,close_strong_early,False,632.0,138.0,353.4189189189189,138.0,0.6131756756756757,16,3,13,232.0,592,9.866666666666667,0.0,0.0,neurofeedback,Subject_007,Session_001
9,1,RIGHT,False,False,close_weak_early,True,424.0,346.0,517.020202020202,336.0,0.037037037037037035,18,17,1,34.0,594,9.9,572.0,9.533333333333333,neurofeedback,Subject_007,Session_001
10,0,LEFT,True,False,hit,False,60.0,0.0,169.0,0.0,1.0,0,0,0,340.0,170,2.8333333333333335,0.0,0.0,neurofeedback,Subject_007,Session_001
11,1,RIGHT,True,False,hit,False,740.0,30.0,224.7258064516129,30.0,0.8790322580645161,9,3,6,340.0,248,4.133333333333334,30.0,0.5,neurofeedback,Subject_007,Session_001
12,1,RIGHT,True,False,hit,False,740.0,30.0,201.13986013986013,30.0,1.0,22,0,22,340.0,286,4.766666666666667,0.0,0.0,neurofeedback,Subject_007,Session_001
13,0,LEFT,False,False,wrong_paddle,False,740.0,680.0,390.07142857142856,196.0,0.49107142857142855,9,0,9,144.0,336,5.6,0.0,0.0,neurofeedback,Subject_007,Session_001
14,1,RIGHT,False,False,wrong_paddle,False,60.0,710.0,541.7640449438202,372.0,0.0,2,2,0,0.0,178,2.966666666666667,,,neurofeedback,Subject_007,Session_001
15,0,LEFT,True,False,hit,False,60.0,0.0,184.2688172043011,0.0,0.9139784946236559,3,3,0,340.0,186,3.1,16.0,0.26666666666666666,neurofeedback,Subject_007,Session_001
16,0,LEFT,True,False,hit,False,60.0,0.0,134.584,0.0,1.0,12,0,12,340.0,250,4.166666666666667,0.0,0.0,neurofeedback,Subject_007,Session_001
17,0,LEFT,True,False,hit,False,60.0,0.0,258.5374149659864,0.0,0.6360544217687075,6,3,3,340.0,294,4.9,0.0,0.0,neurofeedback,Subject_007,Session_001
18,1,RIGHT,False,False,close_weak_early,False,564.0,206.0,276.80405405405406,154.0,0.9375,36,2,34,216.0,592,9.866666666666667,12.0,0.2,neurofeedback,Subject_007,Session_001
19,1,RIGHT,True,False,hit,False,740.0,30.0,208.14285714285714,30.0,0.9404761904761905,15,3,12,340.0,336,5.6,20.0,0.3333333333333333,neurofeedback,Subject_007,Session_001
20,0,LEFT,False,True,timeout_wrong,True,456.0,396.0,359.8322147651007,210.0,0.3691275167785235,30,22,8,130.0,596,9.933333333333334,0.0,0.0,neurofeedback,Subject_007,Session_001
21,1,RIGHT,False,False,close_weak_early,False,468.0,302.0,274.66329966329965,154.0,0.8501683501683501,17,5,12,216.0,594,9.9,0.0,0.0,neurofeedback,Subject_007,Session_001
22,1,RIGHT,False,False,wrong_paddle,False,60.0,710.0,330.504,68.0,0.658,7,0,7,302.0,500,8.333333333333334,0.0,0.0,neurofeedback,Subject_007,Session_001
23,1,RIGHT,False,False,wrong_paddle,False,60.0,710.0,541.0,372.0,0.0,0,0,0,0.0,170,2.8333333333333335,,,neurofeedback,Subject_007,Session_001
24,0,LEFT,False,False,wrong_paddle,False,586.0,526.0,358.3756345177665,204.0,0.4890016920473773,47,22,25,136.0,591,9.85,0.0,0.0,neurofeedback,Subject_007,Session_001
25,1,RIGHT,False,False,wrong_paddle,False,60.0,710.0,378.6069868995633,150.0,0.5567685589519651,21,6,15,220.0,458,7.633333333333334,0.0,0.0,neurofeedback,Subject_007,Session_001
26,0,LEFT,True,False,hit,False,60.0,0.0,169.0,0.0,1.0,0,0,0,340.0,170,2.8333333333333335,0.0,0.0,neurofeedback,Subject_007,Session_001
27,1,RIGHT,True,False,hit,False,740.0,30.0,255.42342342342343,30.0,0.8671171171171171,5,2,3,340.0,444,7.4,54.0,0.9,neurofeedback,Subject_007,Session_001
28,0,LEFT,True,False,hit,False,60.0,0.0,170.67741935483872,0.0,1.0,4,0,4,340.0,186,3.1,0.0,0.0,neurofeedback,Subject_007,Session_001
29,0,LEFT,True,False,hit,False,60.0,0.0,169.0,0.0,1.0,0,0,0,340.0,170,2.8333333333333335,0.0,0.0,neurofeedback,Subject_007,Session_001
30,0,LEFT,False,False,wrong_paddle,False,740.0,680.0,456.0263157894737,262.0,0.23903508771929824,17,8,9,78.0,456,7.6,2.0,0.03333333333333333,neurofeedback,Subject_007,Session_001
31,0,LEFT,True,False,hit,False,60.0,0.0,265.47058823529414,0.0,0.5555555555555556,9,9,0,340.0,306,5.1,136.0,2.2666666666666666,neurofeedback,Subject_007,Session_001
32,0,LEFT,False,False,wrong_paddle,False,662.0,602.0,426.1011804384486,272.0,0.28499156829679595,15,4,11,68.0,593,9.883333333333333,0.0,0.0,neurofeedback,Subject_007,Session_001
33,1,RIGHT,True,False,hit,False,740.0,30.0,303.50943396226415,30.0,0.7099056603773585,12,5,7,340.0,424,7.066666666666666,0.0,0.0,neurofeedback,Subject_007,Session_001
34,1,RIGHT,False,True,timeout_close_weak,False,418.0,352.0,253.94621848739496,60.0,0.8789915966386554,11,2,9,310.0,595,9.916666666666666,0.0,0.0,neurofeedback,Subject_007,Session_001
35,1,RIGHT,True,False,hit,False,740.0,30.0,215.27659574468086,30.0,0.9521276595744681,2,1,1,340.0,188,3.1333333333333333,0.0,0.0,neurofeedback,Subject_007,Session_001
36,1,RIGHT,False,False,wrong_paddle,False,60.0,710.0,566.1657142857143,372.0,0.0,10,10,0,0.0,350,5.833333333333333,,,neurofeedback,Subject_007,Session_001
37,1,RIGHT,False,False,wrong_early,False,234.0,536.0,318.3001686340641,122.0,0.6627318718381113,36,15,21,248.0,593,9.883333333333333,104.0,1.7333333333333334,neurofeedback,Subject_007,Session_001
38,0,LEFT,False,False,close_weak_early,False,368.0,308.0,248.98648648648648,74.0,0.7331081081081081,48,12,36,266.0,592,9.866666666666667,0.0,0.0,neurofeedback,Subject_007,Session_001
39,0,LEFT,True,False,hit,False,60.0,0.0,169.0,0.0,1.0,0,0,0,340.0,170,2.8333333333333335,0.0,0.0,neurofeedback,Subject_007,Session_001
40,1,RIGHT,False,False,wrong_early,False,354.0,416.0,300.9983136593592,34.0,0.6087689713322091,18,7,11,336.0,593,9.883333333333333,208.0,3.466666666666667,neurofeedback,Subject_007,Session_001
41,0,LEFT,False,False,wrong_early,False,564.0,504.0,318.51186440677964,46.0,0.5576271186440678,19,8,11,294.0,590,9.833333333333334,0.0,0.0,neurofeedback,Subject_007,Session_001
42,1,RIGHT,False,False,wrong_paddle,False,194.0,576.0,270.3519458544839,78.0,0.688663282571912,22,7,15,292.0,591,9.85,76.0,1.2666666666666666,neurofeedback,Subject_007,Session_001
43,0,LEFT,False,False,close_strong_early,True,72.0,12.0,375.5472972972973,12.0,0.28885135135135137,37,35,2,328.0,592,9.866666666666667,0.0,0.0,neurofeedback,Subject_007,Session_001
44,0,LEFT,True,False,hit,False,60.0,0.0,269.2894736842105,0.0,0.5592105263157895,13,13,0,340.0,304,5.066666666666666,134.0,2.2333333333333334,neurofeedback,Subject_007,Session_001
45,1,RIGHT,False,False,wrong_paddle,False,60.0,710.0,541.0,372.0,0.0,0,0,0,0.0,170,2.8333333333333335,,,neurofeedback,Subject_007,Session_001
46,1,RIGHT,True,False,hit,True,740.0,30.0,361.65384615384613,30.0,0.40384615384615385,43,35,8,340.0,520,8.666666666666666,310.0,5.166666666666667,neurofeedback,Subject_007,Session_001
47,0,LEFT,False,False,wrong_paddle,False,740.0,680.0,506.77272727272725,342.0,0.0,2,2,0,0.0,176,2.933333333333333,,,neurofeedback,Subject_007,Session_001
48,1,RIGHT,False,False,wrong_paddle,True,60.0,710.0,489.3375,344.0,0.215625,37,26,11,26.0,320,5.333333333333333,0.0,0.0,neurofeedback,Subject_007,Session_001
49,0,LEFT,False,False,wrong_paddle,False,740.0,680.0,446.6260162601626,270.0,0.3048780487804878,3,0,3,70.0,246,4.1,0.0,0.0,neurofeedback,Subject_007,Session_001
50,0,LEFT,False,False,wrong_early,False,400.0,340.0,226.36271186440678,86.0,0.8423728813559322,39,10,29,254.0,590,9.833333333333334,4.0,0.06666666666666667,neurofeedback,Subject_007,Session_001
51,1,RIGHT,True,False,hit,True,740.0,30.0,370.25714285714287,30.0,0.40476190476190477,17,17,0,340.0,420,7.0,250.0,4.166666666666667,neurofeedback,Subject_007,Session_001
52,1,RIGHT,False,False,close_weak_early,True,448.0,322.0,382.4256756756757,140.0,0.4358108108108108,24,22,2,230.0,592,9.866666666666667,0.0,0.0,neurofeedback,Subject_007,Session_001
53,0,LEFT,True,False,hit,False,60.0,0.0,295.6796875,0.0,0.626953125,4,3,1,340.0,512,8.533333333333333,0.0,0.0,neurofeedback,Subject_007,Session_001
54,1,RIGHT,False,False,wrong_paddle,False,60.0,710.0,442.766081871345,270.0,0.32456140350877194,6,1,5,100.0,342,5.7,60.0,1.0,neurofeedback,Subject_007,Session_001
55,0,LEFT,True,False,hit,False,60.0,0.0,169.0,0.0,1.0,0,0,0,340.0,170,2.8333333333333335,0.0,0.0,neurofeedback,Subject_007,Session_001
56,1,RIGHT,False,False,wrong_paddle,False,60.0,710.0,455.17808219178085,298.0,0.4143835616438356,5,0,5,72.0,292,4.866666666666666,0.0,0.0,neurofeedback,Subject_007,Session_001
57,0,LEFT,True,False,hit,False,60.0,0.0,219.87719298245614,0.0,0.7456140350877193,1,1,0,340.0,228,3.8,58.0,0.9666666666666667,neurofeedback,Subject_007,Session_001
58,1,RIGHT,True,False,hit,False,740.0,30.0,170.40860215053763,30.0,1.0,28,0,28,340.0,372,6.2,0.0,0.0,neurofeedback,Subject_007,Session_001
59,0,LEFT,False,False,wrong_paddle,False,740.0,680.0,511.0,342.0,0.0,0,0,0,0.0,170,2.8333333333333335,,,neurofeedback,Subject_007,Session_001
60,1,RIGHT,False,True,timeout_close_weak,False,514.0,256.0,305.2672268907563,134.0,0.704201680672269,37,15,22,236.0,595,9.916666666666666,14.0,0.23333333333333334,neurofeedback,Subject_007,Session_001
61,0,LEFT,False,False,wrong_paddle,False,740.0,680.0,469.75925925925924,298.0,0.20833333333333334,3,0,3,42.0,216,3.6,0.0,0.0,neurofeedback,Subject_007,Session_001
62,1,RIGHT,False,False,wrong_paddle,True,210.0,560.0,388.0134907251265,210.0,0.4317032040472175,19,15,4,160.0,593,9.883333333333333,90.0,1.5,neurofeedback,Subject_007,Session_001
63,1,RIGHT,False,False,wrong_paddle,False,60.0,710.0,541.0,372.0,0.0,0,0,0,0.0,170,2.8333333333333335,,,neurofeedback,Subject_007,Session_001
64,0,LEFT,True,False,hit,False,60.0,0.0,169.0,0.0,1.0,0,0,0,340.0,170,2.8333333333333335,0.0,0.0,neurofeedback,Subject_007,Session_001
65,1,RIGHT,False,False,wrong_early,True,380.0,390.0,407.4256756756757,264.0,0.36824324324324326,26,16,10,106.0,592,9.866666666666667,0.0,0.0,neurofeedback,Subject_007,Session_001
66,0,LEFT,True,False,hit,False,60.0,0.0,174.28662420382165,0.0,1.0,16,0,16,340.0,314,5.233333333333333,0.0,0.0,neurofeedback,Subject_007,Session_001
67,0,LEFT,False,False,wrong_paddle,False,740.0,680.0,475.1025641025641,342.0,0.0,4,4,0,0.0,234,3.9,,,neurofeedback,Subject_007,Session_001
68,1,RIGHT,False,False,wrong_early,False,234.0,536.0,305.8752107925801,148.0,0.8465430016863407,21,1,20,222.0,593,9.883333333333333,0.0,0.0,neurofeedback,Subject_007,Session_001
69,1,RIGHT,False,False,wrong_paddle,False,60.0,710.0,453.42364532019707,308.0,0.20935960591133004,16,6,10,62.0,406,6.766666666666667,0.0,0.0,neurofeedback,Subject_007,Session_001
70,1,RIGHT,False,False,close_weak_early,False,444.0,326.0,393.06756756756755,138.0,0.48817567567567566,12,7,5,232.0,592,9.866666666666667,0.0,0.0,neurofeedback,Subject_007,Session_001
71,1,RIGHT,True,False,hit,False,740.0,30.0,183.79310344827587,30.0,0.978448275862069,7,2,5,340.0,232,3.8666666666666667,4.0,0.06666666666666667,neurofeedback,Subject_007,Session_001
72,0,LEFT,True,False,hit,True,60.0,0.0,360.23595505617976,0.0,0.31835205992509363,21,21,0,340.0,534,8.9,364.0,6.066666666666666,neurofeedback,Subject_007,Session_001
73,1,RIGHT,True,False,hit,False,740.0,30.0,185.83229813664596,30.0,0.9130434782608695,9,1,8,340.0,322,5.366666666666666,28.0,0.4666666666666667,neurofeedback,Subject_007,Session_001
74,0,LEFT,True,False,hit,False,60.0,0.0,343.2277580071174,0.0,0.45729537366548045,18,7,11,340.0,562,9.366666666666667,2.0,0.03333333333333333,neurofeedback,Subject_007,Session_001
75,0,LEFT,True,False,hit,False,60.0,0.0,174.52542372881356,0.0,0.9322033898305084,15,1,14,340.0,236,3.933333333333333,16.0,0.26666666666666666,neurofeedback,Subject_007,Session_001
76,0,LEFT,False,False,close_weak_early,False,274.0,214.0,321.34010152284264,142.0,0.5160744500846024,6,3,3,198.0,591,9.85,80.0,1.3333333333333333,neurofeedback,Subject_007,Session_001
77,0,LEFT,False,False,close_weak_early,False,394.0,334.0,311.4839797639123,116.0,0.5463743676222597,42,24,18,224.0,593,9.883333333333333,4.0,0.06666666666666667,neurofeedback,Subject_007,Session_001
78,1,RIGHT,False,False,wrong_paddle,False,60.0,710.0,502.1448275862069,294.0,0.27241379310344827,9,6,3,76.0,290,4.833333333333333,0.0,0.0,neurofeedback,Subject_007,Session_001
79,0,LEFT,True,False,hit,False,60.0,0.0,169.0,0.0,1.0,0,0,0,340.0,170,2.8333333333333335,0.0,0.0,neurofeedback,Subject_007,Session_001
80,1,RIGHT,True,False,hit,False,740.0,30.0,199.0,30.0,1.0,0,0,0,340.0,170,2.8333333333333335,0.0,0.0,neurofeedback,Subject_007,Session_001
81,1,RIGHT,False,False,wrong_early,True,270.0,500.0,407.9662731871838,238.0,0.3136593591905565,24,16,8,132.0,593,9.883333333333333,210.0,3.5,neurofeedback,Subject_007,Session_001
82,0,LEFT,False,False,wrong_early,False,490.0,430.0,359.8578680203046,184.0,0.49238578680203043,33,14,19,156.0,591,9.85,16.0,0.26666666666666666,neurofeedback,Subject_007,Session_001
83,1,RIGHT,False,False,wrong_paddle,False,60.0,710.0,541.0,372.0,0.0,0,0,0,0.0,170,2.8333333333333335,,,neurofeedback,Subject_007,Session_001
84,1,RIGHT,False,False,wrong_early,False,372.0,398.0,298.1756756756757,70.0,0.7280405405405406,17,4,13,300.0,592,9.866666666666667,0.0,0.0,neurofeedback,Subject_007,Session_001
85,0,LEFT,True,False,hit,False,60.0,0.0,221.58638743455498,0.0,0.8612565445026178,44,11,33,340.0,382,6.366666666666666,0.0,0.0,neurofeedback,Subject_007,Session_001
86,0,LEFT,True,False,hit,False,60.0,0.0,169.0,0.0,1.0,0,0,0,340.0,170,2.8333333333333335,0.0,0.0,neurofeedback,Subject_007,Session_001
87,1,RIGHT,False,False,wrong_paddle,False,60.0,710.0,541.0,372.0,0.0,0,0,0,0.0,170,2.8333333333333335,,,neurofeedback,Subject_007,Session_001
88,1,RIGHT,False,False,wrong_paddle,False,60.0,710.0,396.5373665480427,138.0,0.4110320284697509,12,11,1,232.0,562,9.366666666666667,152.0,2.533333333333333,neurofeedback,Subject_007,Session_001
89,0,LEFT,False,False,wrong_paddle,False,740.0,680.0,444.0381679389313,280.0,0.24045801526717558,6,3,3,60.0,262,4.366666666666666,28.0,0.4666666666666667,neurofeedback,Subject_007,Session_001
90,0,LEFT,False,False,wrong_paddle,False,740.0,680.0,492.60674157303373,342.0,0.0,12,12,0,0.0,356,5.933333333333334,,,neurofeedback,Subject_007,Session_001
91,0,LEFT,False,False,close_strong_early,False,62.0,2.0,314.964586846543,2.0,0.554806070826307,10,6,4,338.0,593,9.883333333333333,0.0,0.0,neurofeedback,Subject_007,Session_001
92,1,RIGHT,False,False,wrong_paddle,False,60.0,710.0,487.11678832116786,352.0,0.08029197080291971,3,1,2,18.0,274,4.566666666666666,0.0,0.0,neurofeedback,Subject_007,Session_001
93,0,LEFT,True,False,hit,False,60.0,0.0,249.71146245059288,0.0,0.7391304347826086,22,4,18,340.0,506,8.433333333333334,0.0,0.0,neurofeedback,Subject_007,Session_001
94,1,RIGHT,False,True,timeout_wrong,False,348.0,422.0,261.744966442953,116.0,0.8288590604026845,37,9,28,254.0,596,9.933333333333334,0.0,0.0,neurofeedback,Subject_007,Session_001
95,1,RIGHT,True,False,hit,False,740.0,30.0,276.97938144329896,30.0,0.7061855670103093,3,1,2,340.0,388,6.466666666666667,114.0,1.9,neurofeedback,Subject_007,Session_001
96,1,RIGHT,False,False,wrong_paddle,False,80.0,690.0,398.31081081081084,194.0,0.42905405405405406,10,2,8,176.0,592,9.866666666666667,120.0,2.0,neurofeedback,Subject_007,Session_001
97,0,LEFT,False,False,close_strong_early,False,200.0,140.0,244.21621621621622,140.0,0.9611486486486487,30,1,29,200.0,592,9.866666666666667,0.0,0.0,neurofeedback,Subject_007,Session_001
98,0,LEFT,False,False,wrong_paddle,False,740.0,680.0,511.0,342.0,0.0,0,0,0,0.0,170,2.8333333333333335,,,neurofeedback,Subject_007,Session_001
99,0,LEFT,True,False,hit,False,60.0,0.0,191.67065868263472,0.0,1.0,12,0,12,340.0,334,5.566666666666666,0.0,0.0,neurofeedback,Subject_007,Session_001
100,0,LEFT,True,False,hit,False,60.0,0.0,169.0,0.0,1.0,0,0,0,340.0,170,2.8333333333333335,0.0,0.0,neurofeedback,Subject_007,Session_001
101,1,RIGHT,False,False,wrong_paddle,False,60.0,710.0,541.0,372.0,0.0,0,0,0,0.0,170,2.8333333333333335,,,neurofeedback,Subject_007,Session_001
102,0,LEFT,True,False,hit,False,60.0,0.0,169.0,0.0,1.0,0,0,0,340.0,170,2.8333333333333335,0.0,0.0,neurofeedback,Subject_007,Session_001
103,1,RIGHT,False,False,wrong_paddle,True,60.0,710.0,495.3127572016461,368.0,0.00411522633744856,22,20,2,2.0,486,8.1,266.0,4.433333333333334,neurofeedback,Subject_007,Session_001
104,0,LEFT,False,False,wrong_paddle,False,644.0,584.0,364.8445945945946,122.0,0.38682432432432434,14,9,5,218.0,592,9.866666666666667,40.0,0.6666666666666666,neurofeedback,Subject_007,Session_001
105,1,RIGHT,False,False,wrong_early,False,386.0,384.0,460.25380710659897,258.0,0.22842639593908629,21,12,9,112.0,591,9.85,120.0,2.0,neurofeedback,Subject_007,Session_001
106,1,RIGHT,False,False,wrong_paddle,False,60.0,710.0,368.31400966183577,126.0,0.5869565217391305,1,0,1,244.0,414,6.9,0.0,0.0,neurofeedback,Subject_007,Session_001
107,0,LEFT,False,False,wrong_paddle,False,740.0,680.0,505.7865168539326,342.0,0.0,4,4,0,0.0,178,2.966666666666667,,,neurofeedback,Subject_007,Session_001
108,1,RIGHT,True,False,hit,False,740.0,30.0,207.04395604395606,30.0,1.0,4,0,4,340.0,182,3.033333333333333,0.0,0.0,neurofeedback,Subject_007,Session_001
109,1,RIGHT,True,False,hit,False,740.0,30.0,205.52534562211983,30.0,0.8594470046082949,19,4,15,340.0,434,7.233333333333333,16.0,0.26666666666666666,neurofeedback,Subject_007,Session_001
110,0,LEFT,True,False,hit,False,60.0,0.0,205.08247422680412,0.0,0.8470790378006873,8,3,5,340.0,582,9.7,0.0,0.0,neurofeedback,Subject_007,Session_001
111,1,RIGHT,False,False,wrong_paddle,False,60.0,710.0,541.0,372.0,0.0,0,0,0,0.0,170,2.8333333333333335,,,neurofeedback,Subject_007,Session_001
112,0,LEFT,True,False,hit,False,60.0,0.0,168.74647887323943,0.0,1.0,10,0,10,340.0,284,4.733333333333333,0.0,0.0,neurofeedback,Subject_007,Session_001
113,1,RIGHT,True,False,hit,False,740.0,30.0,205.91472868217053,30.0,1.0,8,0,8,340.0,258,4.3,0.0,0.0,neurofeedback,Subject_007,Session_001
114,1,RIGHT,False,False,wrong_paddle,True,60.0,710.0,497.0701754385965,372.0,0.0,20,20,0,0.0,342,5.7,,,neurofeedback,Subject_007,Session_001
115,0,LEFT,True,False,hit,False,60.0,0.0,186.2340425531915,0.0,0.9042553191489362,1,1,0,340.0,188,3.1333333333333333,18.0,0.3,neurofeedback,Subject_007,Session_001
116,0,LEFT,True,False,hit,False,60.0,0.0,231.11162790697674,0.0,0.7627906976744186,19,11,8,340.0,430,7.166666666666667,102.0,1.7,neurofeedback,Subject_007,Session_001
117,0,LEFT,True,False,hit,False,60.0,0.0,130.82671480144404,0.0,1.0,48,0,48,340.0,554,9.233333333333333,0.0,0.0,neurofeedback,Subject_007,Session_001
118,1,RIGHT,True,False,hit,False,740.0,30.0,203.58426966292134,30.0,1.0,4,0,4,340.0,178,2.966666666666667,0.0,0.0,neurofeedback,Subject_007,Session_001
119,0,LEFT,False,False,wrong_early,True,438.0,378.0,463.3570219966159,236.0,0.1895093062605753,30,26,4,104.0,591,9.85,0.0,0.0,neurofeedback,Subject_007,Session_001
120,1,RIGHT,True,False,hit,False,740.0,30.0,216.82394366197184,30.0,0.9859154929577465,20,2,18,340.0,568,9.466666666666667,0.0,0.0,neurofeedback,Subject_007,Session_001
121,0,LEFT,False,False,close_weak_early,False,366.0,306.0,413.8544839255499,136.0,0.37225042301184436,12,11,1,204.0,591,9.85,0.0,0.0,neurofeedback,Subject_007,Session_001
122,1,RIGHT,False,True,timeout_close_weak,False,432.0,338.0,264.63758389261744,88.0,0.9731543624161074,26,3,23,282.0,596,9.933333333333334,12.0,0.2,neurofeedback,Subject_007,Session_001
123,0,LEFT,True,False,hit,False,60.0,0.0,169.0,0.0,1.0,0,0,0,340.0,170,2.8333333333333335,0.0,0.0,neurofeedback,Subject_007,Session_001
124,1,RIGHT,True,False,hit,False,740.0,30.0,355.8349514563107,30.0,0.46116504854368934,7,1,6,340.0,412,6.866666666666666,222.0,3.7,neurofeedback,Subject_007,Session_001
125,0,LEFT,False,False,wrong_paddle,False,740.0,680.0,448.1862068965517,318.0,0.12758620689655173,16,9,7,22.0,290,4.833333333333333,4.0,0.06666666666666667,neurofeedback,Subject_007,Session_001
126,1,RIGHT,False,False,wrong_paddle,False,60.0,710.0,541.0,372.0,0.0,0,0,0,0.0,170,2.8333333333333335,,,neurofeedback,Subject_007,Session_001
127,0,LEFT,True,False,hit,False,60.0,0.0,253.35532994923858,0.0,0.7741116751269036,12,1,11,340.0,394,6.566666666666666,0.0,0.0,neurofeedback,Subject_007,Session_001
128,0,LEFT,True,False,hit,False,60.0,0.0,260.8831168831169,0.0,0.6525974025974026,6,5,1,340.0,308,5.133333333333334,0.0,0.0,neurofeedback,Subject_007,Session_001
129,0,LEFT,False,False,close_weak_early,False,272.0,212.0,221.65540540540542,12.0,0.8260135135135135,9,3,6,328.0,592,9.866666666666667,0.0,0.0,neurofeedback,Subject_007,Session_001
130,1,RIGHT,False,False,wrong_paddle,False,60.0,710.0,575.1186440677966,372.0,0.0,2,2,0,0.0,236,3.933333333333333,,,neurofeedback,Subject_007,Session_001
131,0,LEFT,False,False,wrong_paddle,False,740.0,680.0,516.8245614035088,304.0,0.11403508771929824,15,12,3,36.0,342,5.7,0.0,0.0,neurofeedback,Subject_007,Session_001
132,0,LEFT,False,False,wrong_paddle,True,740.0,680.0,513.72,342.0,0.0,20,20,0,0.0,300,5.0,,,neurofeedback,Subject_007,Session_001
133,0,LEFT,False,False,wrong_paddle,False,740.0,680.0,424.70068027210885,272.0,0.41836734693877553,15,0,15,68.0,294,4.9,0.0,0.0,neurofeedback,Subject_007,Session_001
134,1,RIGHT,True,False,hit,False,740.0,30.0,302.58940397350995,30.0,0.5629139072847682,1,1,0,340.0,302,5.033333333333333,132.0,2.2,neurofeedback,Subject_007,Session_001
135,1,RIGHT,False,False,wrong_paddle,False,60.0,710.0,541.0,372.0,0.0,0,0,0,0.0,170,2.8333333333333335,,,neurofeedback,Subject_007,Session_001
136,0,LEFT,True,False,hit,False,60.0,0.0,169.0,0.0,1.0,0,0,0,340.0,170,2.8333333333333335,0.0,0.0,neurofeedback,Subject_007,Session_001
137,1,RIGHT,True,False,hit,False,740.0,30.0,199.0,30.0,1.0,0,0,0,340.0,170,2.8333333333333335,0.0,0.0,neurofeedback,Subject_007,Session_001
138,1,RIGHT,False,False,wrong_paddle,False,60.0,710.0,513.5631067961165,366.0,0.014563106796116505,2,1,1,4.0,206,3.433333333333333,32.0,0.5333333333333333,neurofeedback,Subject_007,Session_001
139,1,RIGHT,False,False,wrong_paddle,False,60.0,710.0,541.0,372.0,0.0,0,0,0,0.0,170,2.8333333333333335,,,neurofeedback,Subject_007,Session_001
140,0,LEFT,True,False,hit,False,60.0,0.0,168.2568306010929,0.0,1.0,6,0,6,340.0,366,6.1,0.0,0.0,neurofeedback,Subject_007,Session_001
141,1,RIGHT,False,False,wrong_paddle,False,60.0,710.0,541.0,372.0,0.0,0,0,0,0.0,170,2.8333333333333335,,,neurofeedback,Subject_007,Session_001
142,0,LEFT,True,False,hit,False,60.0,0.0,222.8793103448276,0.0,0.7327586206896551,3,3,0,340.0,232,3.8666666666666667,62.0,1.0333333333333334,neurofeedback,Subject_007,Session_001
143,0,LEFT,False,False,wrong_early,True,436.0,376.0,399.7676767676768,200.0,0.2474747474747475,21,16,5,140.0,594,9.9,84.0,1.4,neurofeedback,Subject_007,Session_001
144,1,RIGHT,False,False,wrong_paddle,False,60.0,710.0,555.06,372.0,0.0,8,8,0,0.0,200,3.3333333333333335,,,neurofeedback,Subject_007,Session_001
145,0,LEFT,False,False,wrong_paddle,True,740.0,680.0,487.672268907563,342.0,0.0,18,18,0,0.0,238,3.966666666666667,,,neurofeedback,Subject_007,Session_001
146,0,LEFT,False,False,wrong_paddle,False,740.0,680.0,511.0,342.0,0.0,0,0,0,0.0,170,2.8333333333333335,,,neurofeedback,Subject_007,Session_001
147,1,RIGHT,True,False,hit,False,740.0,30.0,199.0,30.0,1.0,0,0,0,340.0,170,2.8333333333333335,0.0,0.0,neurofeedback,Subject_007,Session_001
148,0,LEFT,True,False,hit,False,60.0,0.0,155.9814814814815,0.0,1.0,4,0,4,340.0,216,3.6,0.0,0.0,neurofeedback,Subject_007,Session_001
149,0,LEFT,True,False,hit,False,60.0,0.0,227.86524822695034,0.0,0.849290780141844,16,5,11,340.0,564,9.4,0.0,0.0,neurofeedback,Subject_007,Session_001
150,1,RIGHT,True,False,hit,False,740.0,30.0,284.6341463414634,30.0,0.6646341463414634,15,3,12,340.0,328,5.466666666666667,110.0,1.8333333333333333,neurofeedback,Subject_007,Session_001
151,0,LEFT,False,False,close_strong_early,False,200.0,140.0,223.02020202020202,4.0,0.803030303030303,22,1,21,336.0,594,9.9,0.0,0.0,neurofeedback,Subject_007,Session_001
152,1,RIGHT,False,True,wrong_paddle,False,60.0,710.0,388.27759197324417,190.0,0.5284280936454849,20,6,14,180.0,598,9.966666666666667,110.0,1.8333333333333333,neurofeedback,Subject_007,Session_001
153,1,RIGHT,True,False,hit,False,740.0,30.0,199.0,30.0,1.0,0,0,0,340.0,170,2.8333333333333335,0.0,0.0,neurofeedback,Subject_007,Session_001
154,0,LEFT,True,False,hit,False,60.0,0.0,311.40410958904107,0.0,0.5154109589041096,11,4,7,340.0,584,9.733333333333333,140.0,2.3333333333333335,neurofeedback,Subject_007,Session_001
155,0,LEFT,True,False,hit,False,60.0,0.0,169.0,0.0,1.0,0,0,0,340.0,170,2.8333333333333335,0.0,0.0,neurofeedback,Subject_007,Session_001
156,1,RIGHT,False,False,wrong_paddle,False,60.0,710.0,499.85714285714283,330.0,0.23684210526315788,13,6,7,40.0,266,4.433333333333334,0.0,0.0,neurofeedback,Subject_007,Session_001
157,1,RIGHT,False,False,wrong_paddle,False,60.0,710.0,386.14832535885165,156.0,0.5095693779904307,2,1,1,214.0,418,6.966666666666667,34.0,0.5666666666666667,neurofeedback,Subject_007,Session_001
158,1,RIGHT,False,False,close_strong_early,False,724.0,46.0,354.58249158249157,46.0,0.4781144781144781,29,13,16,324.0,594,9.9,310.0,5.166666666666667,neurofeedback,Subject_007,Session_001
159,1,RIGHT,True,False,hit,False,740.0,30.0,220.8231292517007,30.0,0.9727891156462585,11,1,10,340.0,294,4.9,8.0,0.13333333333333333,neurofeedback,Subject_007,Session_001
160,1,RIGHT,True,False,hit,False,740.0,30.0,209.5686274509804,30.0,0.8921568627450981,7,1,6,340.0,204,3.4,22.0,0.36666666666666664,neurofeedback,Subject_007,Session_001
161,0,LEFT,False,False,wrong_paddle,False,726.0,666.0,477.4131534569983,304.0,0.06745362563237774,14,12,2,36.0,593,9.883333333333333,342.0,5.7,neurofeedback,Subject_007,Session_001
162,0,LEFT,True,False,hit,False,60.0,0.0,255.9318181818182,0.0,0.7357954545454546,6,1,5,340.0,352,5.866666666666666,0.0,0.0,neurofeedback,Subject_007,Session_001
163,1,RIGHT,False,False,close_weak_early,False,446.0,324.0,251.25211505922167,40.0,0.8392554991539763,15,3,12,330.0,591,9.85,0.0,0.0,neurofeedback,Subject_007,Session_001
164,0,LEFT,False,False,wrong_paddle,False,740.0,680.0,345.70531400966183,126.0,0.5869565217391305,3,0,3,214.0,414,6.9,0.0,0.0,neurofeedback,Subject_007,Session_001
165,0,LEFT,True,False,hit,False,60.0,0.0,169.0,0.0,1.0,0,0,0,340.0,170,2.8333333333333335,0.0,0.0,neurofeedback,Subject_007,Session_001
166,1,RIGHT,False,False,wrong_paddle,False,60.0,710.0,514.8811881188119,366.0,0.019801980198019802,6,4,2,4.0,202,3.3666666666666667,20.0,0.3333333333333333,neurofeedback,Subject_007,Session_001
167,0,LEFT,False,False,close_weak_early,False,300.0,240.0,263.35016835016836,36.0,0.7121212121212122,11,1,10,304.0,594,9.9,0.0,0.0,neurofeedback,Subject_007,Session_001
168,1,RIGHT,True,False,hit,False,740.0,30.0,203.82178217821783,30.0,0.8811881188118812,17,1,16,340.0,404,6.733333333333333,48.0,0.8,neurofeedback,Subject_007,Session_001
169,1,RIGHT,False,False,wrong_early,False,244.0,526.0,286.7912457912458,64.0,0.7693602693602694,31,18,13,306.0,594,9.9,0.0,0.0,neurofeedback,Subject_007,Session_001
170,1,RIGHT,False,False,wrong_paddle,False,60.0,710.0,537.1818181818181,356.0,0.06565656565656566,3,2,1,14.0,198,3.3,0.0,0.0,neurofeedback,Subject_007,Session_001
171,0,LEFT,False,False,wrong_paddle,False,740.0,680.0,518.5862068965517,342.0,0.0,4,4,0,0.0,232,3.8666666666666667,,,neurofeedback,Subject_007,Session_001
172,1,RIGHT,True,False,hit,False,740.0,30.0,199.0,30.0,1.0,0,0,0,340.0,170,2.8333333333333335,0.0,0.0,neurofeedback,Subject_007,Session_001
173,1,RIGHT,False,False,wrong_paddle,False,90.0,680.0,371.10961214165263,208.0,0.5699831365935919,11,1,10,162.0,593,9.883333333333333,0.0,0.0,neurofeedback,Subject_007,Session_001
174,1,RIGHT,False,False,wrong_paddle,False,60.0,710.0,550.9821428571429,372.0,0.0,12,12,0,0.0,224,3.7333333333333334,,,neurofeedback,Subject_007,Session_001
175,0,LEFT,True,False,hit,False,60.0,0.0,169.0,0.0,1.0,0,0,0,340.0,170,2.8333333333333335,0.0,0.0,neurofeedback,Subject_007,Session_001
176,0,LEFT,True,False,hit,False,60.0,0.0,169.0,0.0,1.0,0,0,0,340.0,170,2.8333333333333335,0.0,0.0,neurofeedback,Subject_007,Session_001
177,1,RIGHT,True,False,hit,False,740.0,30.0,405.4032258064516,30.0,0.34274193548387094,11,11,0,340.0,496,8.266666666666667,326.0,5.433333333333334,neurofeedback,Subject_007,Session_001
178,0,LEFT,False,True,timeout_close_strong,False,206.0,146.0,438.8705882352941,146.0,0.28907563025210087,8,7,1,194.0,595,9.916666666666666,0.0,0.0,neurofeedback,Subject_007,Session_001
179,0,LEFT,True,False,hit,False,60.0,0.0,304.990099009901,0.0,0.551980198019802,4,1,3,340.0,404,6.733333333333333,0.0,0.0,neurofeedback,Subject_007,Session_001
180,0,LEFT,True,False,hit,False,60.0,0.0,220.33823529411765,0.0,0.8308823529411765,15,3,12,340.0,272,4.533333333333333,46.0,0.7666666666666667,neurofeedback,Subject_007,Session_001
181,0,LEFT,False,True,timeout_wrong,True,434.0,374.0,413.8420168067227,140.0,0.334453781512605,22,21,1,200.0,595,9.916666666666666,0.0,0.0,neurofeedback,Subject_007,Session_001
182,1,RIGHT,False,False,wrong_paddle,False,60.0,710.0,540.3191489361702,372.0,0.0,10,10,0,0.0,188,3.1333333333333333,,,neurofeedback,Subject_007,Session_001
183,0,LEFT,True,False,hit,False,60.0,0.0,233.02777777777777,0.0,0.7899305555555556,10,5,5,340.0,576,9.6,0.0,0.0,neurofeedback,Subject_007,Session_001
184,0,LEFT,False,False,wrong_paddle,True,740.0,680.0,556.6712328767123,342.0,0.0,24,24,0,0.0,292,4.866666666666666,,,neurofeedback,Subject_007,Session_001
185,0,LEFT,True,False,hit,False,60.0,0.0,248.73873873873873,0.0,0.8490990990990991,24,3,21,340.0,444,7.4,0.0,0.0,neurofeedback,Subject_007,Session_001
186,1,RIGHT,False,True,timeout_close_strong,False,598.0,172.0,383.6873949579832,172.0,0.4084033613445378,15,9,6,198.0,595,9.916666666666666,118.0,1.9666666666666666,neurofeedback,Subject_007,Session_001
187,1,RIGHT,True,False,hit,False,740.0,30.0,224.95901639344262,30.0,1.0,8,0,8,340.0,488,8.133333333333333,0.0,0.0,neurofeedback,Subject_007,Session_001
188,1,RIGHT,True,False,hit,False,740.0,30.0,179.47524752475246,30.0,1.0,4,0,4,340.0,202,3.3666666666666667,0.0,0.0,neurofeedback,Subject_007,Session_001
189,1,RIGHT,False,False,wrong_paddle,False,60.0,710.0,496.35537190082647,346.0,0.1115702479338843,7,4,3,24.0,242,4.033333333333333,0.0,0.0,neurofeedback,Subject_007,Session_001
190,0,LEFT,True,False,hit,False,60.0,0.0,322.4618473895582,0.0,0.5441767068273092,2,1,1,340.0,498,8.3,0.0,0.0,neurofeedback,Subject_007,Session_001
191,0,LEFT,True,False,hit,False,60.0,0.0,169.0,0.0,1.0,0,0,0,340.0,170,2.8333333333333335,0.0,0.0,neurofeedback,Subject_007,Session_001
192,1,RIGHT,True,False,hit,False,740.0,30.0,296.52,30.0,0.5666666666666667,11,11,0,340.0,300,5.0,130.0,2.1666666666666665,neurofeedback,Subject_007,Session_001
193,1,RIGHT,False,False,wrong_paddle,False,60.0,710.0,305.4357142857143,64.0,0.6875,10,1,9,306.0,560,9.333333333333334,4.0,0.06666666666666667,neurofeedback,Subject_007,Session_001
194,0,LEFT,True,False,hit,False,60.0,0.0,169.0,0.0,1.0,0,0,0,340.0,170,2.8333333333333335,0.0,0.0,neurofeedback,Subject_007,Session_001
195,1,RIGHT,False,False,wrong_paddle,False,60.0,710.0,541.0,372.0,0.0,0,0,0,0.0,170,2.8333333333333335,,,neurofeedback,Subject_007,Session_001
196,1,RIGHT,False,False,wrong_paddle,False,60.0,710.0,541.0,372.0,0.0,0,0,0,0.0,170,2.8333333333333335,,,neurofeedback,Subject_007,Session_001
197,0,LEFT,False,False,wrong_paddle,False,600.0,540.0,353.41750841750843,90.0,0.5050505050505051,13,11,2,250.0,594,9.9,0.0,0.0,neurofeedback,Subject_007,Session_001
198,1,RIGHT,False,True,timeout_close_weak,False,562.0,208.0,253.0318257956449,110.0,0.9179229480737019,22,1,21,260.0,597,9.95,0.0,0.0,neurofeedback,Subject_007,Session_001
199,0,LEFT,True,False,hit,False,60.0,0.0,269.71065989847716,0.0,0.5532994923857868,9,1,8,340.0,394,6.566666666666666,176.0,2.933333333333333,neurofeedback,Subject_007,Session_001
0,1,RIGHT,False,True,timeout_wrong,False,400.0,370.0,370.0,370.0,0.0,0,0,0,0.0,596,9.933333333333334,,,neurofeedback,Subject_008,Session_001
1,1,RIGHT,True,False,hit,False,740.0,30.0,225.97,30.0,1.0,8,0,8,340.0,400,6.666666666666667,0.0,0.0,neurofeedback,Subject_008,Session_001
2,0,LEFT,False,False,wrong_paddle,False,740.0,680.0,375.07751937984494,214.0,0.47674418604651164,24,8,16,126.0,516,8.6,94.0,1.5666666666666667,neurofeedback,Subject_008,Session_001
3,0,LEFT,False,False,wrong_paddle,True,740.0,680.0,411.17977528089887,232.0,0.23782771535580524,30,23,7,108.0,534,8.9,236.0,3.933333333333333,neurofeedback,Subject_008,Session_001
4,1,RIGHT,False,True,timeout_wrong,False,380.0,390.0,327.241610738255,184.0,0.6510067114093959,32,16,16,186.0,596,9.933333333333334,20.0,0.3333333333333333,neurofeedback,Subject_008,Session_001
5,1,RIGHT,False,False,wrong_paddle,False,60.0,710.0,542.6344086021505,372.0,0.0,6,6,0,0.0,186,3.1,,,neurofeedback,Subject_008,Session_001
6,0,LEFT,True,False,hit,False,60.0,0.0,164.02325581395348,0.0,1.0,16,0,16,340.0,258,4.3,0.0,0.0,neurofeedback,Subject_008,Session_001
7,1,RIGHT,True,False,hit,False,740.0,30.0,210.70621468926555,30.0,1.0,30,0,30,340.0,354,5.9,0.0,0.0,neurofeedback,Subject_008,Session_001
8,1,RIGHT,True,False,hit,False,740.0,30.0,204.79545454545453,30.0,0.9829545454545454,2,1,1,340.0,176,2.933333333333333,0.0,0.0,neurofeedback,Subject_008,Session_001
9,0,LEFT,False,True,wrong_paddle,False,718.0,658.0,320.32268907563025,82.0,0.5697478991596638,22,1,21,258.0,595,9.916666666666666,96.0,1.6,neurofeedback,Subject_008,Session_001
10,0,LEFT,False,False,wrong_paddle,False,740.0,680.0,511.0,342.0,0.0,0,0,0,0.0,170,2.8333333333333335,,,neurofeedback,Subject_008,Session_001
11,0,LEFT,False,False,wrong_paddle,False,740.0,680.0,332.650406504065,80.0,0.540650406504065,7,5,2,260.0,492,8.2,2.0,0.03333333333333333,neurofeedback,Subject_008,Session_001
12,1,RIGHT,True,False,hit,False,740.0,30.0,199.0,30.0,1.0,0,0,0,340.0,170,2.8333333333333335,0.0,0.0,neurofeedback,Subject_008,Session_001
13,1,RIGHT,True,False,hit,False,740.0,30.0,404.1497975708502,30.0,0.36639676113360325,12,9,3,340.0,494,8.233333333333333,2.0,0.03333333333333333,neurofeedback,Subject_008,Session_001
14,0,LEFT,False,True,timeout_close_weak,True,398.0,338.0,445.6605042016807,310.0,0.052100840336134456,43,41,2,30.0,595,9.916666666666666,366.0,6.1,neurofeedback,Subject_008,Session_001
15,0,LEFT,True,False,hit,False,60.0,0.0,180.55371900826447,0.0,1.0,6,0,6,340.0,242,4.033333333333333,0.0,0.0,neurofeedback,Subject_008,Session_001
16,1,RIGHT,False,False,wrong_paddle,False,60.0,710.0,384.11965811965814,192.0,0.5021367521367521,14,5,9,178.0,468,7.8,56.0,0.9333333333333333,neurofeedback,Subject_008,Session_001
17,0,LEFT,False,False,wrong_paddle,False,740.0,680.0,348.2512315270936,120.0,0.5689655172413793,9,2,7,220.0,406,6.766666666666667,0.0,0.0,neurofeedback,Subject_008,Session_001
18,0,LEFT,False,False,wrong_paddle,False,740.0,680.0,484.83838383838383,312.0,0.13636363636363635,1,0,1,28.0,198,3.3,0.0,0.0,neurofeedback,Subject_008,Session_001
19,1,RIGHT,True,False,hit,False,740.0,30.0,259.67484662576686,30.0,0.9049079754601227,6,1,5,340.0,326,5.433333333333334,0.0,0.0,neurofeedback,Subject_008,Session_001
20,1,RIGHT,True,False,hit,False,740.0,30.0,214.13978494623655,30.0,0.9139784946236559,3,3,0,340.0,186,3.1,16.0,0.26666666666666666,neurofeedback,Subject_008,Session_001
21,0,LEFT,False,False,close_weak_early,True,396.0,336.0,425.84175084175087,308.0,0.08922558922558922,39,32,7,32.0,594,9.9,366.0,6.1,neurofeedback,Subject_008,Session_001
22,0,LEFT,False,True,wrong_paddle,True,730.0,670.0,489.09579831932774,286.0,0.0957983193277311,21,18,3,54.0,595,9.916666666666666,0.0,0.0,neurofeedback,Subject_008,Session_001
23,1,RIGHT,True,False,hit,False,740.0,30.0,194.22522522522522,30.0,0.9819819819819819,11,1,10,340.0,222,3.7,4.0,0.06666666666666667,neurofeedback,Subject_008,Session_001
24,1,RIGHT,False,False,wrong_early,False,374.0,396.0,227.0964467005076,46.0,0.949238578680203,19,2,17,324.0,591,9.85,8.0,0.13333333333333333,neurofeedback,Subject_008,Session_001
25,0,LEFT,True,False,hit,False,60.0,0.0,171.1818181818182,0.0,1.0,2,0,2,340.0,176,2.933333333333333,0.0,0.0,neurofeedback,Subject_008,Session_001
26,0,LEFT,False,False,wrong_paddle,False,740.0,680.0,449.26229508196724,278.0,0.29918032786885246,7,0,7,62.0,244,4.066666666666666,0.0,0.0,neurofeedback,Subject_008,Session_001
27,0,LEFT,False,False,wrong_paddle,False,740.0,680.0,504.1111111111111,342.0,0.0,2,2,0,0.0,180,3.0,,,neurofeedback,Subject_008,Session_001
28,0,LEFT,False,False,wrong_paddle,False,740.0,680.0,494.3904761904762,342.0,0.0,10,10,0,0.0,210,3.5,,,neurofeedback,Subject_008,Session_001
29,1,RIGHT,True,False,hit,False,740.0,30.0,194.28333333333333,30.0,1.0,14,0,14,340.0,240,4.0,0.0,0.0,neurofeedback,Subject_008,Session_001
30,1,RIGHT,False,False,wrong_paddle,True,60.0,710.0,553.8561403508772,372.0,0.0,32,32,0,0.0,570,9.5,,,neurofeedback,Subject_008,Session_001
31,1,RIGHT,False,False,close_strong_early,False,608.0,162.0,444.5084175084175,162.0,0.28114478114478114,8,5,3,208.0,594,9.9,0.0,0.0,neurofeedback,Subject_008,Session_001
32,0,LEFT,False,False,wrong_paddle,False,740.0,680.0,534.6822429906542,342.0,0.0,8,8,0,0.0,214,3.566666666666667,,,neurofeedback,Subject_008,Session_001
33,1,RIGHT,True,False,hit,False,740.0,30.0,199.0,30.0,1.0,0,0,0,340.0,170,2.8333333333333335,0.0,0.0,neurofeedback,Subject_008,Session_001
34,0,LEFT,True,False,hit,False,60.0,0.0,169.0,0.0,1.0,0,0,0,340.0,170,2.8333333333333335,0.0,0.0,neurofeedback,Subject_008,Session_001
35,0,LEFT,True,False,hit,False,60.0,0.0,169.0,0.0,1.0,0,0,0,340.0,170,2.8333333333333335,0.0,0.0,neurofeedback,Subject_008,Session_001
36,0,LEFT,False,False,wrong_paddle,False,740.0,680.0,431.9624060150376,244.0,0.35714285714285715,1,0,1,96.0,266,4.433333333333334,0.0,0.0,neurofeedback,Subject_008,Session_001
37,1,RIGHT,True,False,hit,False,740.0,30.0,199.0,30.0,1.0,0,0,0,340.0,170,2.8333333333333335,0.0,0.0,neurofeedback,Subject_008,Session_001
38,1,RIGHT,True,False,hit,False,740.0,30.0,199.0,30.0,1.0,0,0,0,340.0,170,2.8333333333333335,0.0,0.0,neurofeedback,Subject_008,Session_001
39,1,RIGHT,True,False,hit,False,740.0,30.0,199.0,30.0,1.0,0,0,0,340.0,170,2.8333333333333335,0.0,0.0,neurofeedback,Subject_008,Session_001
40,1,RIGHT,True,False,hit,False,740.0,30.0,217.59722222222223,30.0,1.0,16,0,16,340.0,288,4.8,0.0,0.0,neurofeedback,Subject_008,Session_001
41,1,RIGHT,True,False,hit,False,740.0,30.0,336.9325842696629,30.0,0.47752808988764045,1,1,0,340.0,356,5.933333333333334,186.0,3.1,neurofeedback,Subject_008,Session_001
42,0,LEFT,False,False,wrong_paddle,False,740.0,680.0,401.55776892430276,190.0,0.30876494023904383,14,11,3,150.0,502,8.366666666666667,176.0,2.933333333333333,neurofeedback,Subject_008,Session_001
43,0,LEFT,False,False,wrong_early,True,412.0,352.0,454.3445945945946,312.0,0.12331081081081081,36,29,7,28.0,592,9.866666666666667,0.0,0.0,neurofeedback,Subject_008,Session_001
44,1,RIGHT,False,False,close_weak_early,True,578.0,192.0,386.8397976391231,166.0,0.42833052276559863,37,16,21,204.0,593,9.883333333333333,38.0,0.6333333333333333,neurofeedback,Subject_008,Session_001
45,0,LEFT,False,False,wrong_paddle,False,740.0,680.0,518.4444444444445,342.0,0.0,2,2,0,0.0,180,3.0,,,neurofeedback,Subject_008,Session_001
46,0,LEFT,True,False,hit,False,60.0,0.0,220.3409090909091,0.0,0.7784090909090909,13,1,12,340.0,352,5.866666666666666,78.0,1.3,neurofeedback,Subject_008,Session_001
47,1,RIGHT,True,False,hit,False,740.0,30.0,347.6044444444444,30.0,0.5355555555555556,10,1,9,340.0,450,7.5,0.0,0.0,neurofeedback,Subject_008,Session_001
48,1,RIGHT,True,False,hit,False,740.0,30.0,320.69312169312167,30.0,0.5529100529100529,12,5,7,340.0,378,6.3,0.0,0.0,neurofeedback,Subject_008,Session_001
49,0,LEFT,True,False,hit,False,60.0,0.0,298.05027932960894,0.0,0.5139664804469274,7,3,4,340.0,358,5.966666666666667,174.0,2.9,neurofeedback,Subject_008,Session_001
50,1,RIGHT,False,False,wrong_paddle,False,60.0,710.0,397.08376963350787,172.0,0.5157068062827225,7,6,1,198.0,382,6.366666666666666,0.0,0.0,neurofeedback,Subject_008,Session_001
51,1,RIGHT,False,False,wrong_early,False,268.0,502.0,346.56902356902356,86.0,0.6144781144781145,24,9,15,284.0,594,9.9,0.0,0.0,neurofeedback,Subject_008,Session_001
52,0,LEFT,False,True,timeout_wrong,True,554.0,494.0,467.3075630252101,266.0,0.2,43,24,19,74.0,595,9.916666666666666,0.0,0.0,neurofeedback,Subject_008,Session_001
53,0,LEFT,True,False,hit,False,60.0,0.0,238.49606299212599,0.0,0.6692913385826772,7,7,0,340.0,254,4.233333333333333,84.0,1.4,neurofeedback,Subject_008,Session_001
54,1,RIGHT,True,False,hit,False,740.0,30.0,252.98275862068965,30.0,0.7327586206896551,1,1,0,340.0,232,3.8666666666666667,62.0,1.0333333333333334,neurofeedback,Subject_008,Session_001
55,0,LEFT,False,False,wrong_paddle,False,740.0,680.0,499.75471698113205,342.0,0.0,8,8,0,0.0,212,3.533333333333333,,,neurofeedback,Subject_008,Session_001
56,0,LEFT,True,False,hit,False,60.0,0.0,169.0,0.0,1.0,0,0,0,340.0,170,2.8333333333333335,0.0,0.0,neurofeedback,Subject_008,Session_001
57,1,RIGHT,True,False,hit,False,740.0,30.0,299.6779661016949,30.0,0.576271186440678,9,1,8,340.0,354,5.9,150.0,2.5,neurofeedback,Subject_008,Session_001
58,1,RIGHT,False,False,wrong_early,False,330.0,440.0,304.7952622673435,90.0,0.739424703891709,27,10,17,280.0,591,9.85,20.0,0.3333333333333333,neurofeedback,Subject_008,Session_001
59,0,LEFT,False,False,wrong_paddle,False,636.0,576.0,222.1919191919192,30.0,0.7929292929292929,32,1,31,310.0,594,9.9,4.0,0.06666666666666667,neurofeedback,Subject_008,Session_001
60,0,LEFT,False,False,wrong_paddle,False,740.0,680.0,511.0,342.0,0.0,0,0,0,0.0,170,2.8333333333333335,,,neurofeedback,Subject_008,Session_001
61,1,RIGHT,True,False,hit,False,740.0,30.0,199.0,30.0,1.0,0,0,0,340.0,170,2.8333333333333335,0.0,0.0,neurofeedback,Subject_008,Session_001
62,0,LEFT,False,False,wrong_paddle,False,740.0,680.0,511.0,342.0,0.0,0,0,0,0.0,170,2.8333333333333335,,,neurofeedback,Subject_008,Session_001
63,1,RIGHT,True,False,hit,False,740.0,30.0,217.9795918367347,30.0,1.0,4,0,4,340.0,196,3.2666666666666666,0.0,0.0,neurofeedback,Subject_008,Session_001
64,1,RIGHT,True,False,hit,False,740.0,30.0,300.84,30.0,0.5666666666666667,3,3,0,340.0,300,5.0,130.0,2.1666666666666665,neurofeedback,Subject_008,Session_001
65,1,RIGHT,False,False,wrong_paddle,False,60.0,710.0,537.4827586206897,372.0,0.0,2,2,0,0.0,174,2.9,,,neurofeedback,Subject_008,Session_001
66,0,LEFT,True,False,hit,False,60.0,0.0,169.0,0.0,1.0,0,0,0,340.0,170,2.8333333333333335,0.0,0.0,neurofeedback,Subject_008,Session_001
67,1,RIGHT,False,False,wrong_early,False,282.0,488.0,312.11467116357505,138.0,0.6070826306913997,18,10,8,232.0,593,9.883333333333333,102.0,1.7,neurofeedback,Subject_008,Session_001
68,0,LEFT,True,False,hit,False,60.0,0.0,169.0,0.0,1.0,0,0,0,340.0,170,2.8333333333333335,0.0,0.0,neurofeedback,Subject_008,Session_001
69,1,RIGHT,True,False,hit,False,740.0,30.0,199.0,30.0,1.0,0,0,0,340.0,170,2.8333333333333335,0.0,0.0,neurofeedback,Subject_008,Session_001
70,0,LEFT,True,False,hit,False,60.0,0.0,134.30434782608697,0.0,1.0,2,0,2,340.0,230,3.8333333333333335,0.0,0.0,neurofeedback,Subject_008,Session_001
71,0,LEFT,False,False,wrong_paddle,False,740.0,680.0,511.0,342.0,0.0,0,0,0,0.0,170,2.8333333333333335,,,neurofeedback,Subject_008,Session_001
72,1,RIGHT,False,False,close_strong_early,False,610.0,160.0,220.20642978003383,48.0,0.9204737732656514,18,1,17,322.0,591,9.85,0.0,0.0,neurofeedback,Subject_008,Session_001
73,1,RIGHT,False,False,wrong_paddle,False,60.0,710.0,385.6804979253112,174.0,0.5601659751037344,7,1,6,196.0,482,8.033333333333333,0.0,0.0,neurofeedback,Subject_008,Session_001
74,0,LEFT,False,False,wrong_paddle,False,740.0,680.0,411.08,252.0,0.37714285714285717,19,7,12,88.0,350,5.833333333333333,0.0,0.0,neurofeedback,Subject_008,Session_001
75,0,LEFT,False,False,close_weak_early,False,330.0,270.0,392.86003372681284,258.0,0.327150084317032,9,2,7,82.0,593,9.883333333333333,184.0,3.066666666666667,neurofeedback,Subject_008,Session_001
76,0,LEFT,False,False,wrong_paddle,False,740.0,680.0,511.0,342.0,0.0,0,0,0,0.0,170,2.8333333333333335,,,neurofeedback,Subject_008,Session_001
77,1,RIGHT,True,False,hit,False,740.0,30.0,199.0,30.0,1.0,0,0,0,340.0,170,2.8333333333333335,0.0,0.0,neurofeedback,Subject_008,Session_001
78,0,LEFT,True,False,hit,False,60.0,0.0,169.0,0.0,1.0,0,0,0,340.0,170,2.8333333333333335,0.0,0.0,neurofeedback,Subject_008,Session_001
79,1,RIGHT,True,False,hit,False,740.0,30.0,341.48514851485146,30.0,0.5222772277227723,2,1,1,340.0,404,6.733333333333333,0.0,0.0,neurofeedback,Subject_008,Session_001
80,1,RIGHT,True,False,hit,False,740.0,30.0,289.57553956834533,30.0,0.7931654676258992,22,5,17,340.0,556,9.266666666666667,0.0,0.0,neurofeedback,Subject_008,Session_001
81,0,LEFT,False,False,wrong_paddle,False,740.0,680.0,507.752688172043,342.0,0.0,6,6,0,0.0,186,3.1,,,neurofeedback,Subject_008,Session_001
82,1,RIGHT,False,False,wrong_paddle,False,60.0,710.0,443.35,244.0,0.2625,11,9,2,126.0,480,8.0,0.0,0.0,neurofeedback,Subject_008,Session_001
83,0,LEFT,True,False,hit,False,60.0,0.0,169.0,0.0,1.0,0,0,0,340.0,170,2.8333333333333335,0.0,0.0,neurofeedback,Subject_008,Session_001
84,1,RIGHT,True,False,hit,False,740.0,30.0,231.05429864253395,30.0,0.832579185520362,21,9,12,340.0,442,7.366666666666666,74.0,1.2333333333333334,neurofeedback,Subject_008,Session_001
85,0,LEFT,False,False,wrong_paddle,False,740.0,680.0,511.0,342.0,0.0,0,0,0,0.0,170,2.8333333333333335,,,neurofeedback,Subject_008,Session_001
86,0,LEFT,False,False,wrong_paddle,False,740.0,680.0,431.7164179104478,262.0,0.3619402985074627,7,0,7,78.0,268,4.466666666666667,0.0,0.0,neurofeedback,Subject_008,Session_001
87,1,RIGHT,True,False,hit,False,740.0,30.0,199.0,30.0,1.0,0,0,0,340.0,170,2.8333333333333335,0.0,0.0,neurofeedback,Subject_008,Session_001
88,0,LEFT,False,False,wrong_paddle,False,740.0,680.0,499.989010989011,338.0,0.005494505494505495,2,1,1,2.0,182,3.033333333333333,10.0,0.16666666666666666,neurofeedback,Subject_008,Session_001
89,0,LEFT,False,False,wrong_paddle,False,740.0,680.0,479.6666666666667,306.0,0.16176470588235295,1,0,1,34.0,204,3.4,0.0,0.0,neurofeedback,Subject_008,Session_001
90,1,RIGHT,True,False,hit,False,740.0,30.0,206.92079207920793,30.0,1.0,8,0,8,340.0,202,3.3666666666666667,0.0,0.0,neurofeedback,Subject_008,Session_001
91,0,LEFT,False,False,wrong_paddle,False,740.0,680.0,539.8739495798319,342.0,0.0,14,14,0,0.0,238,3.966666666666667,,,neurofeedback,Subject_008,Session_001
92,1,RIGHT,True,False,hit,False,740.0,30.0,241.7867298578199,30.0,0.933649289099526,10,4,6,340.0,422,7.033333333333333,0.0,0.0,neurofeedback,Subject_008,Session_001
93,0,LEFT,True,False,hit,False,60.0,0.0,232.015625,0.0,0.71875,15,13,2,340.0,256,4.266666666666667,72.0,1.2,neurofeedback,Subject_008,Session_001
94,1,RIGHT,True,False,hit,True,740.0,30.0,387.56317689530687,30.0,0.3862815884476534,29,17,12,340.0,554,9.233333333333333,340.0,5.666666666666667,neurofeedback,Subject_008,Session_001
95,1,RIGHT,False,False,wrong_early,True,296.0,474.0,480.56228956228955,252.0,0.21043771043771045,35,30,5,118.0,594,9.9,46.0,0.7666666666666667,neurofeedback,Subject_008,Session_001
96,1,RIGHT,True,False,hit,False,740.0,30.0,237.74556213017752,30.0,0.9674556213017751,18,1,17,340.0,338,5.633333333333334,0.0,0.0,neurofeedback,Subject_008,Session_001
97,0,LEFT,False,False,wrong_paddle,True,740.0,680.0,459.4710743801653,228.0,0.25,22,17,5,112.0,484,8.066666666666666,58.0,0.9666666666666667,neurofeedback,Subject_008,Session_001
98,0,LEFT,False,False,wrong_paddle,True,740.0,680.0,462.875,292.0,0.146875,27,26,1,48.0,320,5.333333333333333,0.0,0.0,neurofeedback,Subject_008,Session_001
99,1,RIGHT,False,True,timeout_close_weak,False,422.0,348.0,409.94621848739496,250.0,0.4016806722689076,25,13,12,120.0,595,9.916666666666666,6.0,0.1,neurofeedback,Subject_008,Session_001
100,0,LEFT,True,False,hit,False,60.0,0.0,169.0,0.0,1.0,0,0,0,340.0,170,2.8333333333333335,0.0,0.0,neurofeedback,Subject_008,Session_001
101,0,LEFT,True,False,hit,False,60.0,0.0,232.30555555555554,0.0,0.78125,17,6,11,340.0,288,4.8,16.0,0.26666666666666666,neurofeedback,Subject_008,Session_001
102,0,LEFT,False,False,wrong_paddle,False,740.0,680.0,431.7471264367816,254.0,0.2672413793103448,13,8,5,86.0,348,5.8,0.0,0.0,neurofeedback,Subject_008,Session_001
103,0,LEFT,False,False,wrong_paddle,False,740.0,680.0,511.0,342.0,0.0,0,0,0,0.0,170,2.8333333333333335,,,neurofeedback,Subject_008,Session_001
104,1,RIGHT,True,False,hit,False,740.0,30.0,199.0,30.0,1.0,0,0,0,340.0,170,2.8333333333333335,0.0,0.0,neurofeedback,Subject_008,Session_001
105,0,LEFT,True,False,hit,False,60.0,0.0,296.14878892733566,0.0,0.5432525951557093,25,21,4,340.0,578,9.633333333333333,264.0,4.4,neurofeedback,Subject_008,Session_001
106,1,RIGHT,False,False,wrong_paddle,False,200.0,570.0,372.19191919191917,202.0,0.563973063973064,18,7,11,168.0,594,9.9,0.0,0.0,neurofeedback,Subject_008,Session_001
107,0,LEFT,False,False,wrong_paddle,False,740.0,680.0,420.8488372093023,216.0,0.3691860465116279,13,10,3,124.0,344,5.733333333333333,0.0,0.0,neurofeedback,Subject_008,Session_001
108,1,RIGHT,False,False,wrong_paddle,False,60.0,710.0,400.7121771217712,188.0,0.4022140221402214,24,14,10,182.0,542,9.033333333333333,78.0,1.3,neurofeedback,Subject_008,Session_001
109,0,LEFT,False,False,wrong_paddle,False,740.0,680.0,511.0,342.0,0.0,0,0,0,0.0,170,2.8333333333333335,,,neurofeedback,Subject_008,Session_001
110,0,LEFT,False,False,wrong_paddle,False,740.0,680.0,511.0,342.0,0.0,0,0,0,0.0,170,2.8333333333333335,,,neurofeedback,Subject_008,Session_001
111,0,LEFT,False,False,wrong_paddle,False,740.0,680.0,515.629213483146,342.0,0.0,2,2,0,0.0,178,2.966666666666667,,,neurofeedback,Subject_008,Session_001
112,1,RIGHT,True,False,hit,False,740.0,30.0,197.27906976744185,30.0,1.0,2,0,2,340.0,172,2.8666666666666667,0.0,0.0,neurofeedback,Subject_008,Session_001
113,1,RIGHT,True,False,hit,False,740.0,30.0,199.0,30.0,1.0,0,0,0,340.0,170,2.8333333333333335,0.0,0.0,neurofeedback,Subject_008,Session_001
114,1,RIGHT,True,False,hit,False,740.0,30.0,201.27972027972027,30.0,1.0,4,0,4,340.0,286,4.766666666666667,0.0,0.0,neurofeedback,Subject_008,Session_001
115,1,RIGHT,False,False,wrong_paddle,False,60.0,710.0,477.0,288.0,0.3235294117647059,14,7,7,82.0,340,5.666666666666667,0.0,0.0,neurofeedback,Subject_008,Session_001
116,0,LEFT,True,False,hit,False,60.0,0.0,169.0,0.0,1.0,0,0,0,340.0,170,2.8333333333333335,0.0,0.0,neurofeedback,Subject_008,Session_001
117,1,RIGHT,True,False,hit,False,740.0,30.0,283.89285714285717,30.0,0.7125,7,2,5,340.0,560,9.333333333333334,116.0,1.9333333333333333,neurofeedback,Subject_008,Session_001
118,1,RIGHT,True,False,hit,False,740.0,30.0,219.13114754098362,30.0,1.0,14,0,14,340.0,366,6.1,0.0,0.0,neurofeedback,Subject_008,Session_001
119,1,RIGHT,True,False,hit,False,740.0,30.0,196.8294573643411,30.0,1.0,14,0,14,340.0,258,4.3,0.0,0.0,neurofeedback,Subject_008,Session_001
120,1,RIGHT,False,False,wrong_paddle,False,60.0,710.0,501.33962264150944,314.0,0.2169811320754717,15,8,7,56.0,318,5.3,0.0,0.0,neurofeedback,Subject_008,Session_001
121,0,LEFT,True,False,hit,False,60.0,0.0,329.224,0.0,0.478,20,9,11,340.0,500,8.333333333333334,0.0,0.0,neurofeedback,Subject_008,Session_001
122,0,LEFT,False,False,close_weak_early,False,370.0,310.0,195.84822934232716,20.0,0.9578414839797639,21,1,20,320.0,593,9.883333333333333,0.0,0.0,neurofeedback,Subject_008,Session_001
123,0,LEFT,False,False,wrong_paddle,False,740.0,680.0,511.0,342.0,0.0,0,0,0,0.0,170,2.8333333333333335,,,neurofeedback,Subject_008,Session_001
124,1,RIGHT,True,False,hit,False,740.0,30.0,203.71020408163264,30.0,0.8530612244897959,27,5,22,340.0,490,8.166666666666666,72.0,1.2,neurofeedback,Subject_008,Session_001
125,0,LEFT,True,False,hit,False,60.0,0.0,169.0,0.0,1.0,0,0,0,340.0,170,2.8333333333333335,0.0,0.0,neurofeedback,Subject_008,Session_001
126,1,RIGHT,True,False,hit,False,740.0,30.0,347.9578947368421,30.0,0.4631578947368421,5,1,4,340.0,380,6.333333333333333,204.0,3.4,neurofeedback,Subject_008,Session_001
127,1,RIGHT,False,False,wrong_early,False,284.0,486.0,407.63513513513516,176.0,0.38175675675675674,16,10,6,194.0,592,9.866666666666667,0.0,0.0,neurofeedback,Subject_008,Session_001
128,0,LEFT,False,False,wrong_paddle,False,740.0,680.0,508.34090909090907,342.0,0.0,2,2,0,0.0,176,2.933333333333333,,,neurofeedback,Subject_008,Session_001
129,1,RIGHT,True,False,hit,False,740.0,30.0,199.0,30.0,1.0,0,0,0,340.0,170,2.8333333333333335,0.0,0.0,neurofeedback,Subject_008,Session_001
130,1,RIGHT,True,False,hit,False,740.0,30.0,272.1442786069652,30.0,0.7686567164179104,28,9,19,340.0,402,6.7,0.0,0.0,neurofeedback,Subject_008,Session_001
131,0,LEFT,False,False,wrong_paddle,True,740.0,680.0,477.8061224489796,342.0,0.0,18,18,0,0.0,392,6.533333333333333,,,neurofeedback,Subject_008,Session_001
132,1,RIGHT,True,False,hit,False,740.0,30.0,203.7578947368421,30.0,1.0,8,0,8,340.0,190,3.1666666666666665,0.0,0.0,neurofeedback,Subject_008,Session_001
133,1,RIGHT,False,False,wrong_paddle,True,60.0,710.0,575.3684210526316,372.0,0.0,16,16,0,0.0,228,3.8,,,neurofeedback,Subject_008,Session_001
134,1,RIGHT,True,False,hit,False,740.0,30.0,246.73214285714286,30.0,0.7589285714285714,1,1,0,340.0,224,3.7333333333333334,54.0,0.9,neurofeedback,Subject_008,Session_001
135,0,LEFT,True,False,hit,False,60.0,0.0,385.31851851851854,0.0,0.37037037037037035,17,9,8,340.0,540,9.0,340.0,5.666666666666667,neurofeedback,Subject_008,Session_001
136,0,LEFT,True,False,hit,False,60.0,0.0,176.9111111111111,0.0,1.0,4,0,4,340.0,180,3.0,0.0,0.0,neurofeedback,Subject_008,Session_001
137,1,RIGHT,True,False,hit,False,740.0,30.0,199.0,30.0,1.0,0,0,0,340.0,170,2.8333333333333335,0.0,0.0,neurofeedback,Subject_008,Session_001
138,0,LEFT,False,False,wrong_paddle,False,664.0,604.0,290.6228956228956,90.0,0.7356902356902357,29,4,25,250.0,594,9.9,0.0,0.0,neurofeedback,Subject_008,Session_001
139,0,LEFT,False,False,wrong_paddle,False,740.0,680.0,511.0,342.0,0.0,0,0,0,0.0,170,2.8333333333333335,,,neurofeedback,Subject_008,Session_001
140,0,LEFT,False,False,wrong_early,False,448.0,388.0,335.0,32.0,0.5253378378378378,4,1,3,308.0,592,9.866666666666667,0.0,0.0,neurofeedback,Subject_008,Session_001
141,1,RIGHT,True,False,hit,False,740.0,30.0,199.0,30.0,1.0,0,0,0,340.0,170,2.8333333333333335,0.0,0.0,neurofeedback,Subject_008,Session_001
142,1,RIGHT,False,False,wrong_paddle,True,114.0,656.0,422.20304568527916,192.0,0.42978003384094754,32,22,10,178.0,591,9.85,0.0,0.0,neurofeedback,Subject_008,Session_001
143,1,RIGHT,True,False,hit,False,740.0,30.0,202.88505747126436,30.0,0.9942528735632183,2,1,1,340.0,174,2.9,0.0,0.0,neurofeedback,Subject_008,Session_001
144,1,RIGHT,True,False,hit,False,740.0,30.0,210.27472527472528,30.0,0.9560439560439561,4,2,2,340.0,182,3.033333333333333,2.0,0.03333333333333333,neurofeedback,Subject_008,Session_001
145,1,RIGHT,True,False,hit,False,740.0,30.0,294.3919413919414,30.0,0.7655677655677655,24,6,18,340.0,546,9.1,0.0,0.0,neurofeedback,Subject_008,Session_001
146,0,LEFT,False,False,wrong_paddle,True,740.0,680.0,482.3333333333333,342.0,0.0,28,28,0,0.0,330,5.5,,,neurofeedback,Subject_008,Session_001
147,1,RIGHT,True,False,hit,False,740.0,30.0,267.37696335078533,30.0,0.9214659685863874,20,4,16,340.0,382,6.366666666666666,0.0,0.0,neurofeedback,Subject_008,Session_001
148,0,LEFT,True,False,hit,False,60.0,0.0,191.35365853658536,0.0,0.8597560975609756,5,3,2,340.0,328,5.466666666666667,46.0,0.7666666666666667,neurofeedback,Subject_008,Session_001
149,0,LEFT,True,False,hit,False,60.0,0.0,267.6101694915254,0.0,0.6694915254237288,8,7,1,340.0,354,5.9,0.0,0.0,neurofeedback,Subject_008,Session_001
150,0,LEFT,False,False,wrong_paddle,False,740.0,680.0,447.3015873015873,270.0,0.28174603174603174,5,2,3,70.0,252,4.2,0.0,0.0,neurofeedback,Subject_008,Session_001
151,1,RIGHT,True,False,hit,False,740.0,30.0,199.0,30.0,1.0,0,0,0,340.0,170,2.8333333333333335,0.0,0.0,neurofeedback,Subject_008,Session_001
152,1,RIGHT,True,False,hit,False,740.0,30.0,199.0,30.0,1.0,0,0,0,340.0,170,2.8333333333333335,0.0,0.0,neurofeedback,Subject_008,Session_001
153,0,LEFT,True,False,hit,False,60.0,0.0,200.40425531914894,0.0,0.8297872340425532,25,3,22,340.0,376,6.266666666666667,64.0,1.0666666666666667,neurofeedback,Subject_008,Session_001
154,0,LEFT,False,False,wrong_paddle,False,740.0,680.0,404.97752808988764,256.0,0.4157303370786517,16,4,12,84.0,356,5.933333333333334,10.0,0.16666666666666666,neurofeedback,Subject_008,Session_001
155,1,RIGHT,True,False,hit,False,740.0,30.0,266.3061224489796,30.0,0.8647959183673469,19,10,9,340.0,392,6.533333333333333,14.0,0.23333333333333334,neurofeedback,Subject_008,Session_001
156,1,RIGHT,False,False,wrong_paddle,False,60.0,710.0,370.35820895522386,142.0,0.621268656716418,23,14,9,228.0,536,8.933333333333334,0.0,0.0,neurofeedback,Subject_008,Session_001
157,0,LEFT,True,False,hit,False,60.0,0.0,195.78846153846155,0.0,0.9951923076923077,4,1,3,340.0,208,3.466666666666667,0.0,0.0,neurofeedback,Subject_008,Session_001
158,0,LEFT,True,False,hit,False,60.0,0.0,169.0,0.0,1.0,0,0,0,340.0,170,2.8333333333333335,0.0,0.0,neurofeedback,Subject_008,Session_001
159,0,LEFT,True,False,hit,False,60.0,0.0,388.16129032258067,0.0,0.34274193548387094,3,3,0,340.0,496,8.266666666666667,326.0,5.433333333333334,neurofeedback,Subject_008,Session_001
160,0,LEFT,False,False,wrong_paddle,False,740.0,680.0,511.0,342.0,0.0,0,0,0,0.0,170,2.8333333333333335,,,neurofeedback,Subject_008,Session_001
161,1,RIGHT,True,False,hit,False,740.0,30.0,231.95,30.0,1.0,12,0,12,340.0,240,4.0,0.0,0.0,neurofeedback,Subject_008,Session_001
162,1,RIGHT,False,True,timeout_close_strong,False,674.0,96.0,331.96649916247907,96.0,0.6314907872696818,22,10,12,274.0,597,9.95,0.0,0.0,neurofeedback,Subject_008,Session_001
163,1,RIGHT,True,False,hit,False,740.0,30.0,202.89105058365757,30.0,1.0,44,0,44,340.0,514,8.566666666666666,0.0,0.0,neurofeedback,Subject_008,Session_001
164,1,RIGHT,False,False,wrong_paddle,False,60.0,710.0,541.0,372.0,0.0,0,0,0,0.0,170,2.8333333333333335,,,neurofeedback,Subject_008,Session_001
165,0,LEFT,True,False,hit,False,60.0,0.0,202.5030303030303,0.0,0.9151515151515152,12,2,10,340.0,330,5.5,2.0,0.03333333333333333,neurofeedback,Subject_008,Session_001
166,1,RIGHT,True,False,hit,False,740.0,30.0,213.44859813084113,30.0,0.9018691588785047,9,2,7,340.0,214,3.566666666666667,20.0,0.3333333333333333,neurofeedback,Subject_008,Session_001
167,1,RIGHT,True,False,hit,False,740.0,30.0,240.02793296089385,30.0,0.952513966480447,11,1,10,340.0,358,5.966666666666667,0.0,0.0,neurofeedback,Subject_008,Session_001
168,0,LEFT,False,False,wrong_early,True,534.0,474.0,493.7571669477234,342.0,0.0,41,41,0,0.0,593,9.883333333333333,,,neurofeedback,Subject_008,Session_001
169,1,RIGHT,False,False,wrong_paddle,False,132.0,638.0,506.56902356902356,320.0,0.1127946127946128,14,11,3,50.0,594,9.9,306.0,5.1,neurofeedback,Subject_008,Session_001
170,0,LEFT,True,False,hit,False,60.0,0.0,243.8421052631579,0.0,0.6390977443609023,11,11,0,340.0,266,4.433333333333334,96.0,1.6,neurofeedback,Subject_008,Session_001
171,0,LEFT,True,False,hit,False,60.0,0.0,171.65116279069767,0.0,1.0,8,0,8,340.0,258,4.3,0.0,0.0,neurofeedback,Subject_008,Session_001
172,1,RIGHT,False,False,close_strong_early,False,726.0,44.0,246.02360876897134,44.0,0.9342327150084317,17,5,12,326.0,593,9.883333333333333,0.0,0.0,neurofeedback,Subject_008,Session_001
173,0,LEFT,False,False,wrong_paddle,False,740.0,680.0,539.4873949579832,342.0,0.0,4,4,0,0.0,238,3.966666666666667,,,neurofeedback,Subject_008,Session_001
174,0,LEFT,False,False,wrong_paddle,False,740.0,680.0,511.0,342.0,0.0,0,0,0,0.0,170,2.8333333333333335,,,neurofeedback,Subject_008,Session_001
175,0,LEFT,False,False,wrong_paddle,False,740.0,680.0,511.0,342.0,0.0,0,0,0,0.0,170,2.8333333333333335,,,neurofeedback,Subject_008,Session_001
176,0,LEFT,False,False,close_strong_early,False,164.0,104.0,395.996632996633,104.0,0.3956228956228956,5,2,3,236.0,594,9.9,328.0,5.466666666666667,neurofeedback,Subject_008,Session_001
177,1,RIGHT,True,False,hit,False,740.0,30.0,265.1860465116279,30.0,0.6744186046511628,9,7,2,340.0,258,4.3,84.0,1.4,neurofeedback,Subject_008,Session_001
178,0,LEFT,False,False,wrong_paddle,False,740.0,680.0,511.8045977011494,342.0,0.0,2,2,0,0.0,174,2.9,,,neurofeedback,Subject_008,Session_001
179,1,RIGHT,False,False,wrong_paddle,True,60.0,710.0,508.01503759398497,316.0,0.16729323308270677,22,15,7,54.0,532,8.866666666666667,18.0,0.3,neurofeedback,Subject_008,Session_001
180,1,RIGHT,True,False,hit,False,740.0,30.0,180.41044776119404,30.0,1.0,16,0,16,340.0,536,8.933333333333334,0.0,0.0,neurofeedback,Subject_008,Session_001
181,1,RIGHT,True,False,hit,False,740.0,30.0,247.6086956521739,30.0,0.7608695652173914,7,6,1,340.0,230,3.8333333333333335,4.0,0.06666666666666667,neurofeedback,Subject_008,Session_001
182,0,LEFT,False,False,wrong_paddle,False,740.0,680.0,511.0,342.0,0.0,0,0,0,0.0,170,2.8333333333333335,,,neurofeedback,Subject_008,Session_001
183,1,RIGHT,True,False,hit,False,740.0,30.0,199.31372549019608,30.0,0.946078431372549,6,1,5,340.0,204,3.4,0.0,0.0,neurofeedback,Subject_008,Session_001
184,0,LEFT,True,False,hit,False,60.0,0.0,169.0,0.0,1.0,0,0,0,340.0,170,2.8333333333333335,0.0,0.0,neurofeedback,Subject_008,Session_001
185,1,RIGHT,True,False,hit,False,740.0,30.0,199.0,30.0,1.0,0,0,0,340.0,170,2.8333333333333335,0.0,0.0,neurofeedback,Subject_008,Session_001
186,1,RIGHT,True,False,hit,False,740.0,30.0,291.0699300699301,30.0,0.5944055944055944,5,5,0,340.0,286,4.766666666666667,116.0,1.9333333333333333,neurofeedback,Subject_008,Session_001
187,0,LEFT,False,False,wrong_paddle,False,740.0,680.0,511.0,342.0,0.0,0,0,0,0.0,170,2.8333333333333335,,,neurofeedback,Subject_008,Session_001
188,1,RIGHT,True,False,hit,False,740.0,30.0,199.0,30.0,1.0,0,0,0,340.0,170,2.8333333333333335,0.0,0.0,neurofeedback,Subject_008,Session_001
189,1,RIGHT,True,False,hit,False,740.0,30.0,228.60683760683762,30.0,1.0,16,0,16,340.0,234,3.9,0.0,0.0,neurofeedback,Subject_008,Session_001
190,0,LEFT,False,False,wrong_paddle,False,740.0,680.0,405.19607843137254,212.0,0.4411764705882353,5,0,5,128.0,306,5.1,0.0,0.0,neurofeedback,Subject_008,Session_001
191,0,LEFT,False,False,wrong_paddle,False,740.0,680.0,508.09565217391304,324.0,0.08260869565217391,17,14,3,16.0,230,3.8333333333333335,2.0,0.03333333333333333,neurofeedback,Subject_008,Session_001
192,1,RIGHT,True,False,hit,False,740.0,30.0,199.0,30.0,1.0,0,0,0,340.0,170,2.8333333333333335,0.0,0.0,neurofeedback,Subject_008,Session_001
193,0,LEFT,True,False,hit,False,60.0,0.0,317.83161512027493,0.0,0.4690721649484536,38,29,9,340.0,582,9.7,0.0,0.0,neurofeedback,Subject_008,Session_001
194,1,RIGHT,False,False,wrong_paddle,False,60.0,710.0,523.9565217391304,372.0,0.0,8,8,0,0.0,230,3.8333333333333335,,,neurofeedback,Subject_008,Session_001
195,0,LEFT,True,False,hit,False,60.0,0.0,189.37037037037038,0.0,0.9351851851851852,8,2,6,340.0,216,3.6,2.0,0.03333333333333333,neurofeedback,Subject_008,Session_001
196,0,LEFT,False,False,wrong_early,False,564.0,504.0,200.2929292929293,20.0,0.8602693602693603,31,0,31,320.0,594,9.9,0.0,0.0,neurofeedback,Subject_008,Session_001
197,1,RIGHT,False,False,close_strong_early,False,718.0,52.0,236.88364249578416,52.0,0.9679595278246206,16,1,15,318.0,593,9.883333333333333,0.0,0.0,neurofeedback,Subject_008,Session_001
198,0,LEFT,False,False,wrong_paddle,False,740.0,680.0,511.0,342.0,0.0,0,0,0,0.0,170,2.8333333333333335,,,neurofeedback,Subject_008,Session_001
199,0,LEFT,True,False,hit,False,60.0,0.0,204.49532710280374,0.0,0.8364485981308412,6,3,3,340.0,214,3.566666666666667,0.0,0.0,neurofeedback,Subject_008,Session_001
0,1,RIGHT,False,False,wrong_early,False,400.0,370.0,370.0,370.0,0.0,0,0,0,0.0,528,8.8,,,neurofeedback,Subject_009,Session_001
1,0,LEFT,False,True,timeout_wrong,False,480.0,420.0,262.438127090301,114.0,0.8060200668896321,29,7,22,226.0,598,9.966666666666667,0.0,0.0,neurofeedback,Subject_009,Session_001
2,1,RIGHT,True,False,hit,False,740.0,30.0,321.3095238095238,30.0,0.5059523809523809,9,9,0,340.0,336,5.6,166.0,2.7666666666666666,neurofeedback,Subject_009,Session_001
3,1,RIGHT,True,False,hit,False,740.0,30.0,199.0,30.0,1.0,0,0,0,340.0,170,2.8333333333333335,0.0,0.0,neurofeedback,Subject_009,Session_001
4,1,RIGHT,False,True,wrong_paddle,False,114.0,656.0,347.85929648241205,190.0,0.6398659966499163,23,3,20,180.0,597,9.95,0.0,0.0,neurofeedback,Subject_009,Session_001
5,1,RIGHT,False,False,wrong_paddle,False,60.0,710.0,541.0,372.0,0.0,0,0,0,0.0,170,2.8333333333333335,,,neurofeedback,Subject_009,Session_001
6,1,RIGHT,False,False,wrong_paddle,True,60.0,710.0,510.7918215613383,324.0,0.09107806691449814,20,17,3,46.0,538,8.966666666666667,198.0,3.3,neurofeedback,Subject_009,Session_001
7,1,RIGHT,False,True,timeout_close_weak,True,480.0,290.0,461.6555183946488,286.0,0.2157190635451505,26,21,5,84.0,598,9.966666666666667,0.0,0.0,neurofeedback,Subject_009,Session_001
8,0,LEFT,False,False,wrong_paddle,False,740.0,680.0,511.0,342.0,0.0,0,0,0,0.0,170,2.8333333333333335,,,neurofeedback,Subject_009,Session_001
9,0,LEFT,False,False,wrong_paddle,False,740.0,680.0,511.0,342.0,0.0,0,0,0,0.0,170,2.8333333333333335,,,neurofeedback,Subject_009,Session_001
10,0,LEFT,False,False,wrong_paddle,False,740.0,680.0,511.0,342.0,0.0,0,0,0,0.0,170,2.8333333333333335,,,neurofeedback,Subject_009,Session_001
11,0,LEFT,False,False,wrong_paddle,False,740.0,680.0,508.95652173913044,342.0,0.0,4,4,0,0.0,184,3.066666666666667,,,neurofeedback,Subject_009,Session_001
12,0,LEFT,True,False,hit,False,60.0,0.0,161.17777777777778,0.0,1.0,6,0,6,340.0,180,3.0,0.0,0.0,neurofeedback,Subject_009,Session_001
13,1,RIGHT,False,False,wrong_paddle,True,60.0,710.0,488.9895833333333,356.0,0.033854166666666664,20,19,1,14.0,384,6.4,200.0,3.3333333333333335,neurofeedback,Subject_009,Session_001
14,1,RIGHT,False,True,timeout_close_weak,True,504.0,266.0,467.1543624161074,266.0,0.087248322147651,25,25,0,104.0,596,9.933333333333334,544.0,9.066666666666666,neurofeedback,Subject_009,Session_001
15,0,LEFT,False,True,timeout_close_strong,True,198.0,138.0,342.99162479061977,138.0,0.39028475711892796,51,29,22,202.0,597,9.95,364.0,6.066666666666666,neurofeedback,Subject_009,Session_001
16,0,LEFT,False,False,wrong_paddle,False,740.0,680.0,511.0,342.0,0.0,0,0,0,0.0,170,2.8333333333333335,,,neurofeedback,Subject_009,Session_001
17,1,RIGHT,True,False,hit,False,740.0,30.0,199.0,30.0,1.0,0,0,0,340.0,170,2.8333333333333335,0.0,0.0,neurofeedback,Subject_009,Session_001
18,0,LEFT,False,False,wrong_paddle,True,740.0,680.0,402.9026548672566,268.0,0.3230088495575221,43,21,22,72.0,452,7.533333333333333,0.0,0.0,neurofeedback,Subject_009,Session_001
19,0,LEFT,False,True,timeout_close_strong,False,188.0,128.0,333.32107023411373,128.0,0.4983277591973244,37,19,18,212.0,598,9.966666666666667,202.0,3.3666666666666667,neurofeedback,Subject_009,Session_001
20,0,LEFT,True,False,hit,False,60.0,0.0,307.64462809917353,0.0,0.5805785123966942,10,5,5,340.0,484,8.066666666666666,0.0,0.0,neurofeedback,Subject_009,Session_001
21,0,LEFT,False,False,wrong_paddle,False,740.0,680.0,510.25773195876286,342.0,0.0,4,4,0,0.0,194,3.2333333333333334,,,neurofeedback,Subject_009,Session_001
22,1,RIGHT,False,True,wrong_paddle,True,116.0,654.0,508.7315436241611,364.0,0.02181208053691275,36,31,5,6.0,596,9.933333333333334,412.0,6.866666666666666,neurofeedback,Subject_009,Session_001
23,0,LEFT,True,False,hit,False,60.0,0.0,169.0,0.0,1.0,0,0,0,340.0,170,2.8333333333333335,0.0,0.0,neurofeedback,Subject_009,Session_001
24,0,LEFT,True,False,hit,False,60.0,0.0,189.86666666666667,0.0,0.8266666666666667,9,1,8,340.0,300,5.0,52.0,0.8666666666666667,neurofeedback,Subject_009,Session_001
25,1,RIGHT,True,False,hit,False,740.0,30.0,195.29885057471265,30.0,1.0,2,0,2,340.0,174,2.9,0.0,0.0,neurofeedback,Subject_009,Session_001
26,0,LEFT,False,False,wrong_paddle,False,740.0,680.0,424.9162790697674,234.0,0.2441860465116279,13,12,1,106.0,430,7.166666666666667,0.0,0.0,neurofeedback,Subject_009,Session_001
27,0,LEFT,False,False,close_weak_early,False,336.0,276.0,238.3804713804714,106.0,0.9595959595959596,42,5,37,234.0,594,9.9,24.0,0.4,neurofeedback,Subject_009,Session_001
28,0,LEFT,False,False,wrong_paddle,True,740.0,680.0,502.1847826086956,328.0,0.06793478260869565,36,31,5,12.0,368,6.133333333333334,12.0,0.2,neurofeedback,Subject_009,Session_001
29,0,LEFT,False,False,wrong_paddle,False,740.0,680.0,474.1310344827586,322.0,0.1482758620689655,17,12,5,18.0,290,4.833333333333333,0.0,0.0,neurofeedback,Subject_009,Session_001
30,1,RIGHT,False,True,timeout_wrong,True,346.0,424.0,449.2721202003339,320.0,0.1352253756260434,51,40,11,50.0,599,9.983333333333333,56.0,0.9333333333333333,neurofeedback,Subject_009,Session_001
31,1,RIGHT,False,False,wrong_paddle,False,60.0,710.0,538.438202247191,372.0,0.0,4,4,0,0.0,178,2.966666666666667,,,neurofeedback,Subject_009,Session_001
32,0,LEFT,False,False,wrong_paddle,True,740.0,680.0,534.8562091503268,342.0,0.0,26,26,0,0.0,306,5.1,,,neurofeedback,Subject_009,Session_001
33,1,RIGHT,False,True,timeout_wrong,False,328.0,442.0,280.2307692307692,116.0,0.7140468227424749,41,14,27,254.0,598,9.966666666666667,0.0,0.0,neurofeedback,Subject_009,Session_001
34,1,RIGHT,False,False,wrong_paddle,False,60.0,710.0,399.8313725490196,216.0,0.5431372549019607,34,9,25,154.0,510,8.5,24.0,0.4,neurofeedback,Subject_009,Session_001
35,1,RIGHT,False,True,timeout_close_weak,False,572.0,198.0,232.53020134228188,52.0,0.9630872483221476,41,5,36,318.0,596,9.933333333333334,12.0,0.2,neurofeedback,Subject_009,Session_001
36,1,RIGHT,True,False,hit,False,740.0,30.0,173.20689655172413,30.0,1.0,14,0,14,340.0,464,7.733333333333333,0.0,0.0,neurofeedback,Subject_009,Session_001
37,0,LEFT,False,False,wrong_paddle,True,740.0,680.0,516.7218045112782,342.0,0.0,36,36,0,0.0,532,8.866666666666667,,,neurofeedback,Subject_009,Session_001
38,1,RIGHT,False,False,wrong_paddle,True,60.0,710.0,533.4489795918367,372.0,0.0,20,20,0,0.0,294,4.9,,,neurofeedback,Subject_009,Session_001
39,1,RIGHT,False,False,wrong_paddle,True,60.0,710.0,502.2093023255814,288.0,0.2302325581395349,33,26,7,82.0,430,7.166666666666667,0.0,0.0,neurofeedback,Subject_009,Session_001
40,1,RIGHT,True,False,hit,False,740.0,30.0,300.537037037037,30.0,0.6990740740740741,13,1,12,340.0,432,7.2,130.0,2.1666666666666665,neurofeedback,Subject_009,Session_001
41,1,RIGHT,True,False,hit,False,740.0,30.0,199.0,30.0,1.0,0,0,0,340.0,170,2.8333333333333335,0.0,0.0,neurofeedback,Subject_009,Session_001
42,0,LEFT,False,False,wrong_paddle,False,740.0,680.0,515.2428571428571,342.0,0.0,14,14,0,0.0,280,4.666666666666667,,,neurofeedback,Subject_009,Session_001
43,0,LEFT,True,False,hit,False,60.0,0.0,164.05494505494505,0.0,1.0,6,0,6,340.0,182,3.033333333333333,0.0,0.0,neurofeedback,Subject_009,Session_001
44,0,LEFT,False,False,wrong_paddle,False,740.0,680.0,528.8448275862069,342.0,0.0,12,12,0,0.0,232,3.8666666666666667,,,neurofeedback,Subject_009,Session_001
45,1,RIGHT,True,False,hit,False,740.0,30.0,274.5379061371841,30.0,0.7851985559566786,36,7,29,340.0,554,9.233333333333333,0.0,0.0,neurofeedback,Subject_009,Session_001
46,0,LEFT,False,False,close_strong_early,False,226.0,166.0,375.8752107925801,118.0,0.4536256323777403,22,7,15,222.0,593,9.883333333333333,324.0,5.4,neurofeedback,Subject_009,Session_001
47,1,RIGHT,True,False,hit,False,740.0,30.0,185.92631578947368,30.0,1.0,8,0,8,340.0,190,3.1666666666666665,0.0,0.0,neurofeedback,Subject_009,Session_001
48,1,RIGHT,True,False,hit,False,740.0,30.0,334.85641025641024,30.0,0.5025641025641026,22,14,8,340.0,390,6.5,2.0,0.03333333333333333,neurofeedback,Subject_009,Session_001
49,0,LEFT,True,False,hit,False,60.0,0.0,144.6290322580645,0.0,1.0,10,0,10,340.0,248,4.133333333333334,0.0,0.0,neurofeedback,Subject_009,Session_001
50,0,LEFT,False,False,wrong_early,False,564.0,504.0,298.83838383838383,148.0,0.6717171717171717,32,17,15,192.0,594,9.9,56.0,0.9333333333333333,neurofeedback,Subject_009,Session_001
51,0,LEFT,True,False,hit,False,60.0,0.0,169.0,0.0,1.0,0,0,0,340.0,170,2.8333333333333335,0.0,0.0,neurofeedback,Subject_009,Session_001
52,1,RIGHT,False,False,close_weak_early,True,428.0,342.0,416.2432432432432,274.0,0.3716216216216216,31,16,15,96.0,592,9.866666666666667,0.0,0.0,neurofeedback,Subject_009,Session_001
53,1,RIGHT,False,False,close_strong_early,False,666.0,104.0,324.4839255499154,104.0,0.649746192893401,30,1,29,266.0,591,9.85,0.0,0.0,neurofeedback,Subject_009,Session_001
54,0,LEFT,True,False,hit,False,60.0,0.0,280.68888888888887,0.0,0.5666666666666667,29,9,20,340.0,540,9.0,234.0,3.9,neurofeedback,Subject_009,Session_001
55,1,RIGHT,False,False,close_weak_early,False,492.0,278.0,281.77702702702703,60.0,0.7212837837837838,43,11,32,310.0,592,9.866666666666667,0.0,0.0,neurofeedback,Subject_009,Session_001
56,1,RIGHT,False,True,timeout_wrong,True,298.0,472.0,434.5983193277311,254.0,0.22016806722689075,42,35,7,116.0,595,9.916666666666666,412.0,6.866666666666666,neurofeedback,Subject_009,Session_001
57,0,LEFT,False,False,wrong_early,False,516.0,456.0,323.983164983165,140.0,0.49663299663299665,22,9,13,200.0,594,9.9,98.0,1.6333333333333333,neurofeedback,Subject_009,Session_001
58,1,RIGHT,True,False,hit,False,740.0,30.0,208.06382978723406,30.0,1.0,4,0,4,340.0,188,3.1333333333333333,0.0,0.0,neurofeedback,Subject_009,Session_001
59,0,LEFT,False,False,wrong_paddle,True,740.0,680.0,473.2923976608187,342.0,0.0,18,18,0,0.0,342,5.7,,,neurofeedback,Subject_009,Session_001
60,1,RIGHT,False,False,wrong_paddle,True,60.0,710.0,494.42028985507244,350.0,0.05555555555555555,44,41,3,20.0,414,6.9,24.0,0.4,neurofeedback,Subject_009,Session_001
61,0,LEFT,True,False,hit,False,60.0,0.0,188.981981981982,0.0,1.0,8,0,8,340.0,222,3.7,0.0,0.0,neurofeedback,Subject_009,Session_001
62,0,LEFT,True,False,hit,False,60.0,0.0,148.80281690140845,0.0,1.0,12,0,12,340.0,284,4.733333333333333,0.0,0.0,neurofeedback,Subject_009,Session_001
63,0,LEFT,False,False,wrong_paddle,False,740.0,680.0,511.0,342.0,0.0,0,0,0,0.0,170,2.8333333333333335,,,neurofeedback,Subject_009,Session_001
64,0,LEFT,False,False,wrong_paddle,False,740.0,680.0,502.4945054945055,342.0,0.0,4,4,0,0.0,182,3.033333333333333,,,neurofeedback,Subject_009,Session_001
65,1,RIGHT,True,False,hit,False,740.0,30.0,269.530303030303,30.0,0.6590909090909091,13,11,2,340.0,264,4.4,90.0,1.5,neurofeedback,Subject_009,Session_001
66,0,LEFT,True,False,hit,False,60.0,0.0,310.1943462897527,0.0,0.6042402826855123,22,2,20,340.0,566,9.433333333333334,0.0,0.0,neurofeedback,Subject_009,Session_001
67,1,RIGHT,True,False,hit,False,740.0,30.0,355.5069124423963,30.0,0.48847926267281105,9,3,6,340.0,434,7.233333333333333,222.0,3.7,neurofeedback,Subject_009,Session_001
68,0,LEFT,False,False,wrong_paddle,False,740.0,680.0,373.1929824561403,198.0,0.5679824561403509,15,6,9,142.0,456,7.6,0.0,0.0,neurofeedback,Subject_009,Session_001
69,0,LEFT,False,False,wrong_paddle,False,740.0,680.0,503.2022471910112,334.0,0.033707865168539325,3,1,2,6.0,178,2.966666666666667,0.0,0.0,neurofeedback,Subject_009,Session_001
70,0,LEFT,False,False,close_strong_early,False,194.0,134.0,302.31703204047216,134.0,0.5733558178752108,33,18,15,206.0,593,9.883333333333333,114.0,1.9,neurofeedback,Subject_009,Session_001
71,1,RIGHT,False,False,wrong_paddle,False,60.0,710.0,482.06666666666666,324.0,0.2777777777777778,17,8,9,46.0,270,4.5,0.0,0.0,neurofeedback,Subject_009,Session_001
72,0,LEFT,False,False,wrong_paddle,False,740.0,680.0,406.28662420382165,214.0,0.4554140127388535,7,0,7,126.0,314,5.233333333333333,0.0,0.0,neurofeedback,Subject_009,Session_001
73,1,RIGHT,True,False,hit,False,740.0,30.0,185.66165413533835,30.0,0.9699248120300752,21,1,20,340.0,266,4.433333333333334,8.0,0.13333333333333333,neurofeedback,Subject_009,Session_001
74,1,RIGHT,True,False,hit,False,740.0,30.0,199.0,30.0,1.0,4,0,4,340.0,178,2.966666666666667,0.0,0.0,neurofeedback,Subject_009,Session_001
75,1,RIGHT,True,False,hit,False,740.0,30.0,199.0,30.0,1.0,0,0,0,340.0,170,2.8333333333333335,0.0,0.0,neurofeedback,Subject_009,Session_001
76,1,RIGHT,False,False,wrong_paddle,True,60.0,710.0,438.9159663865546,260.0,0.3865546218487395,39,21,18,110.0,476,7.933333333333334,0.0,0.0,neurofeedback,Subject_009,Session_001
77,1,RIGHT,False,False,wrong_early,True,308.0,462.0,456.81081081081084,280.0,0.2905405405405405,39,29,10,90.0,592,9.866666666666667,0.0,0.0,neurofeedback,Subject_009,Session_001
78,1,RIGHT,False,False,close_weak_early,False,564.0,206.0,236.6161616161616,100.0,1.0,55,0,55,270.0,594,9.9,0.0,0.0,neurofeedback,Subject_009,Session_001
79,0,LEFT,False,False,wrong_paddle,False,740.0,680.0,405.64516129032256,224.0,0.4483870967741935,5,0,5,116.0,310,5.166666666666667,0.0,0.0,neurofeedback,Subject_009,Session_001
80,0,LEFT,False,False,close_strong_early,False,164.0,104.0,353.7878787878788,104.0,0.4882154882154882,51,29,22,236.0,594,9.9,282.0,4.7,neurofeedback,Subject_009,Session_001
81,0,LEFT,False,False,wrong_paddle,False,740.0,680.0,496.07070707070704,338.0,0.005050505050505051,10,10,0,2.0,198,3.3,0.0,0.0,neurofeedback,Subject_009,Session_001
82,1,RIGHT,False,False,wrong_paddle,True,60.0,710.0,544.2631578947369,372.0,0.0,18,18,0,0.0,228,3.8,,,neurofeedback,Subject_009,Session_001
83,0,LEFT,False,True,timeout_close_strong,False,126.0,66.0,166.5075630252101,54.0,1.0,50,0,50,286.0,595,9.916666666666666,0.0,0.0,neurofeedback,Subject_009,Session_001
84,1,RIGHT,True,False,hit,False,740.0,30.0,232.141592920354,30.0,0.9292035398230089,17,1,16,340.0,452,7.533333333333333,32.0,0.5333333333333333,neurofeedback,Subject_009,Session_001
85,1,RIGHT,False,False,wrong_paddle,True,204.0,566.0,484.4141414141414,236.0,0.23737373737373738,29,24,5,134.0,594,9.9,0.0,0.0,neurofeedback,Subject_009,Session_001
86,0,LEFT,False,False,wrong_paddle,False,740.0,680.0,510.0515463917526,342.0,0.0,4,4,0,0.0,194,3.2333333333333334,,,neurofeedback,Subject_009,Session_001
87,0,LEFT,True,False,hit,False,60.0,0.0,236.91935483870967,0.0,0.8528225806451613,11,2,9,340.0,496,8.266666666666667,4.0,0.06666666666666667,neurofeedback,Subject_009,Session_001
88,1,RIGHT,False,False,wrong_paddle,True,60.0,710.0,515.2538461538461,330.0,0.09423076923076923,33,28,5,40.0,520,8.666666666666666,0.0,0.0,neurofeedback,Subject_009,Session_001
89,0,LEFT,True,False,hit,False,60.0,0.0,170.37777777777777,0.0,1.0,4,0,4,340.0,180,3.0,0.0,0.0,neurofeedback,Subject_009,Session_001
90,1,RIGHT,True,False,hit,False,740.0,30.0,305.38993710691824,30.0,0.5471698113207547,19,17,2,340.0,318,5.3,144.0,2.4,neurofeedback,Subject_009,Session_001
91,0,LEFT,True,False,hit,False,60.0,0.0,352.9758064516129,0.0,0.40524193548387094,13,10,3,340.0,496,8.266666666666667,292.0,4.866666666666666,neurofeedback,Subject_009,Session_001
92,1,RIGHT,False,False,wrong_paddle,False,60.0,710.0,473.82089552238807,332.0,0.2947761194029851,15,2,13,38.0,268,4.466666666666667,0.0,0.0,neurofeedback,Subject_009,Session_001
93,1,RIGHT,True,False,hit,False,740.0,30.0,213.7792207792208,30.0,0.9805194805194806,25,1,24,340.0,308,5.133333333333334,6.0,0.1,neurofeedback,Subject_009,Session_001
94,0,LEFT,False,False,wrong_paddle,False,740.0,680.0,434.08,302.0,0.125,20,14,6,38.0,400,6.666666666666667,18.0,0.3,neurofeedback,Subject_009,Session_001
95,1,RIGHT,False,True,timeout_close_strong,False,662.0,108.0,271.37688442211055,108.0,0.7973199329983249,35,10,25,262.0,597,9.95,118.0,1.9666666666666666,neurofeedback,Subject_009,Session_001
96,1,RIGHT,False,True,timeout_close_strong,True,602.0,168.0,431.6716917922948,168.0,0.20100502512562815,37,30,7,202.0,597,9.95,276.0,4.6,neurofeedback,Subject_009,Session_001
97,1,RIGHT,False,True,timeout_close_weak,False,424.0,346.0,275.94983277591973,144.0,0.9498327759197325,43,8,35,226.0,598,9.966666666666667,0.0,0.0,neurofeedback,Subject_009,Session_001
98,0,LEFT,False,False,wrong_paddle,True,740.0,680.0,489.0603448275862,310.0,0.10991379310344827,24,17,7,30.0,464,7.733333333333333,126.0,2.1,neurofeedback,Subject_009,Session_001
99,0,LEFT,True,False,hit,False,60.0,0.0,165.39669421487602,0.0,0.9710743801652892,14,3,11,340.0,242,4.033333333333333,0.0,0.0,neurofeedback,Subject_009,Session_001
